trip_id,kode_kendaraan,hari,waktu,latitude,longitude,kecepatan_kmh,jarak_km
1,K-04,Senin,2025-03-03 04:48:00,-6.120401,106.184492,15.0,0.3277
1,K-04,Senin,2025-03-03 04:48:30,-6.120006,106.18302,34.0,0.3277
1,K-04,Senin,2025-03-03 04:49:01,-6.119611,106.181548,38.1,0.3277
1,K-04,Senin,2025-03-03 04:49:31,-6.11819,106.181962,33.4,0.3277
1,K-04,Senin,2025-03-03 04:50:02,-6.116769,106.182376,35.6,0.3277
1,K-04,Senin,2025-03-03 04:50:33,-6.11523,106.183165,39.1,0.3277
1,K-04,Senin,2025-03-03 04:51:03,-6.113691,106.183954,33.3,0.3277
1,K-04,Senin,2025-03-03 04:51:34,-6.112462,106.182965,35.4,0.3277
1,K-04,Senin,2025-03-03 04:52:05,-6.111233,106.181977,40.8,0.3277
1,K-04,Senin,2025-03-03 04:52:35,-6.107071,106.178041,39.5,0.3277
1,K-04,Senin,2025-03-03 04:53:06,-6.10291,106.174104,35.6,0.3277
1,K-04,Senin,2025-03-03 04:53:36,-6.101555,106.172775,40.1,0.3277
1,K-04,Senin,2025-03-03 04:54:07,-6.100201,106.171446,42.7,0.3277
1,K-04,Senin,2025-03-03 04:54:38,-6.099287,106.170243,33.1,0.3277
1,K-04,Senin,2025-03-03 04:55:08,-6.098373,106.169039,42.7,0.3277
1,K-04,Senin,2025-03-03 04:55:39,-6.097544,106.167923,41.4,0.3277
1,K-04,Senin,2025-03-03 04:56:10,-6.096714,106.166806,37.1,0.3277
1,K-04,Senin,2025-03-03 04:56:40,-6.095384,106.164179,34.9,0.3277
1,K-04,Senin,2025-03-03 04:57:11,-6.094054,106.161552,44.5,0.3277
1,K-04,Senin,2025-03-03 04:57:41,-6.090362,106.150789,37.0,0.3277
1,K-04,Senin,2025-03-03 04:58:12,-6.086671,106.140026,34.1,0.3277
1,K-04,Senin,2025-03-03 04:58:43,-6.086009,106.138655,34.2,0.3277
1,K-04,Senin,2025-03-03 04:59:13,-6.085348,106.137283,43.2,0.3277
1,K-04,Senin,2025-03-03 04:59:44,-6.084086,106.135965,40.2,0.3277
1,K-04,Senin,2025-03-03 05:00:15,-6.082823,106.134648,42.7,0.3277
1,K-04,Senin,2025-03-03 05:00:45,-6.071108,106.128433,41.8,0.3277
1,K-04,Senin,2025-03-03 05:01:16,-6.059393,106.122219,39.4,0.3277
1,K-04,Senin,2025-03-03 05:01:46,-6.055872,106.120039,44.7,0.3277
1,K-04,Senin,2025-03-03 05:02:17,-6.052352,106.11786,37.5,0.3277
1,K-04,Senin,2025-03-03 05:02:48,-6.050965,106.116649,39.6,0.3277
1,K-04,Senin,2025-03-03 05:03:18,-6.049578,106.115439,43.0,0.3277
1,K-04,Senin,2025-03-03 05:03:49,-6.046235,106.111776,40.4,0.3277
1,K-04,Senin,2025-03-03 05:04:20,-6.042891,106.108113,43.3,0.3277
1,K-04,Senin,2025-03-03 05:04:50,-6.041576,106.106827,39.9,0.3277
1,K-04,Senin,2025-03-03 05:05:21,-6.04026,106.10554,41.5,0.3277
1,K-04,Senin,2025-03-03 05:05:51,-6.037822,106.10378,33.5,0.3277
1,K-04,Senin,2025-03-03 05:06:22,-6.035384,106.102019,35.7,0.3277
1,K-04,Senin,2025-03-03 05:06:53,-6.031515,106.099596,36.5,0.3277
1,K-04,Senin,2025-03-03 05:07:23,-6.027647,106.097174,34.0,0.3277
1,K-04,Senin,2025-03-03 05:07:54,-6.025531,106.095443,35.8,0.3277
1,K-04,Senin,2025-03-03 05:08:25,-6.023414,106.093712,34.2,0.3277
1,K-04,Senin,2025-03-03 05:08:55,-6.022845,106.092225,36.3,0.3277
1,K-04,Senin,2025-03-03 05:09:26,-6.022276,106.090738,40.6,0.3277
1,K-04,Senin,2025-03-03 05:09:57,-6.02324,106.089192,37.4,0.3277
1,K-04,Senin,2025-03-03 05:10:27,-6.024204,106.087646,37.4,0.3277
1,K-04,Senin,2025-03-03 05:10:58,-6.02497,106.086703,35.5,0.3277
1,K-04,Senin,2025-03-03 05:11:28,-6.025735,106.085761,36.2,0.3277
1,K-04,Senin,2025-03-03 05:11:59,-6.028745,106.085247,44.2,0.3277
1,K-04,Senin,2025-03-03 05:12:30,-6.031754,106.084733,40.8,0.3277
1,K-04,Senin,2025-03-03 05:13:00,-6.032953,106.083847,40.3,0.3277
1,K-04,Senin,2025-03-03 05:13:31,-6.034152,106.082962,35.1,0.3277
1,K-04,Senin,2025-03-03 05:14:02,-6.033387,106.081626,41.7,0.3277
1,K-04,Senin,2025-03-03 05:14:32,-6.032623,106.080289,35.0,0.3277
1,K-04,Senin,2025-03-03 05:15:03,-6.031683,106.079026,37.6,0.3277
1,K-04,Senin,2025-03-03 05:15:33,-6.030743,106.077762,44.9,0.3277
1,K-04,Senin,2025-03-03 05:16:04,-6.027209,106.072342,40.7,0.3277
1,K-04,Senin,2025-03-03 05:16:35,-6.023674,106.066922,39.7,0.3277
1,K-04,Senin,2025-03-03 05:17:05,-6.022251,106.064022,41.2,0.3277
1,K-04,Senin,2025-03-03 05:17:36,-6.020827,106.061123,43.1,0.3277
1,K-04,Senin,2025-03-03 05:18:07,-6.018808,106.056438,42.3,0.3277
1,K-04,Senin,2025-03-03 05:18:37,-6.016789,106.051754,35.7,0.3277
1,K-04,Senin,2025-03-03 05:19:08,-6.016001,106.050271,33.4,0.3277
1,K-04,Senin,2025-03-03 05:19:38,-6.015214,106.048787,36.8,0.3277
1,K-04,Senin,2025-03-03 05:20:09,-6.013647,106.046452,36.2,0.3277
1,K-04,Senin,2025-03-03 05:20:40,-6.012079,106.044116,35.5,0.3277
1,K-04,Senin,2025-03-03 05:21:10,-6.011188,106.043044,44.3,0.3277
1,K-04,Senin,2025-03-03 05:21:41,-6.010297,106.041972,43.5,0.3277
1,K-04,Senin,2025-03-03 05:22:12,-6.008942,106.0413,36.8,0.3277
1,K-04,Senin,2025-03-03 05:22:42,-6.007588,106.040627,40.9,0.3277
1,K-04,Senin,2025-03-03 05:23:13,-6.001115,106.036017,37.7,0.3277
1,K-04,Senin,2025-03-03 05:23:43,-5.994642,106.031408,44.0,0.3277
1,K-04,Senin,2025-03-03 05:24:14,-5.994061,106.030219,38.5,0.3277
1,K-04,Senin,2025-03-03 05:24:45,-5.99348,106.02903,36.2,0.3277
1,K-04,Senin,2025-03-03 05:25:15,-5.994473,106.028137,36.0,0.3277
1,K-04,Senin,2025-03-03 05:25:46,-5.995467,106.027244,39.7,0.3277
1,K-04,Senin,2025-03-03 05:26:17,-5.995702,106.025915,36.2,0.3277
1,K-04,Senin,2025-03-03 05:26:47,-5.995937,106.024587,40.0,0.3277
1,K-04,Senin,2025-03-03 05:27:18,-5.99672,106.023599,43.8,0.3277
1,K-04,Senin,2025-03-03 05:27:48,-5.997503,106.022612,37.8,0.3277
1,K-04,Senin,2025-03-03 05:28:19,-5.999339,106.022582,35.6,0.3277
1,K-04,Senin,2025-03-03 05:28:50,-6.001174,106.022552,45.0,0.3277
1,K-04,Senin,2025-03-03 05:29:20,-6.001934,106.023665,39.1,0.3277
1,K-04,Senin,2025-03-03 05:29:51,-6.002694,106.024778,34.1,0.3277
1,K-04,Senin,2025-03-03 05:30:22,-6.002762,106.025294,33.6,0.3277
1,K-04,Senin,2025-03-03 05:30:52,-6.00283,106.02581,34.3,0.3277
1,K-04,Senin,2025-03-03 05:31:23,-6.00286,106.025299,40.5,0.3277
1,K-04,Senin,2025-03-03 05:31:54,-6.00289,106.024787,0.0,0.3277
2,K-04,Senin,2025-03-03 10:05:00,-6.00289,106.024787,15.0,0.3301
2,K-04,Senin,2025-03-03 10:05:38,-6.00286,106.025299,31.7,0.3301
2,K-04,Senin,2025-03-03 10:06:16,-6.00283,106.02581,37.1,0.3301
2,K-04,Senin,2025-03-03 10:06:54,-6.002762,106.025294,35.7,0.3301
2,K-04,Senin,2025-03-03 10:07:33,-6.002694,106.024778,25.5,0.3301
2,K-04,Senin,2025-03-03 10:08:11,-6.001934,106.023665,34.0,0.3301
2,K-04,Senin,2025-03-03 10:08:49,-6.001174,106.022552,33.6,0.3301
2,K-04,Senin,2025-03-03 10:09:28,-5.999339,106.022582,31.8,0.3301
2,K-04,Senin,2025-03-03 10:10:06,-5.997503,106.022612,28.6,0.3301
2,K-04,Senin,2025-03-03 10:10:44,-5.99672,106.023599,33.1,0.3301
2,K-04,Senin,2025-03-03 10:11:23,-5.995937,106.024587,26.7,0.3301
2,K-04,Senin,2025-03-03 10:12:01,-5.995702,106.025915,30.6,0.3301
2,K-04,Senin,2025-03-03 10:12:39,-5.995467,106.027244,30.8,0.3301
2,K-04,Senin,2025-03-03 10:13:17,-5.994473,106.028137,36.8,0.3301
2,K-04,Senin,2025-03-03 10:13:56,-5.99348,106.02903,35.9,0.3301
2,K-04,Senin,2025-03-03 10:14:34,-5.994061,106.030219,28.6,0.3301
2,K-04,Senin,2025-03-03 10:15:12,-5.994642,106.031408,31.4,0.3301
2,K-04,Senin,2025-03-03 10:15:51,-6.001115,106.036017,27.5,0.3301
2,K-04,Senin,2025-03-03 10:16:29,-6.007588,106.040627,36.4,0.3301
2,K-04,Senin,2025-03-03 10:17:07,-6.008942,106.0413,35.8,0.3301
2,K-04,Senin,2025-03-03 10:17:46,-6.010297,106.041972,29.0,0.3301
2,K-04,Senin,2025-03-03 10:18:24,-6.011188,106.043044,33.1,0.3301
2,K-04,Senin,2025-03-03 10:19:02,-6.012079,106.044116,32.7,0.3301
2,K-04,Senin,2025-03-03 10:19:40,-6.013647,106.046452,27.2,0.3301
2,K-04,Senin,2025-03-03 10:20:19,-6.015214,106.048787,34.6,0.3301
2,K-04,Senin,2025-03-03 10:20:57,-6.016001,106.050271,31.9,0.3301
2,K-04,Senin,2025-03-03 10:21:35,-6.016789,106.051754,34.7,0.3301
2,K-04,Senin,2025-03-03 10:22:14,-6.018808,106.056438,31.8,0.3301
2,K-04,Senin,2025-03-03 10:22:52,-6.020827,106.061123,25.4,0.3301
2,K-04,Senin,2025-03-03 10:23:30,-6.022251,106.064022,29.3,0.3301
2,K-04,Senin,2025-03-03 10:24:09,-6.023674,106.066922,25.6,0.3301
2,K-04,Senin,2025-03-03 10:24:47,-6.027209,106.072342,36.5,0.3301
2,K-04,Senin,2025-03-03 10:25:25,-6.030743,106.077762,35.9,0.3301
2,K-04,Senin,2025-03-03 10:26:03,-6.031683,106.079026,35.4,0.3301
2,K-04,Senin,2025-03-03 10:26:42,-6.032623,106.080289,29.1,0.3301
2,K-04,Senin,2025-03-03 10:27:20,-6.033387,106.081626,26.1,0.3301
2,K-04,Senin,2025-03-03 10:27:58,-6.034152,106.082962,35.9,0.3301
2,K-04,Senin,2025-03-03 10:28:37,-6.032953,106.083847,36.8,0.3301
2,K-04,Senin,2025-03-03 10:29:15,-6.031754,106.084733,26.4,0.3301
2,K-04,Senin,2025-03-03 10:29:53,-6.028745,106.085247,31.2,0.3301
2,K-04,Senin,2025-03-03 10:30:32,-6.025735,106.085761,26.2,0.3301
2,K-04,Senin,2025-03-03 10:31:10,-6.02497,106.086703,34.5,0.3301
2,K-04,Senin,2025-03-03 10:31:48,-6.024204,106.087646,34.6,0.3301
2,K-04,Senin,2025-03-03 10:32:27,-6.02324,106.089192,26.9,0.3301
2,K-04,Senin,2025-03-03 10:33:05,-6.022276,106.090738,31.1,0.3301
2,K-04,Senin,2025-03-03 10:33:43,-6.022845,106.092225,32.0,0.3301
2,K-04,Senin,2025-03-03 10:34:21,-6.023414,106.093712,28.6,0.3301
2,K-04,Senin,2025-03-03 10:35:00,-6.025531,106.095443,35.9,0.3301
2,K-04,Senin,2025-03-03 10:35:38,-6.027647,106.097174,30.5,0.3301
2,K-04,Senin,2025-03-03 10:36:16,-6.031515,106.099596,27.9,0.3301
2,K-04,Senin,2025-03-03 10:36:55,-6.035384,106.102019,31.9,0.3301
2,K-04,Senin,2025-03-03 10:37:33,-6.037822,106.10378,34.2,0.3301
2,K-04,Senin,2025-03-03 10:38:11,-6.04026,106.10554,27.8,0.3301
2,K-04,Senin,2025-03-03 10:38:50,-6.041576,106.106827,29.1,0.3301
2,K-04,Senin,2025-03-03 10:39:28,-6.042891,106.108113,37.3,0.3301
2,K-04,Senin,2025-03-03 10:40:06,-6.046235,106.111776,33.2,0.3301
2,K-04,Senin,2025-03-03 10:40:44,-6.049578,106.115439,30.7,0.3301
2,K-04,Senin,2025-03-03 10:41:23,-6.050965,106.116649,31.6,0.3301
2,K-04,Senin,2025-03-03 10:42:01,-6.052352,106.11786,26.9,0.3301
2,K-04,Senin,2025-03-03 10:42:39,-6.055872,106.120039,28.1,0.3301
2,K-04,Senin,2025-03-03 10:43:18,-6.059393,106.122219,29.5,0.3301
2,K-04,Senin,2025-03-03 10:43:56,-6.071108,106.128433,32.5,0.3301
2,K-04,Senin,2025-03-03 10:44:34,-6.082823,106.134648,28.2,0.3301
2,K-04,Senin,2025-03-03 10:45:13,-6.084086,106.135965,28.0,0.3301
2,K-04,Senin,2025-03-03 10:45:51,-6.085348,106.137283,26.3,0.3301
2,K-04,Senin,2025-03-03 10:46:29,-6.086009,106.138655,33.0,0.3301
2,K-04,Senin,2025-03-03 10:47:07,-6.086671,106.140026,28.1,0.3301
2,K-04,Senin,2025-03-03 10:47:46,-6.090362,106.150789,36.3,0.3301
2,K-04,Senin,2025-03-03 10:48:24,-6.094054,106.161552,35.7,0.3301
2,K-04,Senin,2025-03-03 10:49:02,-6.095384,106.164179,26.3,0.3301
2,K-04,Senin,2025-03-03 10:49:41,-6.096714,106.166806,28.3,0.3301
2,K-04,Senin,2025-03-03 10:50:19,-6.097544,106.167923,33.4,0.3301
2,K-04,Senin,2025-03-03 10:50:57,-6.098373,106.169039,28.0,0.3301
2,K-04,Senin,2025-03-03 10:51:36,-6.099287,106.170243,27.0,0.3301
2,K-04,Senin,2025-03-03 10:52:14,-6.100201,106.171446,36.6,0.3301
2,K-04,Senin,2025-03-03 10:52:52,-6.101555,106.172775,32.3,0.3301
2,K-04,Senin,2025-03-03 10:53:30,-6.10291,106.174104,31.1,0.3301
2,K-04,Senin,2025-03-03 10:54:09,-6.107071,106.178041,34.8,0.3301
2,K-04,Senin,2025-03-03 10:54:47,-6.111233,106.181977,35.1,0.3301
2,K-04,Senin,2025-03-03 10:55:25,-6.112462,106.182965,27.7,0.3301
2,K-04,Senin,2025-03-03 10:56:04,-6.113691,106.183954,26.6,0.3301
2,K-04,Senin,2025-03-03 10:56:42,-6.11523,106.183165,30.6,0.3301
2,K-04,Senin,2025-03-03 10:57:20,-6.116769,106.182376,30.5,0.3301
2,K-04,Senin,2025-03-03 10:57:59,-6.11819,106.181962,31.0,0.3301
2,K-04,Senin,2025-03-03 10:58:37,-6.119611,106.181548,34.1,0.3301
2,K-04,Senin,2025-03-03 10:59:15,-6.120006,106.18302,33.5,0.3301
2,K-04,Senin,2025-03-03 10:59:54,-6.120401,106.184492,0.0,0.3301
3,K-04,Senin,2025-03-03 16:48:00,-6.00289,106.024787,15.0,0.3309
3,K-04,Senin,2025-03-03 16:49:14,-6.00286,106.025299,13.1,0.3309
3,K-04,Senin,2025-03-03 16:50:29,-6.00283,106.02581,12.4,0.3309
3,K-04,Senin,2025-03-03 16:51:44,-6.002762,106.025294,15.5,0.3309
3,K-04,Senin,2025-03-03 16:52:59,-6.002694,106.024778,15.2,0.3309
3,K-04,Senin,2025-03-03 16:54:14,-6.001934,106.023665,13.4,0.3309
3,K-04,Senin,2025-03-03 16:55:29,-6.001174,106.022552,13.1,0.3309
3,K-04,Senin,2025-03-03 16:56:44,-5.999339,106.022582,21.2,0.3309
3,K-04,Senin,2025-03-03 16:57:59,-5.997503,106.022612,15.4,0.3309
3,K-04,Senin,2025-03-03 16:59:14,-5.99672,106.023599,20.4,0.3309
3,K-04,Senin,2025-03-03 17:00:29,-5.995937,106.024587,16.7,0.3309
3,K-04,Senin,2025-03-03 17:01:44,-5.995702,106.025915,10.7,0.3309
3,K-04,Senin,2025-03-03 17:02:59,-5.995467,106.027244,22.1,0.3309
3,K-04,Senin,2025-03-03 17:04:14,-5.994473,106.028137,20.1,0.3309
3,K-04,Senin,2025-03-03 17:05:29,-5.99348,106.02903,21.7,0.3309
3,K-04,Senin,2025-03-03 17:06:43,-5.994061,106.030219,21.2,0.3309
3,K-04,Senin,2025-03-03 17:07:58,-5.994642,106.031408,20.3,0.3309
3,K-04,Senin,2025-03-03 17:09:13,-6.001115,106.036017,12.1,0.3309
3,K-04,Senin,2025-03-03 17:10:28,-6.007588,106.040627,15.9,0.3309
3,K-04,Senin,2025-03-03 17:11:43,-6.008942,106.0413,12.7,0.3309
3,K-04,Senin,2025-03-03 17:12:58,-6.010297,106.041972,14.9,0.3309
3,K-04,Senin,2025-03-03 17:14:13,-6.011188,106.043044,10.8,0.3309
3,K-04,Senin,2025-03-03 17:15:28,-6.012079,106.044116,14.6,0.3309
3,K-04,Senin,2025-03-03 17:16:43,-6.013647,106.046452,21.9,0.3309
3,K-04,Senin,2025-03-03 17:17:58,-6.015214,106.048787,13.3,0.3309
3,K-04,Senin,2025-03-03 17:19:13,-6.016001,106.050271,19.5,0.3309
3,K-04,Senin,2025-03-03 17:20:28,-6.016789,106.051754,15.6,0.3309
3,K-04,Senin,2025-03-03 17:21:43,-6.018808,106.056438,15.2,0.3309
3,K-04,Senin,2025-03-03 17:22:58,-6.020827,106.061123,21.6,0.3309
3,K-04,Senin,2025-03-03 17:24:12,-6.022251,106.064022,22.0,0.3309
3,K-04,Senin,2025-03-03 17:25:27,-6.023674,106.066922,16.8,0.3309
3,K-04,Senin,2025-03-03 17:26:42,-6.027209,106.072342,18.7,0.3309
3,K-04,Senin,2025-03-03 17:27:57,-6.030743,106.077762,12.0,0.3309
3,K-04,Senin,2025-03-03 17:29:12,-6.031683,106.079026,13.7,0.3309
3,K-04,Senin,2025-03-03 17:30:27,-6.032623,106.080289,21.7,0.3309
3,K-04,Senin,2025-03-03 17:31:42,-6.033387,106.081626,17.1,0.3309
3,K-04,Senin,2025-03-03 17:32:57,-6.034152,106.082962,16.6,0.3309
3,K-04,Senin,2025-03-03 17:34:12,-6.032953,106.083847,19.1,0.3309
3,K-04,Senin,2025-03-03 17:35:27,-6.031754,106.084733,10.8,0.3309
3,K-04,Senin,2025-03-03 17:36:42,-6.028745,106.085247,17.1,0.3309
3,K-04,Senin,2025-03-03 17:37:57,-6.025735,106.085761,16.1,0.3309
3,K-04,Senin,2025-03-03 17:39:12,-6.02497,106.086703,20.3,0.3309
3,K-04,Senin,2025-03-03 17:40:27,-6.024204,106.087646,12.0,0.3309
3,K-04,Senin,2025-03-03 17:41:42,-6.02324,106.089192,21.6,0.3309
3,K-04,Senin,2025-03-03 17:42:56,-6.022276,106.090738,11.1,0.3309
3,K-04,Senin,2025-03-03 17:44:11,-6.022845,106.092225,12.3,0.3309
3,K-04,Senin,2025-03-03 17:45:26,-6.023414,106.093712,17.2,0.3309
3,K-04,Senin,2025-03-03 17:46:41,-6.025531,106.095443,18.2,0.3309
3,K-04,Senin,2025-03-03 17:47:56,-6.027647,106.097174,12.9,0.3309
3,K-04,Senin,2025-03-03 17:49:11,-6.031515,106.099596,11.5,0.3309
3,K-04,Senin,2025-03-03 17:50:26,-6.035384,106.102019,20.8,0.3309
3,K-04,Senin,2025-03-03 17:51:41,-6.037822,106.10378,13.1,0.3309
3,K-04,Senin,2025-03-03 17:52:56,-6.04026,106.10554,17.2,0.3309
3,K-04,Senin,2025-03-03 17:54:11,-6.041576,106.106827,17.5,0.3309
3,K-04,Senin,2025-03-03 17:55:26,-6.042891,106.108113,15.1,0.3309
3,K-04,Senin,2025-03-03 17:56:41,-6.046235,106.111776,17.1,0.3309
3,K-04,Senin,2025-03-03 17:57:56,-6.049578,106.115439,16.4,0.3309
3,K-04,Senin,2025-03-03 17:59:11,-6.050965,106.116649,21.3,0.3309
3,K-04,Senin,2025-03-03 18:00:25,-6.052352,106.11786,12.6,0.3309
3,K-04,Senin,2025-03-03 18:01:40,-6.055872,106.120039,18.7,0.3309
3,K-04,Senin,2025-03-03 18:02:55,-6.059393,106.122219,13.0,0.3309
3,K-04,Senin,2025-03-03 18:04:10,-6.071108,106.128433,14.8,0.3309
3,K-04,Senin,2025-03-03 18:05:25,-6.082823,106.134648,18.2,0.3309
3,K-04,Senin,2025-03-03 18:06:40,-6.084086,106.135965,13.7,0.3309
3,K-04,Senin,2025-03-03 18:07:55,-6.085348,106.137283,13.9,0.3309
3,K-04,Senin,2025-03-03 18:09:10,-6.086009,106.138655,19.1,0.3309
3,K-04,Senin,2025-03-03 18:10:25,-6.086671,106.140026,11.0,0.3309
3,K-04,Senin,2025-03-03 18:11:40,-6.090362,106.150789,15.6,0.3309
3,K-04,Senin,2025-03-03 18:12:55,-6.094054,106.161552,22.1,0.3309
3,K-04,Senin,2025-03-03 18:14:10,-6.095384,106.164179,22.1,0.3309
3,K-04,Senin,2025-03-03 18:15:25,-6.096714,106.166806,11.0,0.3309
3,K-04,Senin,2025-03-03 18:16:40,-6.097544,106.167923,12.7,0.3309
3,K-04,Senin,2025-03-03 18:17:54,-6.098373,106.169039,13.3,0.3309
3,K-04,Senin,2025-03-03 18:19:09,-6.099287,106.170243,21.3,0.3309
3,K-04,Senin,2025-03-03 18:20:24,-6.100201,106.171446,20.7,0.3309
3,K-04,Senin,2025-03-03 18:21:39,-6.101555,106.172775,20.7,0.3309
3,K-04,Senin,2025-03-03 18:22:54,-6.10291,106.174104,14.5,0.3309
3,K-04,Senin,2025-03-03 18:24:09,-6.107071,106.178041,12.0,0.3309
3,K-04,Senin,2025-03-03 18:25:24,-6.111233,106.181977,20.1,0.3309
3,K-04,Senin,2025-03-03 18:26:39,-6.112462,106.182965,18.5,0.3309
3,K-04,Senin,2025-03-03 18:27:54,-6.113691,106.183954,17.4,0.3309
3,K-04,Senin,2025-03-03 18:29:09,-6.11523,106.183165,21.9,0.3309
3,K-04,Senin,2025-03-03 18:30:24,-6.116769,106.182376,17.9,0.3309
3,K-04,Senin,2025-03-03 18:31:39,-6.11819,106.181962,10.2,0.3309
3,K-04,Senin,2025-03-03 18:32:54,-6.119611,106.181548,19.9,0.3309
3,K-04,Senin,2025-03-03 18:34:09,-6.120006,106.18302,13.7,0.3309
3,K-04,Senin,2025-03-03 18:35:24,-6.120401,106.184492,0.0,0.3309
4,K-07,Senin,2025-03-03 04:48:00,-6.120401,106.184492,15.0,0.3537
4,K-07,Senin,2025-03-03 04:48:33,-6.120449,106.182988,40.8,0.3537
4,K-07,Senin,2025-03-03 04:49:07,-6.120497,106.181485,34.6,0.3537
4,K-07,Senin,2025-03-03 04:49:40,-6.119015,106.181689,39.8,0.3537
4,K-07,Senin,2025-03-03 04:50:14,-6.117534,106.181893,35.4,0.3537
4,K-07,Senin,2025-03-03 04:50:48,-6.116447,106.18275,38.1,0.3537
4,K-07,Senin,2025-03-03 04:51:21,-6.115361,106.183607,43.1,0.3537
4,K-07,Senin,2025-03-03 04:51:55,-6.114493,106.183838,42.4,0.3537
4,K-07,Senin,2025-03-03 04:52:28,-6.113625,106.184069,33.3,0.3537
4,K-07,Senin,2025-03-03 04:53:02,-6.109409,106.180187,37.3,0.3537
4,K-07,Senin,2025-03-03 04:53:36,-6.105193,106.176306,35.5,0.3537
4,K-07,Senin,2025-03-03 04:54:09,-6.100575,106.170921,32.2,0.3537
4,K-07,Senin,2025-03-03 04:54:43,-6.095958,106.165536,41.5,0.3537
4,K-07,Senin,2025-03-03 04:55:16,-6.093378,106.158769,39.8,0.3537
4,K-07,Senin,2025-03-03 04:55:50,-6.090798,106.152001,35.3,0.3537
4,K-07,Senin,2025-03-03 04:56:24,-6.088704,106.145865,41.1,0.3537
4,K-07,Senin,2025-03-03 04:56:57,-6.08661,106.139728,38.8,0.3537
4,K-07,Senin,2025-03-03 04:57:31,-6.081891,106.135638,37.3,0.3537
4,K-07,Senin,2025-03-03 04:58:05,-6.077171,106.131547,32.3,0.3537
4,K-07,Senin,2025-03-03 04:58:38,-6.067851,106.126623,33.1,0.3537
4,K-07,Senin,2025-03-03 04:59:12,-6.058531,106.1217,42.8,0.3537
4,K-07,Senin,2025-03-03 04:59:45,-6.054898,106.119329,43.0,0.3537
4,K-07,Senin,2025-03-03 05:00:19,-6.051265,106.116959,38.7,0.3537
4,K-07,Senin,2025-03-03 05:00:53,-6.047156,106.112505,42.2,0.3537
4,K-07,Senin,2025-03-03 05:01:26,-6.043048,106.108051,39.2,0.3537
4,K-07,Senin,2025-03-03 05:02:00,-6.039813,106.105373,34.0,0.3537
4,K-07,Senin,2025-03-03 05:02:33,-6.036578,106.102696,33.7,0.3537
4,K-07,Senin,2025-03-03 05:03:07,-6.030036,106.098298,35.9,0.3537
4,K-07,Senin,2025-03-03 05:03:41,-6.023493,106.093901,43.0,0.3537
4,K-07,Senin,2025-03-03 05:04:14,-6.022763,106.093069,41.8,0.3537
4,K-07,Senin,2025-03-03 05:04:48,-6.022034,106.092237,42.5,0.3537
4,K-07,Senin,2025-03-03 05:05:21,-6.022133,106.091267,43.0,0.3537
4,K-07,Senin,2025-03-03 05:05:55,-6.022233,106.090297,34.7,0.3537
4,K-07,Senin,2025-03-03 05:06:29,-6.023358,106.088664,35.2,0.3537
4,K-07,Senin,2025-03-03 05:07:02,-6.024483,106.087031,33.4,0.3537
4,K-07,Senin,2025-03-03 05:07:36,-6.025137,106.086275,41.6,0.3537
4,K-07,Senin,2025-03-03 05:08:10,-6.025791,106.085519,42.8,0.3537
4,K-07,Senin,2025-03-03 05:08:43,-6.028265,106.085363,37.1,0.3537
4,K-07,Senin,2025-03-03 05:09:17,-6.03074,106.085206,39.6,0.3537
4,K-07,Senin,2025-03-03 05:09:50,-6.031801,106.08464,34.1,0.3537
4,K-07,Senin,2025-03-03 05:10:24,-6.032862,106.084073,43.4,0.3537
4,K-07,Senin,2025-03-03 05:10:58,-6.033632,106.083619,42.6,0.3537
4,K-07,Senin,2025-03-03 05:11:31,-6.034402,106.083165,43.9,0.3537
4,K-07,Senin,2025-03-03 05:12:05,-6.033392,106.081554,41.9,0.3537
4,K-07,Senin,2025-03-03 05:12:38,-6.032382,106.079943,42.8,0.3537
4,K-07,Senin,2025-03-03 05:13:12,-6.030944,106.077923,32.5,0.3537
4,K-07,Senin,2025-03-03 05:13:46,-6.029506,106.075904,41.0,0.3537
4,K-07,Senin,2025-03-03 05:14:19,-6.027943,106.073596,36.2,0.3537
4,K-07,Senin,2025-03-03 05:14:53,-6.02638,106.071289,43.4,0.3537
4,K-07,Senin,2025-03-03 05:15:26,-6.024512,106.068114,41.8,0.3537
4,K-07,Senin,2025-03-03 05:16:00,-6.022644,106.064939,42.6,0.3537
4,K-07,Senin,2025-03-03 05:16:34,-6.020935,106.060982,41.9,0.3537
4,K-07,Senin,2025-03-03 05:17:07,-6.019226,106.057025,35.4,0.3537
4,K-07,Senin,2025-03-03 05:17:41,-6.017736,106.053745,41.6,0.3537
4,K-07,Senin,2025-03-03 05:18:15,-6.016247,106.050465,33.5,0.3537
4,K-07,Senin,2025-03-03 05:18:48,-6.014927,106.048385,42.7,0.3537
4,K-07,Senin,2025-03-03 05:19:22,-6.013608,106.046306,42.5,0.3537
4,K-07,Senin,2025-03-03 05:19:55,-6.013208,106.045749,34.9,0.3537
4,K-07,Senin,2025-03-03 05:20:29,-6.012807,106.045191,42.0,0.3537
4,K-07,Senin,2025-03-03 05:21:03,-6.012175,106.043406,37.7,0.3537
4,K-07,Senin,2025-03-03 05:21:36,-6.011543,106.041621,35.9,0.3537
4,K-07,Senin,2025-03-03 05:22:10,-6.01086,106.037239,41.7,0.3537
4,K-07,Senin,2025-03-03 05:22:43,-6.010176,106.032856,34.9,0.3537
4,K-07,Senin,2025-03-03 05:23:17,-6.009626,106.028951,32.5,0.3537
4,K-07,Senin,2025-03-03 05:23:51,-6.009075,106.025045,34.5,0.3537
4,K-07,Senin,2025-03-03 05:24:24,-6.009984,106.021793,36.1,0.3537
4,K-07,Senin,2025-03-03 05:24:58,-6.010892,106.01854,42.6,0.3537
4,K-07,Senin,2025-03-03 05:25:31,-6.011474,106.0155,43.8,0.3537
4,K-07,Senin,2025-03-03 05:26:05,-6.012056,106.01246,35.5,0.3537
4,K-07,Senin,2025-03-03 05:26:39,-6.012134,106.009563,39.9,0.3537
4,K-07,Senin,2025-03-03 05:27:12,-6.012211,106.006667,37.0,0.3537
4,K-07,Senin,2025-03-03 05:27:46,-6.01184,106.003198,44.0,0.3537
4,K-07,Senin,2025-03-03 05:28:20,-6.01147,105.99973,38.6,0.3537
4,K-07,Senin,2025-03-03 05:28:53,-6.010867,105.996921,43.5,0.3537
4,K-07,Senin,2025-03-03 05:29:27,-6.010265,105.994113,33.6,0.3537
4,K-07,Senin,2025-03-03 05:30:00,-6.011052,105.988977,43.8,0.3537
4,K-07,Senin,2025-03-03 05:30:34,-6.01184,105.983841,34.3,0.3537
4,K-07,Senin,2025-03-03 05:31:08,-6.013607,105.980132,43.8,0.3537
4,K-07,Senin,2025-03-03 05:31:41,-6.015375,105.976423,35.4,0.3537
4,K-07,Senin,2025-03-03 05:32:15,-6.016651,105.973485,33.5,0.3537
4,K-07,Senin,2025-03-03 05:32:48,-6.017927,105.970547,37.4,0.3537
4,K-07,Senin,2025-03-03 05:33:22,-6.018326,105.969919,40.9,0.3537
4,K-07,Senin,2025-03-03 05:33:56,-6.018725,105.969291,36.0,0.3537
4,K-07,Senin,2025-03-03 05:34:29,-6.02085,105.967025,39.5,0.3537
4,K-07,Senin,2025-03-03 05:35:03,-6.022975,105.964758,38.3,0.3537
4,K-07,Senin,2025-03-03 05:35:36,-6.023462,105.963127,36.8,0.3537
4,K-07,Senin,2025-03-03 05:36:10,-6.023949,105.961495,39.1,0.3537
4,K-07,Senin,2025-03-03 05:36:44,-6.023233,105.958851,35.3,0.3537
4,K-07,Senin,2025-03-03 05:37:17,-6.022516,105.956207,40.7,0.3537
4,K-07,Senin,2025-03-03 05:37:51,-6.02342,105.953825,32.2,0.3537
4,K-07,Senin,2025-03-03 05:38:25,-6.024323,105.951444,43.3,0.3537
4,K-07,Senin,2025-03-03 05:38:58,-6.025311,105.950308,38.7,0.3537
4,K-07,Senin,2025-03-03 05:39:32,-6.0263,105.949172,40.8,0.3537
4,K-07,Senin,2025-03-03 05:40:05,-6.028849,105.945886,41.1,0.3537
4,K-07,Senin,2025-03-03 05:40:39,-6.031397,105.9426,40.2,0.3537
4,K-07,Senin,2025-03-03 05:41:13,-6.033191,105.939526,36.6,0.3537
4,K-07,Senin,2025-03-03 05:41:46,-6.034985,105.936452,33.0,0.3537
4,K-07,Senin,2025-03-03 05:42:20,-6.036134,105.933928,40.2,0.3537
4,K-07,Senin,2025-03-03 05:42:53,-6.037284,105.931403,36.2,0.3537
4,K-07,Senin,2025-03-03 05:43:27,-6.038605,105.929077,36.0,0.3537
4,K-07,Senin,2025-03-03 05:44:01,-6.039927,105.92675,42.4,0.3537
4,K-07,Senin,2025-03-03 05:44:34,-6.040842,105.926202,40.8,0.3537
4,K-07,Senin,2025-03-03 05:45:08,-6.041757,105.925654,35.8,0.3537
4,K-07,Senin,2025-03-03 05:45:41,-6.043299,105.925629,35.9,0.3537
4,K-07,Senin,2025-03-03 05:46:15,-6.044842,105.925605,37.1,0.3537
4,K-07,Senin,2025-03-03 05:46:49,-6.04665,105.925298,37.0,0.3537
4,K-07,Senin,2025-03-03 05:47:22,-6.048458,105.924992,35.7,0.3537
4,K-07,Senin,2025-03-03 05:47:56,-6.050837,105.923865,33.7,0.3537
4,K-07,Senin,2025-03-03 05:48:30,-6.053216,105.922737,0.0,0.3537
5,K-07,Senin,2025-03-03 10:09:00,-6.053216,105.922737,15.0,0.3548
5,K-07,Senin,2025-03-03 10:09:43,-6.050837,105.923865,26.9,0.3548
5,K-07,Senin,2025-03-03 10:10:27,-6.048458,105.924992,29.9,0.3548
5,K-07,Senin,2025-03-03 10:11:11,-6.04665,105.925298,23.3,0.3548
5,K-07,Senin,2025-03-03 10:11:55,-6.044842,105.925605,26.7,0.3548
5,K-07,Senin,2025-03-03 10:12:39,-6.043299,105.925629,28.5,0.3548
5,K-07,Senin,2025-03-03 10:13:23,-6.041757,105.925654,30.3,0.3548
5,K-07,Senin,2025-03-03 10:14:07,-6.040842,105.926202,31.2,0.3548
5,K-07,Senin,2025-03-03 10:14:51,-6.039927,105.92675,28.9,0.3548
5,K-07,Senin,2025-03-03 10:15:35,-6.038605,105.929077,28.6,0.3548
5,K-07,Senin,2025-03-03 10:16:19,-6.037284,105.931403,25.9,0.3548
5,K-07,Senin,2025-03-03 10:17:03,-6.036134,105.933928,29.0,0.3548
5,K-07,Senin,2025-03-03 10:17:47,-6.034985,105.936452,34.1,0.3548
5,K-07,Senin,2025-03-03 10:18:31,-6.033191,105.939526,32.9,0.3548
5,K-07,Senin,2025-03-03 10:19:15,-6.031397,105.9426,25.3,0.3548
5,K-07,Senin,2025-03-03 10:19:59,-6.028849,105.945886,24.3,0.3548
5,K-07,Senin,2025-03-03 10:20:43,-6.0263,105.949172,29.5,0.3548
5,K-07,Senin,2025-03-03 10:21:27,-6.025311,105.950308,30.9,0.3548
5,K-07,Senin,2025-03-03 10:22:11,-6.024323,105.951444,27.3,0.3548
5,K-07,Senin,2025-03-03 10:22:54,-6.02342,105.953825,33.1,0.3548
5,K-07,Senin,2025-03-03 10:23:38,-6.022516,105.956207,32.3,0.3548
5,K-07,Senin,2025-03-03 10:24:22,-6.023233,105.958851,31.4,0.3548
5,K-07,Senin,2025-03-03 10:25:06,-6.023949,105.961495,26.0,0.3548
5,K-07,Senin,2025-03-03 10:25:50,-6.023462,105.963127,25.7,0.3548
5,K-07,Senin,2025-03-03 10:26:34,-6.022975,105.964758,23.6,0.3548
5,K-07,Senin,2025-03-03 10:27:18,-6.02085,105.967025,26.2,0.3548
5,K-07,Senin,2025-03-03 10:28:02,-6.018725,105.969291,29.0,0.3548
5,K-07,Senin,2025-03-03 10:28:46,-6.018326,105.969919,33.5,0.3548
5,K-07,Senin,2025-03-03 10:29:30,-6.017927,105.970547,24.2,0.3548
5,K-07,Senin,2025-03-03 10:30:14,-6.016651,105.973485,28.3,0.3548
5,K-07,Senin,2025-03-03 10:30:58,-6.015375,105.976423,30.9,0.3548
5,K-07,Senin,2025-03-03 10:31:42,-6.013607,105.980132,25.6,0.3548
5,K-07,Senin,2025-03-03 10:32:26,-6.01184,105.983841,31.7,0.3548
5,K-07,Senin,2025-03-03 10:33:10,-6.011052,105.988977,29.2,0.3548
5,K-07,Senin,2025-03-03 10:33:54,-6.010265,105.994113,26.2,0.3548
5,K-07,Senin,2025-03-03 10:34:38,-6.010867,105.996921,31.2,0.3548
5,K-07,Senin,2025-03-03 10:35:22,-6.01147,105.99973,23.4,0.3548
5,K-07,Senin,2025-03-03 10:36:05,-6.01184,106.003198,32.3,0.3548
5,K-07,Senin,2025-03-03 10:36:49,-6.012211,106.006667,32.5,0.3548
5,K-07,Senin,2025-03-03 10:37:33,-6.012134,106.009563,24.6,0.3548
5,K-07,Senin,2025-03-03 10:38:17,-6.012056,106.01246,28.4,0.3548
5,K-07,Senin,2025-03-03 10:39:01,-6.011474,106.0155,25.4,0.3548
5,K-07,Senin,2025-03-03 10:39:45,-6.010892,106.01854,34.8,0.3548
5,K-07,Senin,2025-03-03 10:40:29,-6.009984,106.021793,29.5,0.3548
5,K-07,Senin,2025-03-03 10:41:13,-6.009075,106.025045,23.9,0.3548
5,K-07,Senin,2025-03-03 10:41:57,-6.009626,106.028951,26.3,0.3548
5,K-07,Senin,2025-03-03 10:42:41,-6.010176,106.032856,33.5,0.3548
5,K-07,Senin,2025-03-03 10:43:25,-6.01086,106.037239,28.8,0.3548
5,K-07,Senin,2025-03-03 10:44:09,-6.011543,106.041621,32.9,0.3548
5,K-07,Senin,2025-03-03 10:44:53,-6.012175,106.043406,31.3,0.3548
5,K-07,Senin,2025-03-03 10:45:37,-6.012807,106.045191,35.2,0.3548
5,K-07,Senin,2025-03-03 10:46:21,-6.013208,106.045749,30.4,0.3548
5,K-07,Senin,2025-03-03 10:47:05,-6.013608,106.046306,34.7,0.3548
5,K-07,Senin,2025-03-03 10:47:49,-6.014927,106.048385,34.0,0.3548
5,K-07,Senin,2025-03-03 10:48:33,-6.016247,106.050465,30.7,0.3548
5,K-07,Senin,2025-03-03 10:49:16,-6.017736,106.053745,31.9,0.3548
5,K-07,Senin,2025-03-03 10:50:00,-6.019226,106.057025,29.4,0.3548
5,K-07,Senin,2025-03-03 10:50:44,-6.020935,106.060982,33.3,0.3548
5,K-07,Senin,2025-03-03 10:51:28,-6.022644,106.064939,29.9,0.3548
5,K-07,Senin,2025-03-03 10:52:12,-6.024512,106.068114,34.1,0.3548
5,K-07,Senin,2025-03-03 10:52:56,-6.02638,106.071289,32.2,0.3548
5,K-07,Senin,2025-03-03 10:53:40,-6.027943,106.073596,29.0,0.3548
5,K-07,Senin,2025-03-03 10:54:24,-6.029506,106.075904,26.4,0.3548
5,K-07,Senin,2025-03-03 10:55:08,-6.030944,106.077923,26.3,0.3548
5,K-07,Senin,2025-03-03 10:55:52,-6.032382,106.079943,31.0,0.3548
5,K-07,Senin,2025-03-03 10:56:36,-6.033392,106.081554,32.5,0.3548
5,K-07,Senin,2025-03-03 10:57:20,-6.034402,106.083165,29.6,0.3548
5,K-07,Senin,2025-03-03 10:58:04,-6.033632,106.083619,30.8,0.3548
5,K-07,Senin,2025-03-03 10:58:48,-6.032862,106.084073,26.6,0.3548
5,K-07,Senin,2025-03-03 10:59:32,-6.031801,106.08464,24.2,0.3548
5,K-07,Senin,2025-03-03 11:00:16,-6.03074,106.085206,26.7,0.3548
5,K-07,Senin,2025-03-03 11:01:00,-6.028265,106.085363,26.6,0.3548
5,K-07,Senin,2025-03-03 11:01:44,-6.025791,106.085519,27.1,0.3548
5,K-07,Senin,2025-03-03 11:02:27,-6.025137,106.086275,29.8,0.3548
5,K-07,Senin,2025-03-03 11:03:11,-6.024483,106.087031,25.0,0.3548
5,K-07,Senin,2025-03-03 11:03:55,-6.023358,106.088664,26.1,0.3548
5,K-07,Senin,2025-03-03 11:04:39,-6.022233,106.090297,31.6,0.3548
5,K-07,Senin,2025-03-03 11:05:23,-6.022133,106.091267,31.8,0.3548
5,K-07,Senin,2025-03-03 11:06:07,-6.022034,106.092237,24.1,0.3548
5,K-07,Senin,2025-03-03 11:06:51,-6.022763,106.093069,28.2,0.3548
5,K-07,Senin,2025-03-03 11:07:35,-6.023493,106.093901,29.8,0.3548
5,K-07,Senin,2025-03-03 11:08:19,-6.030036,106.098298,28.3,0.3548
5,K-07,Senin,2025-03-03 11:09:03,-6.036578,106.102696,25.8,0.3548
5,K-07,Senin,2025-03-03 11:09:47,-6.039813,106.105373,28.3,0.3548
5,K-07,Senin,2025-03-03 11:10:31,-6.043048,106.108051,34.2,0.3548
5,K-07,Senin,2025-03-03 11:11:15,-6.047156,106.112505,30.3,0.3548
5,K-07,Senin,2025-03-03 11:11:59,-6.051265,106.116959,31.6,0.3548
5,K-07,Senin,2025-03-03 11:12:43,-6.054898,106.119329,33.6,0.3548
5,K-07,Senin,2025-03-03 11:13:27,-6.058531,106.1217,32.5,0.3548
5,K-07,Senin,2025-03-03 11:14:11,-6.067851,106.126623,27.9,0.3548
5,K-07,Senin,2025-03-03 11:14:55,-6.077171,106.131547,23.4,0.3548
5,K-07,Senin,2025-03-03 11:15:38,-6.081891,106.135638,27.5,0.3548
5,K-07,Senin,2025-03-03 11:16:22,-6.08661,106.139728,32.3,0.3548
5,K-07,Senin,2025-03-03 11:17:06,-6.088704,106.145865,33.5,0.3548
5,K-07,Senin,2025-03-03 11:17:50,-6.090798,106.152001,34.7,0.3548
5,K-07,Senin,2025-03-03 11:18:34,-6.093378,106.158769,28.3,0.3548
5,K-07,Senin,2025-03-03 11:19:18,-6.095958,106.165536,32.3,0.3548
5,K-07,Senin,2025-03-03 11:20:02,-6.100575,106.170921,29.9,0.3548
5,K-07,Senin,2025-03-03 11:20:46,-6.105193,106.176306,30.5,0.3548
5,K-07,Senin,2025-03-03 11:21:30,-6.109409,106.180187,25.9,0.3548
5,K-07,Senin,2025-03-03 11:22:14,-6.113625,106.184069,25.9,0.3548
5,K-07,Senin,2025-03-03 11:22:58,-6.114493,106.183838,28.5,0.3548
5,K-07,Senin,2025-03-03 11:23:42,-6.115361,106.183607,23.6,0.3548
5,K-07,Senin,2025-03-03 11:24:26,-6.116447,106.18275,27.3,0.3548
5,K-07,Senin,2025-03-03 11:25:10,-6.117534,106.181893,31.4,0.3548
5,K-07,Senin,2025-03-03 11:25:54,-6.119015,106.181689,28.2,0.3548
5,K-07,Senin,2025-03-03 11:26:38,-6.120497,106.181485,25.3,0.3548
5,K-07,Senin,2025-03-03 11:27:22,-6.120449,106.182988,28.9,0.3548
5,K-07,Senin,2025-03-03 11:28:06,-6.120401,106.184492,0.0,0.3548
6,K-07,Senin,2025-03-03 16:33:00,-6.053216,105.922737,15.0,0.3537
6,K-07,Senin,2025-03-03 16:34:17,-6.050837,105.923865,11.0,0.3537
6,K-07,Senin,2025-03-03 16:35:34,-6.048458,105.924992,18.4,0.3537
6,K-07,Senin,2025-03-03 16:36:51,-6.04665,105.925298,12.3,0.3537
6,K-07,Senin,2025-03-03 16:38:08,-6.044842,105.925605,16.2,0.3537
6,K-07,Senin,2025-03-03 16:39:25,-6.043299,105.925629,11.3,0.3537
6,K-07,Senin,2025-03-03 16:40:43,-6.041757,105.925654,15.2,0.3537
6,K-07,Senin,2025-03-03 16:42:00,-6.040842,105.926202,13.2,0.3537
6,K-07,Senin,2025-03-03 16:43:17,-6.039927,105.92675,14.6,0.3537
6,K-07,Senin,2025-03-03 16:44:34,-6.038605,105.929077,19.8,0.3537
6,K-07,Senin,2025-03-03 16:45:51,-6.037284,105.931403,15.2,0.3537
6,K-07,Senin,2025-03-03 16:47:08,-6.036134,105.933928,19.7,0.3537
6,K-07,Senin,2025-03-03 16:48:26,-6.034985,105.936452,20.7,0.3537
6,K-07,Senin,2025-03-03 16:49:43,-6.033191,105.939526,13.7,0.3537
6,K-07,Senin,2025-03-03 16:51:00,-6.031397,105.9426,11.7,0.3537
6,K-07,Senin,2025-03-03 16:52:17,-6.028849,105.945886,10.9,0.3537
6,K-07,Senin,2025-03-03 16:53:34,-6.0263,105.949172,17.2,0.3537
6,K-07,Senin,2025-03-03 16:54:51,-6.025311,105.950308,22.7,0.3537
6,K-07,Senin,2025-03-03 16:56:09,-6.024323,105.951444,14.9,0.3537
6,K-07,Senin,2025-03-03 16:57:26,-6.02342,105.953825,18.5,0.3537
6,K-07,Senin,2025-03-03 16:58:43,-6.022516,105.956207,20.1,0.3537
6,K-07,Senin,2025-03-03 17:00:00,-6.023233,105.958851,18.5,0.3537
6,K-07,Senin,2025-03-03 17:01:17,-6.023949,105.961495,19.8,0.3537
6,K-07,Senin,2025-03-03 17:02:34,-6.023462,105.963127,22.1,0.3537
6,K-07,Senin,2025-03-03 17:03:52,-6.022975,105.964758,13.1,0.3537
6,K-07,Senin,2025-03-03 17:05:09,-6.02085,105.967025,10.9,0.3537
6,K-07,Senin,2025-03-03 17:06:26,-6.018725,105.969291,12.5,0.3537
6,K-07,Senin,2025-03-03 17:07:43,-6.018326,105.969919,12.2,0.3537
6,K-07,Senin,2025-03-03 17:09:00,-6.017927,105.970547,18.7,0.3537
6,K-07,Senin,2025-03-03 17:10:17,-6.016651,105.973485,17.5,0.3537
6,K-07,Senin,2025-03-03 17:11:35,-6.015375,105.976423,13.3,0.3537
6,K-07,Senin,2025-03-03 17:12:52,-6.013607,105.980132,19.1,0.3537
6,K-07,Senin,2025-03-03 17:14:09,-6.01184,105.983841,19.9,0.3537
6,K-07,Senin,2025-03-03 17:15:26,-6.011052,105.988977,12.7,0.3537
6,K-07,Senin,2025-03-03 17:16:43,-6.010265,105.994113,18.0,0.3537
6,K-07,Senin,2025-03-03 17:18:00,-6.010867,105.996921,19.7,0.3537
6,K-07,Senin,2025-03-03 17:19:18,-6.01147,105.99973,12.1,0.3537
6,K-07,Senin,2025-03-03 17:20:35,-6.01184,106.003198,20.5,0.3537
6,K-07,Senin,2025-03-03 17:21:52,-6.012211,106.006667,22.3,0.3537
6,K-07,Senin,2025-03-03 17:23:09,-6.012134,106.009563,12.0,0.3537
6,K-07,Senin,2025-03-03 17:24:26,-6.012056,106.01246,11.0,0.3537
6,K-07,Senin,2025-03-03 17:25:43,-6.011474,106.0155,14.4,0.3537
6,K-07,Senin,2025-03-03 17:27:01,-6.010892,106.01854,18.8,0.3537
6,K-07,Senin,2025-03-03 17:28:18,-6.009984,106.021793,22.2,0.3537
6,K-07,Senin,2025-03-03 17:29:35,-6.009075,106.025045,15.5,0.3537
6,K-07,Senin,2025-03-03 17:30:52,-6.009626,106.028951,19.3,0.3537
6,K-07,Senin,2025-03-03 17:32:09,-6.010176,106.032856,11.6,0.3537
6,K-07,Senin,2025-03-03 17:33:26,-6.01086,106.037239,19.0,0.3537
6,K-07,Senin,2025-03-03 17:34:44,-6.011543,106.041621,18.2,0.3537
6,K-07,Senin,2025-03-03 17:36:01,-6.012175,106.043406,11.9,0.3537
6,K-07,Senin,2025-03-03 17:37:18,-6.012807,106.045191,20.0,0.3537
6,K-07,Senin,2025-03-03 17:38:35,-6.013208,106.045749,20.9,0.3537
6,K-07,Senin,2025-03-03 17:39:52,-6.013608,106.046306,17.9,0.3537
6,K-07,Senin,2025-03-03 17:41:09,-6.014927,106.048385,12.2,0.3537
6,K-07,Senin,2025-03-03 17:42:27,-6.016247,106.050465,22.5,0.3537
6,K-07,Senin,2025-03-03 17:43:44,-6.017736,106.053745,20.1,0.3537
6,K-07,Senin,2025-03-03 17:45:01,-6.019226,106.057025,14.9,0.3537
6,K-07,Senin,2025-03-03 17:46:18,-6.020935,106.060982,15.8,0.3537
6,K-07,Senin,2025-03-03 17:47:35,-6.022644,106.064939,15.1,0.3537
6,K-07,Senin,2025-03-03 17:48:52,-6.024512,106.068114,16.8,0.3537
6,K-07,Senin,2025-03-03 17:50:10,-6.02638,106.071289,14.8,0.3537
6,K-07,Senin,2025-03-03 17:51:27,-6.027943,106.073596,20.9,0.3537
6,K-07,Senin,2025-03-03 17:52:44,-6.029506,106.075904,20.6,0.3537
6,K-07,Senin,2025-03-03 17:54:01,-6.030944,106.077923,12.0,0.3537
6,K-07,Senin,2025-03-03 17:55:18,-6.032382,106.079943,22.2,0.3537
6,K-07,Senin,2025-03-03 17:56:35,-6.033392,106.081554,18.3,0.3537
6,K-07,Senin,2025-03-03 17:57:53,-6.034402,106.083165,20.6,0.3537
6,K-07,Senin,2025-03-03 17:59:10,-6.033632,106.083619,19.2,0.3537
6,K-07,Senin,2025-03-03 18:00:27,-6.032862,106.084073,15.9,0.3537
6,K-07,Senin,2025-03-03 18:01:44,-6.031801,106.08464,19.5,0.3537
6,K-07,Senin,2025-03-03 18:03:01,-6.03074,106.085206,22.3,0.3537
6,K-07,Senin,2025-03-03 18:04:18,-6.028265,106.085363,13.9,0.3537
6,K-07,Senin,2025-03-03 18:05:36,-6.025791,106.085519,20.4,0.3537
6,K-07,Senin,2025-03-03 18:06:53,-6.025137,106.086275,17.2,0.3537
6,K-07,Senin,2025-03-03 18:08:10,-6.024483,106.087031,16.5,0.3537
6,K-07,Senin,2025-03-03 18:09:27,-6.023358,106.088664,15.9,0.3537
6,K-07,Senin,2025-03-03 18:10:44,-6.022233,106.090297,19.5,0.3537
6,K-07,Senin,2025-03-03 18:12:01,-6.022133,106.091267,13.9,0.3537
6,K-07,Senin,2025-03-03 18:13:19,-6.022034,106.092237,20.9,0.3537
6,K-07,Senin,2025-03-03 18:14:36,-6.022763,106.093069,20.7,0.3537
6,K-07,Senin,2025-03-03 18:15:53,-6.023493,106.093901,11.7,0.3537
6,K-07,Senin,2025-03-03 18:17:10,-6.030036,106.098298,21.3,0.3537
6,K-07,Senin,2025-03-03 18:18:27,-6.036578,106.102696,13.6,0.3537
6,K-07,Senin,2025-03-03 18:19:44,-6.039813,106.105373,16.3,0.3537
6,K-07,Senin,2025-03-03 18:21:02,-6.043048,106.108051,18.0,0.3537
6,K-07,Senin,2025-03-03 18:22:19,-6.047156,106.112505,15.2,0.3537
6,K-07,Senin,2025-03-03 18:23:36,-6.051265,106.116959,11.0,0.3537
6,K-07,Senin,2025-03-03 18:24:53,-6.054898,106.119329,20.9,0.3537
6,K-07,Senin,2025-03-03 18:26:10,-6.058531,106.1217,12.9,0.3537
6,K-07,Senin,2025-03-03 18:27:27,-6.067851,106.126623,13.2,0.3537
6,K-07,Senin,2025-03-03 18:28:45,-6.077171,106.131547,20.3,0.3537
6,K-07,Senin,2025-03-03 18:30:02,-6.081891,106.135638,14.8,0.3537
6,K-07,Senin,2025-03-03 18:31:19,-6.08661,106.139728,21.3,0.3537
6,K-07,Senin,2025-03-03 18:32:36,-6.088704,106.145865,19.1,0.3537
6,K-07,Senin,2025-03-03 18:33:53,-6.090798,106.152001,14.0,0.3537
6,K-07,Senin,2025-03-03 18:35:10,-6.093378,106.158769,10.8,0.3537
6,K-07,Senin,2025-03-03 18:36:28,-6.095958,106.165536,22.1,0.3537
6,K-07,Senin,2025-03-03 18:37:45,-6.100575,106.170921,11.7,0.3537
6,K-07,Senin,2025-03-03 18:39:02,-6.105193,106.176306,19.3,0.3537
6,K-07,Senin,2025-03-03 18:40:19,-6.109409,106.180187,16.6,0.3537
6,K-07,Senin,2025-03-03 18:41:36,-6.113625,106.184069,19.8,0.3537
6,K-07,Senin,2025-03-03 18:42:53,-6.114493,106.183838,19.0,0.3537
6,K-07,Senin,2025-03-03 18:44:11,-6.115361,106.183607,18.5,0.3537
6,K-07,Senin,2025-03-03 18:45:28,-6.116447,106.18275,16.6,0.3537
6,K-07,Senin,2025-03-03 18:46:45,-6.117534,106.181893,20.2,0.3537
6,K-07,Senin,2025-03-03 18:48:02,-6.119015,106.181689,11.8,0.3537
6,K-07,Senin,2025-03-03 18:49:19,-6.120497,106.181485,13.4,0.3537
6,K-07,Senin,2025-03-03 18:50:36,-6.120449,106.182988,19.0,0.3537
6,K-07,Senin,2025-03-03 18:51:54,-6.120401,106.184492,0.0,0.3537
7,K-12,Senin,2025-03-03 04:54:00,-6.00289,106.024787,15.0,0.1253
7,K-12,Senin,2025-03-03 04:54:14,-6.002619,106.023636,29.9,0.1253
7,K-12,Senin,2025-03-03 04:54:28,-6.002348,106.022484,31.1,0.1253
7,K-12,Senin,2025-03-03 04:54:43,-5.999045,106.022499,29.4,0.1253
7,K-12,Senin,2025-03-03 04:54:57,-5.995743,106.022514,28.5,0.1253
7,K-12,Senin,2025-03-03 04:55:11,-5.995042,106.025236,34.4,0.1253
7,K-12,Senin,2025-03-03 04:55:26,-5.994341,106.027958,29.5,0.1253
7,K-12,Senin,2025-03-03 04:55:40,-5.992765,106.027873,34.6,0.1253
7,K-12,Senin,2025-03-03 04:55:55,-5.991189,106.027789,37.1,0.1253
7,K-12,Senin,2025-03-03 04:56:09,-5.990295,106.025858,34.0,0.1253
7,K-12,Senin,2025-03-03 04:56:23,-5.9894,106.023927,28.0,0.1253
7,K-12,Senin,2025-03-03 04:56:38,-5.988786,106.022945,34.6,0.1253
7,K-12,Senin,2025-03-03 04:56:52,-5.988172,106.021964,29.0,0.1253
7,K-12,Senin,2025-03-03 04:57:07,-5.987707,106.020783,32.8,0.1253
7,K-12,Senin,2025-03-03 04:57:21,-5.987242,106.019603,34.8,0.1253
7,K-12,Senin,2025-03-03 04:57:35,-5.986827,106.018991,32.9,0.1253
7,K-12,Senin,2025-03-03 04:57:50,-5.986412,106.018379,37.5,0.1253
7,K-12,Senin,2025-03-03 04:58:04,-5.985682,106.017923,35.7,0.1253
7,K-12,Senin,2025-03-03 04:58:18,-5.984952,106.017468,29.3,0.1253
7,K-12,Senin,2025-03-03 04:58:33,-5.984452,106.016956,30.0,0.1253
7,K-12,Senin,2025-03-03 04:58:47,-5.983953,106.016445,29.3,0.1253
7,K-12,Senin,2025-03-03 04:59:02,-5.983546,106.0156,34.2,0.1253
7,K-12,Senin,2025-03-03 04:59:16,-5.983139,106.014755,27.2,0.1253
7,K-12,Senin,2025-03-03 04:59:30,-5.983088,106.01394,26.2,0.1253
7,K-12,Senin,2025-03-03 04:59:45,-5.983037,106.013125,26.4,0.1253
7,K-12,Senin,2025-03-03 04:59:59,-5.98294,106.012154,29.2,0.1253
7,K-12,Senin,2025-03-03 05:00:14,-5.982843,106.011183,37.0,0.1253
7,K-12,Senin,2025-03-03 05:00:28,-5.982596,106.010437,33.4,0.1253
7,K-12,Senin,2025-03-03 05:00:42,-5.98235,106.009692,34.7,0.1253
7,K-12,Senin,2025-03-03 05:00:57,-5.982049,106.009352,26.9,0.1253
7,K-12,Senin,2025-03-03 05:01:11,-5.981748,106.009012,25.8,0.1253
7,K-12,Senin,2025-03-03 05:01:25,-5.981001,106.008845,29.1,0.1253
7,K-12,Senin,2025-03-03 05:01:40,-5.980255,106.008678,31.4,0.1253
7,K-12,Senin,2025-03-03 05:01:54,-5.979058,106.008464,29.8,0.1253
7,K-12,Senin,2025-03-03 05:02:09,-5.977861,106.008249,37.3,0.1253
7,K-12,Senin,2025-03-03 05:02:23,-5.977447,106.008246,28.7,0.1253
7,K-12,Senin,2025-03-03 05:02:37,-5.977033,106.008242,36.0,0.1253
7,K-12,Senin,2025-03-03 05:02:52,-5.976517,106.008462,27.1,0.1253
7,K-12,Senin,2025-03-03 05:03:06,-5.976001,106.008682,26.5,0.1253
7,K-12,Senin,2025-03-03 05:03:21,-5.975195,106.008176,31.6,0.1253
7,K-12,Senin,2025-03-03 05:03:35,-5.974388,106.007671,32.6,0.1253
7,K-12,Senin,2025-03-03 05:03:49,-5.97308,106.006949,33.9,0.1253
7,K-12,Senin,2025-03-03 05:04:04,-5.971771,106.006228,27.5,0.1253
7,K-12,Senin,2025-03-03 05:04:18,-5.971376,106.006035,35.4,0.1253
7,K-12,Senin,2025-03-03 05:04:33,-5.97098,106.005842,37.1,0.1253
7,K-12,Senin,2025-03-03 05:04:47,-5.970118,106.005387,26.7,0.1253
7,K-12,Senin,2025-03-03 05:05:01,-5.969255,106.004933,28.7,0.1253
7,K-12,Senin,2025-03-03 05:05:16,-5.968457,106.004582,32.4,0.1253
7,K-12,Senin,2025-03-03 05:05:30,-5.967658,106.004231,30.7,0.1253
7,K-12,Senin,2025-03-03 05:05:44,-5.966814,106.003848,32.9,0.1253
7,K-12,Senin,2025-03-03 05:05:59,-5.965969,106.003464,33.1,0.1253
7,K-12,Senin,2025-03-03 05:06:13,-5.964886,106.002783,35.0,0.1253
7,K-12,Senin,2025-03-03 05:06:28,-5.963803,106.002102,30.3,0.1253
7,K-12,Senin,2025-03-03 05:06:42,-5.962492,106.001184,36.6,0.1253
7,K-12,Senin,2025-03-03 05:06:56,-5.961181,106.000267,29.3,0.1253
7,K-12,Senin,2025-03-03 05:07:11,-5.959478,105.999981,32.8,0.1253
7,K-12,Senin,2025-03-03 05:07:25,-5.957774,105.999696,30.8,0.1253
7,K-12,Senin,2025-03-03 05:07:40,-5.956166,105.999547,32.5,0.1253
7,K-12,Senin,2025-03-03 05:07:54,-5.954557,105.999397,26.4,0.1253
7,K-12,Senin,2025-03-03 05:08:08,-5.952616,106.000428,37.2,0.1253
7,K-12,Senin,2025-03-03 05:08:23,-5.950676,106.001458,26.9,0.1253
7,K-12,Senin,2025-03-03 05:08:37,-5.949248,106.002139,34.9,0.1253
7,K-12,Senin,2025-03-03 05:08:51,-5.94782,106.002819,33.2,0.1253
7,K-12,Senin,2025-03-03 05:09:06,-5.947029,106.002724,28.9,0.1253
7,K-12,Senin,2025-03-03 05:09:20,-5.946237,106.00263,26.7,0.1253
7,K-12,Senin,2025-03-03 05:09:35,-5.945759,106.00257,28.6,0.1253
7,K-12,Senin,2025-03-03 05:09:49,-5.94528,106.002511,32.3,0.1253
7,K-12,Senin,2025-03-03 05:10:03,-5.944396,106.00276,27.6,0.1253
7,K-12,Senin,2025-03-03 05:10:18,-5.943513,106.003009,30.6,0.1253
7,K-12,Senin,2025-03-03 05:10:32,-5.942709,106.002673,34.0,0.1253
7,K-12,Senin,2025-03-03 05:10:47,-5.941905,106.002337,31.3,0.1253
7,K-12,Senin,2025-03-03 05:11:01,-5.941111,106.001881,26.1,0.1253
7,K-12,Senin,2025-03-03 05:11:15,-5.940317,106.001426,29.2,0.1253
7,K-12,Senin,2025-03-03 05:11:30,-5.939709,106.001327,29.1,0.1253
7,K-12,Senin,2025-03-03 05:11:44,-5.9391,106.001228,36.0,0.1253
7,K-12,Senin,2025-03-03 05:11:58,-5.937857,106.001695,26.6,0.1253
7,K-12,Senin,2025-03-03 05:12:13,-5.936613,106.002163,28.5,0.1253
7,K-12,Senin,2025-03-03 05:12:27,-5.93584,106.002003,28.9,0.1253
7,K-12,Senin,2025-03-03 05:12:42,-5.935067,106.001842,35.2,0.1253
7,K-12,Senin,2025-03-03 05:12:56,-5.935282,106.00157,32.8,0.1253
7,K-12,Senin,2025-03-03 05:13:10,-5.935498,106.001298,35.3,0.1253
7,K-12,Senin,2025-03-03 05:13:25,-5.935544,106.000902,28.1,0.1253
7,K-12,Senin,2025-03-03 05:13:39,-5.93559,106.000507,27.1,0.1253
7,K-12,Senin,2025-03-03 05:13:54,-5.935287,106.000125,28.4,0.1253
7,K-12,Senin,2025-03-03 05:14:08,-5.934983,105.999744,27.5,0.1253
7,K-12,Senin,2025-03-03 05:14:22,-5.934755,105.999501,28.9,0.1253
7,K-12,Senin,2025-03-03 05:14:37,-5.934526,105.999257,27.4,0.1253
7,K-12,Senin,2025-03-03 05:14:51,-5.933298,105.998408,26.4,0.1253
7,K-12,Senin,2025-03-03 05:15:06,-5.932069,105.99756,0.0,0.1253
8,K-12,Senin,2025-03-03 10:26:00,-5.932069,105.99756,15.0,0.1272
8,K-12,Senin,2025-03-03 10:26:20,-5.933298,105.998408,22.1,0.1272
8,K-12,Senin,2025-03-03 10:26:41,-5.934526,105.999257,20.1,0.1272
8,K-12,Senin,2025-03-03 10:27:01,-5.934755,105.999501,21.3,0.1272
8,K-12,Senin,2025-03-03 10:27:22,-5.934983,105.999744,19.8,0.1272
8,K-12,Senin,2025-03-03 10:27:42,-5.935287,106.000125,23.0,0.1272
8,K-12,Senin,2025-03-03 10:28:03,-5.93559,106.000507,21.8,0.1272
8,K-12,Senin,2025-03-03 10:28:24,-5.935544,106.000902,23.7,0.1272
8,K-12,Senin,2025-03-03 10:28:44,-5.935498,106.001298,27.2,0.1272
8,K-12,Senin,2025-03-03 10:29:05,-5.935282,106.00157,25.3,0.1272
8,K-12,Senin,2025-03-03 10:29:25,-5.935067,106.001842,23.7,0.1272
8,K-12,Senin,2025-03-03 10:29:46,-5.93584,106.002003,16.8,0.1272
8,K-12,Senin,2025-03-03 10:30:07,-5.936613,106.002163,19.2,0.1272
8,K-12,Senin,2025-03-03 10:30:27,-5.937857,106.001695,24.6,0.1272
8,K-12,Senin,2025-03-03 10:30:48,-5.9391,106.001228,26.8,0.1272
8,K-12,Senin,2025-03-03 10:31:08,-5.939709,106.001327,23.5,0.1272
8,K-12,Senin,2025-03-03 10:31:29,-5.940317,106.001426,16.7,0.1272
8,K-12,Senin,2025-03-03 10:31:50,-5.941111,106.001881,25.7,0.1272
8,K-12,Senin,2025-03-03 10:32:10,-5.941905,106.002337,26.4,0.1272
8,K-12,Senin,2025-03-03 10:32:31,-5.942709,106.002673,23.4,0.1272
8,K-12,Senin,2025-03-03 10:32:51,-5.943513,106.003009,25.7,0.1272
8,K-12,Senin,2025-03-03 10:33:12,-5.944396,106.00276,18.6,0.1272
8,K-12,Senin,2025-03-03 10:33:33,-5.94528,106.002511,22.7,0.1272
8,K-12,Senin,2025-03-03 10:33:53,-5.945759,106.00257,21.8,0.1272
8,K-12,Senin,2025-03-03 10:34:14,-5.946237,106.00263,19.8,0.1272
8,K-12,Senin,2025-03-03 10:34:34,-5.947029,106.002724,28.5,0.1272
8,K-12,Senin,2025-03-03 10:34:55,-5.94782,106.002819,21.7,0.1272
8,K-12,Senin,2025-03-03 10:35:15,-5.949248,106.002139,26.3,0.1272
8,K-12,Senin,2025-03-03 10:35:36,-5.950676,106.001458,28.1,0.1272
8,K-12,Senin,2025-03-03 10:35:57,-5.952616,106.000428,22.1,0.1272
8,K-12,Senin,2025-03-03 10:36:17,-5.954557,105.999397,21.4,0.1272
8,K-12,Senin,2025-03-03 10:36:38,-5.956166,105.999547,20.4,0.1272
8,K-12,Senin,2025-03-03 10:36:58,-5.957774,105.999696,17.8,0.1272
8,K-12,Senin,2025-03-03 10:37:19,-5.959478,105.999981,18.4,0.1272
8,K-12,Senin,2025-03-03 10:37:40,-5.961181,106.000267,21.4,0.1272
8,K-12,Senin,2025-03-03 10:38:00,-5.962492,106.001184,22.4,0.1272
8,K-12,Senin,2025-03-03 10:38:21,-5.963803,106.002102,24.5,0.1272
8,K-12,Senin,2025-03-03 10:38:41,-5.964886,106.002783,21.3,0.1272
8,K-12,Senin,2025-03-03 10:39:02,-5.965969,106.003464,25.6,0.1272
8,K-12,Senin,2025-03-03 10:39:23,-5.966814,106.003848,16.9,0.1272
8,K-12,Senin,2025-03-03 10:39:43,-5.967658,106.004231,17.6,0.1272
8,K-12,Senin,2025-03-03 10:40:04,-5.968457,106.004582,19.5,0.1272
8,K-12,Senin,2025-03-03 10:40:24,-5.969255,106.004933,17.9,0.1272
8,K-12,Senin,2025-03-03 10:40:45,-5.970118,106.005387,25.8,0.1272
8,K-12,Senin,2025-03-03 10:41:06,-5.97098,106.005842,26.9,0.1272
8,K-12,Senin,2025-03-03 10:41:26,-5.971376,106.006035,26.4,0.1272
8,K-12,Senin,2025-03-03 10:41:47,-5.971771,106.006228,16.5,0.1272
8,K-12,Senin,2025-03-03 10:42:07,-5.97308,106.006949,26.9,0.1272
8,K-12,Senin,2025-03-03 10:42:28,-5.974388,106.007671,22.0,0.1272
8,K-12,Senin,2025-03-03 10:42:48,-5.975195,106.008176,17.2,0.1272
8,K-12,Senin,2025-03-03 10:43:09,-5.976001,106.008682,22.7,0.1272
8,K-12,Senin,2025-03-03 10:43:30,-5.976517,106.008462,24.0,0.1272
8,K-12,Senin,2025-03-03 10:43:50,-5.977033,106.008242,22.5,0.1272
8,K-12,Senin,2025-03-03 10:44:11,-5.977447,106.008246,21.8,0.1272
8,K-12,Senin,2025-03-03 10:44:31,-5.977861,106.008249,17.1,0.1272
8,K-12,Senin,2025-03-03 10:44:52,-5.979058,106.008464,19.7,0.1272
8,K-12,Senin,2025-03-03 10:45:13,-5.980255,106.008678,18.1,0.1272
8,K-12,Senin,2025-03-03 10:45:33,-5.981001,106.008845,20.0,0.1272
8,K-12,Senin,2025-03-03 10:45:54,-5.981748,106.009012,27.1,0.1272
8,K-12,Senin,2025-03-03 10:46:14,-5.982049,106.009352,22.3,0.1272
8,K-12,Senin,2025-03-03 10:46:35,-5.98235,106.009692,16.8,0.1272
8,K-12,Senin,2025-03-03 10:46:56,-5.982596,106.010437,24.1,0.1272
8,K-12,Senin,2025-03-03 10:47:16,-5.982843,106.011183,26.1,0.1272
8,K-12,Senin,2025-03-03 10:47:37,-5.98294,106.012154,25.0,0.1272
8,K-12,Senin,2025-03-03 10:47:57,-5.983037,106.013125,20.2,0.1272
8,K-12,Senin,2025-03-03 10:48:18,-5.983088,106.01394,16.7,0.1272
8,K-12,Senin,2025-03-03 10:48:39,-5.983139,106.014755,21.4,0.1272
8,K-12,Senin,2025-03-03 10:48:59,-5.983546,106.0156,19.2,0.1272
8,K-12,Senin,2025-03-03 10:49:20,-5.983953,106.016445,26.6,0.1272
8,K-12,Senin,2025-03-03 10:49:40,-5.984452,106.016956,17.9,0.1272
8,K-12,Senin,2025-03-03 10:50:01,-5.984952,106.017468,27.9,0.1272
8,K-12,Senin,2025-03-03 10:50:21,-5.985682,106.017923,24.3,0.1272
8,K-12,Senin,2025-03-03 10:50:42,-5.986412,106.018379,18.3,0.1272
8,K-12,Senin,2025-03-03 10:51:03,-5.986827,106.018991,27.7,0.1272
8,K-12,Senin,2025-03-03 10:51:23,-5.987242,106.019603,20.0,0.1272
8,K-12,Senin,2025-03-03 10:51:44,-5.987707,106.020783,25.0,0.1272
8,K-12,Senin,2025-03-03 10:52:04,-5.988172,106.021964,21.5,0.1272
8,K-12,Senin,2025-03-03 10:52:25,-5.988786,106.022945,22.3,0.1272
8,K-12,Senin,2025-03-03 10:52:46,-5.9894,106.023927,22.2,0.1272
8,K-12,Senin,2025-03-03 10:53:06,-5.990295,106.025858,22.0,0.1272
8,K-12,Senin,2025-03-03 10:53:27,-5.991189,106.027789,18.2,0.1272
8,K-12,Senin,2025-03-03 10:53:47,-5.992765,106.027873,18.8,0.1272
8,K-12,Senin,2025-03-03 10:54:08,-5.994341,106.027958,23.7,0.1272
8,K-12,Senin,2025-03-03 10:54:29,-5.995042,106.025236,25.5,0.1272
8,K-12,Senin,2025-03-03 10:54:49,-5.995743,106.022514,18.1,0.1272
8,K-12,Senin,2025-03-03 10:55:10,-5.999045,106.022499,17.3,0.1272
8,K-12,Senin,2025-03-03 10:55:30,-6.002348,106.022484,25.8,0.1272
8,K-12,Senin,2025-03-03 10:55:51,-6.002619,106.023636,26.8,0.1272
8,K-12,Senin,2025-03-03 10:56:12,-6.00289,106.024787,0.0,0.1272
9,K-12,Senin,2025-03-03 16:43:00,-5.932069,105.99756,15.0,0.1252
9,K-12,Senin,2025-03-03 16:43:38,-5.933298,105.998408,15.9,0.1252
9,K-12,Senin,2025-03-03 16:44:16,-5.934526,105.999257,12.9,0.1252
9,K-12,Senin,2025-03-03 16:44:55,-5.934755,105.999501,13.8,0.1252
9,K-12,Senin,2025-03-03 16:45:33,-5.934983,105.999744,16.3,0.1252
9,K-12,Senin,2025-03-03 16:46:12,-5.935287,106.000125,11.3,0.1252
9,K-12,Senin,2025-03-03 16:46:50,-5.93559,106.000507,11.7,0.1252
9,K-12,Senin,2025-03-03 16:47:29,-5.935544,106.000902,9.9,0.1252
9,K-12,Senin,2025-03-03 16:48:07,-5.935498,106.001298,15.1,0.1252
9,K-12,Senin,2025-03-03 16:48:46,-5.935282,106.00157,10.4,0.1252
9,K-12,Senin,2025-03-03 16:49:24,-5.935067,106.001842,17.1,0.1252
9,K-12,Senin,2025-03-03 16:50:03,-5.93584,106.002003,16.3,0.1252
9,K-12,Senin,2025-03-03 16:50:41,-5.936613,106.002163,17.7,0.1252
9,K-12,Senin,2025-03-03 16:51:19,-5.937857,106.001695,8.8,0.1252
9,K-12,Senin,2025-03-03 16:51:58,-5.9391,106.001228,10.5,0.1252
9,K-12,Senin,2025-03-03 16:52:36,-5.939709,106.001327,16.2,0.1252
9,K-12,Senin,2025-03-03 16:53:15,-5.940317,106.001426,10.8,0.1252
9,K-12,Senin,2025-03-03 16:53:53,-5.941111,106.001881,9.7,0.1252
9,K-12,Senin,2025-03-03 16:54:32,-5.941905,106.002337,11.6,0.1252
9,K-12,Senin,2025-03-03 16:55:10,-5.942709,106.002673,16.9,0.1252
9,K-12,Senin,2025-03-03 16:55:49,-5.943513,106.003009,10.5,0.1252
9,K-12,Senin,2025-03-03 16:56:27,-5.944396,106.00276,17.8,0.1252
9,K-12,Senin,2025-03-03 16:57:06,-5.94528,106.002511,15.4,0.1252
9,K-12,Senin,2025-03-03 16:57:44,-5.945759,106.00257,13.7,0.1252
9,K-12,Senin,2025-03-03 16:58:22,-5.946237,106.00263,7.7,0.1252
9,K-12,Senin,2025-03-03 16:59:01,-5.947029,106.002724,17.5,0.1252
9,K-12,Senin,2025-03-03 16:59:39,-5.94782,106.002819,7.4,0.1252
9,K-12,Senin,2025-03-03 17:00:18,-5.949248,106.002139,17.5,0.1252
9,K-12,Senin,2025-03-03 17:00:56,-5.950676,106.001458,9.9,0.1252
9,K-12,Senin,2025-03-03 17:01:35,-5.952616,106.000428,7.1,0.1252
9,K-12,Senin,2025-03-03 17:02:13,-5.954557,105.999397,16.0,0.1252
9,K-12,Senin,2025-03-03 17:02:52,-5.956166,105.999547,7.1,0.1252
9,K-12,Senin,2025-03-03 17:03:30,-5.957774,105.999696,16.8,0.1252
9,K-12,Senin,2025-03-03 17:04:09,-5.959478,105.999981,6.1,0.1252
9,K-12,Senin,2025-03-03 17:04:47,-5.961181,106.000267,7.6,0.1252
9,K-12,Senin,2025-03-03 17:05:25,-5.962492,106.001184,16.4,0.1252
9,K-12,Senin,2025-03-03 17:06:04,-5.963803,106.002102,17.5,0.1252
9,K-12,Senin,2025-03-03 17:06:42,-5.964886,106.002783,6.8,0.1252
9,K-12,Senin,2025-03-03 17:07:21,-5.965969,106.003464,15.3,0.1252
9,K-12,Senin,2025-03-03 17:07:59,-5.966814,106.003848,9.1,0.1252
9,K-12,Senin,2025-03-03 17:08:38,-5.967658,106.004231,13.4,0.1252
9,K-12,Senin,2025-03-03 17:09:16,-5.968457,106.004582,10.7,0.1252
9,K-12,Senin,2025-03-03 17:09:55,-5.969255,106.004933,6.9,0.1252
9,K-12,Senin,2025-03-03 17:10:33,-5.970118,106.005387,9.8,0.1252
9,K-12,Senin,2025-03-03 17:11:12,-5.97098,106.005842,14.0,0.1252
9,K-12,Senin,2025-03-03 17:11:50,-5.971376,106.006035,12.3,0.1252
9,K-12,Senin,2025-03-03 17:12:28,-5.971771,106.006228,17.3,0.1252
9,K-12,Senin,2025-03-03 17:13:07,-5.97308,106.006949,13.4,0.1252
9,K-12,Senin,2025-03-03 17:13:45,-5.974388,106.007671,16.5,0.1252
9,K-12,Senin,2025-03-03 17:14:24,-5.975195,106.008176,11.8,0.1252
9,K-12,Senin,2025-03-03 17:15:02,-5.976001,106.008682,12.4,0.1252
9,K-12,Senin,2025-03-03 17:15:41,-5.976517,106.008462,13.3,0.1252
9,K-12,Senin,2025-03-03 17:16:19,-5.977033,106.008242,8.7,0.1252
9,K-12,Senin,2025-03-03 17:16:58,-5.977447,106.008246,14.1,0.1252
9,K-12,Senin,2025-03-03 17:17:36,-5.977861,106.008249,9.3,0.1252
9,K-12,Senin,2025-03-03 17:18:15,-5.979058,106.008464,8.6,0.1252
9,K-12,Senin,2025-03-03 17:18:53,-5.980255,106.008678,7.0,0.1252
9,K-12,Senin,2025-03-03 17:19:31,-5.981001,106.008845,17.6,0.1252
9,K-12,Senin,2025-03-03 17:20:10,-5.981748,106.009012,15.0,0.1252
9,K-12,Senin,2025-03-03 17:20:48,-5.982049,106.009352,14.3,0.1252
9,K-12,Senin,2025-03-03 17:21:27,-5.98235,106.009692,7.1,0.1252
9,K-12,Senin,2025-03-03 17:22:05,-5.982596,106.010437,7.9,0.1252
9,K-12,Senin,2025-03-03 17:22:44,-5.982843,106.011183,9.5,0.1252
9,K-12,Senin,2025-03-03 17:23:22,-5.98294,106.012154,6.2,0.1252
9,K-12,Senin,2025-03-03 17:24:01,-5.983037,106.013125,9.8,0.1252
9,K-12,Senin,2025-03-03 17:24:39,-5.983088,106.01394,6.6,0.1252
9,K-12,Senin,2025-03-03 17:25:18,-5.983139,106.014755,10.2,0.1252
9,K-12,Senin,2025-03-03 17:25:56,-5.983546,106.0156,11.1,0.1252
9,K-12,Senin,2025-03-03 17:26:34,-5.983953,106.016445,8.8,0.1252
9,K-12,Senin,2025-03-03 17:27:13,-5.984452,106.016956,10.8,0.1252
9,K-12,Senin,2025-03-03 17:27:51,-5.984952,106.017468,14.1,0.1252
9,K-12,Senin,2025-03-03 17:28:30,-5.985682,106.017923,8.1,0.1252
9,K-12,Senin,2025-03-03 17:29:08,-5.986412,106.018379,8.0,0.1252
9,K-12,Senin,2025-03-03 17:29:47,-5.986827,106.018991,13.2,0.1252
9,K-12,Senin,2025-03-03 17:30:25,-5.987242,106.019603,10.5,0.1252
9,K-12,Senin,2025-03-03 17:31:04,-5.987707,106.020783,14.1,0.1252
9,K-12,Senin,2025-03-03 17:31:42,-5.988172,106.021964,11.9,0.1252
9,K-12,Senin,2025-03-03 17:32:21,-5.988786,106.022945,12.9,0.1252
9,K-12,Senin,2025-03-03 17:32:59,-5.9894,106.023927,8.7,0.1252
9,K-12,Senin,2025-03-03 17:33:37,-5.990295,106.025858,13.6,0.1252
9,K-12,Senin,2025-03-03 17:34:16,-5.991189,106.027789,11.4,0.1252
9,K-12,Senin,2025-03-03 17:34:54,-5.992765,106.027873,13.9,0.1252
9,K-12,Senin,2025-03-03 17:35:33,-5.994341,106.027958,16.7,0.1252
9,K-12,Senin,2025-03-03 17:36:11,-5.995042,106.025236,11.5,0.1252
9,K-12,Senin,2025-03-03 17:36:50,-5.995743,106.022514,9.4,0.1252
9,K-12,Senin,2025-03-03 17:37:28,-5.999045,106.022499,12.5,0.1252
9,K-12,Senin,2025-03-03 17:38:07,-6.002348,106.022484,6.8,0.1252
9,K-12,Senin,2025-03-03 17:38:45,-6.002619,106.023636,17.2,0.1252
9,K-12,Senin,2025-03-03 17:39:24,-6.00289,106.024787,0.0,0.1252
10,K-04,Selasa,2025-03-04 04:54:00,-6.120401,106.184492,15.0,0.3284
10,K-04,Selasa,2025-03-04 04:54:30,-6.120006,106.18302,38.4,0.3284
10,K-04,Selasa,2025-03-04 04:55:01,-6.119611,106.181548,35.4,0.3284
10,K-04,Selasa,2025-03-04 04:55:32,-6.11819,106.181962,39.5,0.3284
10,K-04,Selasa,2025-03-04 04:56:03,-6.116769,106.182376,39.5,0.3284
10,K-04,Selasa,2025-03-04 04:56:34,-6.11523,106.183165,44.5,0.3284
10,K-04,Selasa,2025-03-04 04:57:05,-6.113691,106.183954,36.1,0.3284
10,K-04,Selasa,2025-03-04 04:57:36,-6.112462,106.182965,44.3,0.3284
10,K-04,Selasa,2025-03-04 04:58:07,-6.111233,106.181977,40.5,0.3284
10,K-04,Selasa,2025-03-04 04:58:38,-6.107071,106.178041,35.9,0.3284
10,K-04,Selasa,2025-03-04 04:59:09,-6.10291,106.174104,39.4,0.3284
10,K-04,Selasa,2025-03-04 04:59:40,-6.101555,106.172775,40.8,0.3284
10,K-04,Selasa,2025-03-04 05:00:11,-6.100201,106.171446,41.5,0.3284
10,K-04,Selasa,2025-03-04 05:00:42,-6.099287,106.170243,33.2,0.3284
10,K-04,Selasa,2025-03-04 05:01:13,-6.098373,106.169039,39.9,0.3284
10,K-04,Selasa,2025-03-04 05:01:44,-6.097544,106.167923,38.6,0.3284
10,K-04,Selasa,2025-03-04 05:02:15,-6.096714,106.166806,43.4,0.3284
10,K-04,Selasa,2025-03-04 05:02:46,-6.095384,106.164179,36.0,0.3284
10,K-04,Selasa,2025-03-04 05:03:17,-6.094054,106.161552,42.2,0.3284
10,K-04,Selasa,2025-03-04 05:03:48,-6.090362,106.150789,39.9,0.3284
10,K-04,Selasa,2025-03-04 05:04:19,-6.086671,106.140026,36.8,0.3284
10,K-04,Selasa,2025-03-04 05:04:50,-6.086009,106.138655,40.2,0.3284
10,K-04,Selasa,2025-03-04 05:05:21,-6.085348,106.137283,40.1,0.3284
10,K-04,Selasa,2025-03-04 05:05:52,-6.084086,106.135965,40.7,0.3284
10,K-04,Selasa,2025-03-04 05:06:23,-6.082823,106.134648,41.3,0.3284
10,K-04,Selasa,2025-03-04 05:06:54,-6.071108,106.128433,40.5,0.3284
10,K-04,Selasa,2025-03-04 05:07:25,-6.059393,106.122219,42.7,0.3284
10,K-04,Selasa,2025-03-04 05:07:56,-6.055872,106.120039,40.1,0.3284
10,K-04,Selasa,2025-03-04 05:08:27,-6.052352,106.11786,43.4,0.3284
10,K-04,Selasa,2025-03-04 05:08:58,-6.050965,106.116649,40.4,0.3284
10,K-04,Selasa,2025-03-04 05:09:29,-6.049578,106.115439,36.3,0.3284
10,K-04,Selasa,2025-03-04 05:10:00,-6.046235,106.111776,37.9,0.3284
10,K-04,Selasa,2025-03-04 05:10:31,-6.042891,106.108113,39.6,0.3284
10,K-04,Selasa,2025-03-04 05:11:02,-6.041576,106.106827,41.4,0.3284
10,K-04,Selasa,2025-03-04 05:11:33,-6.04026,106.10554,33.7,0.3284
10,K-04,Selasa,2025-03-04 05:12:04,-6.037822,106.10378,36.1,0.3284
10,K-04,Selasa,2025-03-04 05:12:35,-6.035384,106.102019,41.6,0.3284
10,K-04,Selasa,2025-03-04 05:13:06,-6.031515,106.099596,34.7,0.3284
10,K-04,Selasa,2025-03-04 05:13:37,-6.027647,106.097174,34.2,0.3284
10,K-04,Selasa,2025-03-04 05:14:08,-6.025531,106.095443,39.1,0.3284
10,K-04,Selasa,2025-03-04 05:14:39,-6.023414,106.093712,44.3,0.3284
10,K-04,Selasa,2025-03-04 05:15:10,-6.022845,106.092225,39.0,0.3284
10,K-04,Selasa,2025-03-04 05:15:41,-6.022276,106.090738,43.6,0.3284
10,K-04,Selasa,2025-03-04 05:16:12,-6.02324,106.089192,42.6,0.3284
10,K-04,Selasa,2025-03-04 05:16:42,-6.024204,106.087646,35.7,0.3284
10,K-04,Selasa,2025-03-04 05:17:13,-6.02497,106.086703,42.5,0.3284
10,K-04,Selasa,2025-03-04 05:17:44,-6.025735,106.085761,38.4,0.3284
10,K-04,Selasa,2025-03-04 05:18:15,-6.028745,106.085247,42.3,0.3284
10,K-04,Selasa,2025-03-04 05:18:46,-6.031754,106.084733,41.6,0.3284
10,K-04,Selasa,2025-03-04 05:19:17,-6.032953,106.083847,36.7,0.3284
10,K-04,Selasa,2025-03-04 05:19:48,-6.034152,106.082962,34.0,0.3284
10,K-04,Selasa,2025-03-04 05:20:19,-6.033387,106.081626,44.2,0.3284
10,K-04,Selasa,2025-03-04 05:20:50,-6.032623,106.080289,34.3,0.3284
10,K-04,Selasa,2025-03-04 05:21:21,-6.031683,106.079026,44.2,0.3284
10,K-04,Selasa,2025-03-04 05:21:52,-6.030743,106.077762,42.9,0.3284
10,K-04,Selasa,2025-03-04 05:22:23,-6.027209,106.072342,41.3,0.3284
10,K-04,Selasa,2025-03-04 05:22:54,-6.023674,106.066922,44.4,0.3284
10,K-04,Selasa,2025-03-04 05:23:25,-6.022251,106.064022,44.2,0.3284
10,K-04,Selasa,2025-03-04 05:23:56,-6.020827,106.061123,42.3,0.3284
10,K-04,Selasa,2025-03-04 05:24:27,-6.018808,106.056438,37.0,0.3284
10,K-04,Selasa,2025-03-04 05:24:58,-6.016789,106.051754,42.1,0.3284
10,K-04,Selasa,2025-03-04 05:25:29,-6.016001,106.050271,32.8,0.3284
10,K-04,Selasa,2025-03-04 05:26:00,-6.015214,106.048787,39.0,0.3284
10,K-04,Selasa,2025-03-04 05:26:31,-6.013647,106.046452,38.1,0.3284
10,K-04,Selasa,2025-03-04 05:27:02,-6.012079,106.044116,40.7,0.3284
10,K-04,Selasa,2025-03-04 05:27:33,-6.011188,106.043044,40.7,0.3284
10,K-04,Selasa,2025-03-04 05:28:04,-6.010297,106.041972,39.6,0.3284
10,K-04,Selasa,2025-03-04 05:28:35,-6.008942,106.0413,42.5,0.3284
10,K-04,Selasa,2025-03-04 05:29:06,-6.007588,106.040627,43.9,0.3284
10,K-04,Selasa,2025-03-04 05:29:37,-6.001115,106.036017,33.9,0.3284
10,K-04,Selasa,2025-03-04 05:30:08,-5.994642,106.031408,35.4,0.3284
10,K-04,Selasa,2025-03-04 05:30:39,-5.994061,106.030219,32.9,0.3284
10,K-04,Selasa,2025-03-04 05:31:10,-5.99348,106.02903,43.2,0.3284
10,K-04,Selasa,2025-03-04 05:31:41,-5.994473,106.028137,39.3,0.3284
10,K-04,Selasa,2025-03-04 05:32:12,-5.995467,106.027244,43.6,0.3284
10,K-04,Selasa,2025-03-04 05:32:43,-5.995702,106.025915,35.3,0.3284
10,K-04,Selasa,2025-03-04 05:33:14,-5.995937,106.024587,33.4,0.3284
10,K-04,Selasa,2025-03-04 05:33:45,-5.99672,106.023599,42.5,0.3284
10,K-04,Selasa,2025-03-04 05:34:16,-5.997503,106.022612,43.5,0.3284
10,K-04,Selasa,2025-03-04 05:34:47,-5.999339,106.022582,36.2,0.3284
10,K-04,Selasa,2025-03-04 05:35:18,-6.001174,106.022552,37.5,0.3284
10,K-04,Selasa,2025-03-04 05:35:49,-6.001934,106.023665,34.3,0.3284
10,K-04,Selasa,2025-03-04 05:36:20,-6.002694,106.024778,44.0,0.3284
10,K-04,Selasa,2025-03-04 05:36:51,-6.002762,106.025294,36.3,0.3284
10,K-04,Selasa,2025-03-04 05:37:22,-6.00283,106.02581,38.5,0.3284
10,K-04,Selasa,2025-03-04 05:37:53,-6.00286,106.025299,33.8,0.3284
10,K-04,Selasa,2025-03-04 05:38:24,-6.00289,106.024787,0.0,0.3284
11,K-04,Selasa,2025-03-04 10:25:00,-6.00289,106.024787,15.0,0.3305
11,K-04,Selasa,2025-03-04 10:25:39,-6.00286,106.025299,35.9,0.3305
11,K-04,Selasa,2025-03-04 10:26:18,-6.00283,106.02581,29.5,0.3305
11,K-04,Selasa,2025-03-04 10:26:58,-6.002762,106.025294,33.4,0.3305
11,K-04,Selasa,2025-03-04 10:27:37,-6.002694,106.024778,26.4,0.3305
11,K-04,Selasa,2025-03-04 10:28:17,-6.001934,106.023665,29.5,0.3305
11,K-04,Selasa,2025-03-04 10:28:56,-6.001174,106.022552,25.7,0.3305
11,K-04,Selasa,2025-03-04 10:29:35,-5.999339,106.022582,30.4,0.3305
11,K-04,Selasa,2025-03-04 10:30:15,-5.997503,106.022612,29.4,0.3305
11,K-04,Selasa,2025-03-04 10:30:54,-5.99672,106.023599,35.9,0.3305
11,K-04,Selasa,2025-03-04 10:31:34,-5.995937,106.024587,24.9,0.3305
11,K-04,Selasa,2025-03-04 10:32:13,-5.995702,106.025915,28.9,0.3305
11,K-04,Selasa,2025-03-04 10:32:53,-5.995467,106.027244,29.8,0.3305
11,K-04,Selasa,2025-03-04 10:33:32,-5.994473,106.028137,35.9,0.3305
11,K-04,Selasa,2025-03-04 10:34:11,-5.99348,106.02903,34.8,0.3305
11,K-04,Selasa,2025-03-04 10:34:51,-5.994061,106.030219,25.7,0.3305
11,K-04,Selasa,2025-03-04 10:35:30,-5.994642,106.031408,32.7,0.3305
11,K-04,Selasa,2025-03-04 10:36:10,-6.001115,106.036017,31.0,0.3305
11,K-04,Selasa,2025-03-04 10:36:49,-6.007588,106.040627,36.2,0.3305
11,K-04,Selasa,2025-03-04 10:37:28,-6.008942,106.0413,28.8,0.3305
11,K-04,Selasa,2025-03-04 10:38:08,-6.010297,106.041972,29.3,0.3305
11,K-04,Selasa,2025-03-04 10:38:47,-6.011188,106.043044,26.8,0.3305
11,K-04,Selasa,2025-03-04 10:39:27,-6.012079,106.044116,26.0,0.3305
11,K-04,Selasa,2025-03-04 10:40:06,-6.013647,106.046452,34.7,0.3305
11,K-04,Selasa,2025-03-04 10:40:46,-6.015214,106.048787,30.0,0.3305
11,K-04,Selasa,2025-03-04 10:41:25,-6.016001,106.050271,32.5,0.3305
11,K-04,Selasa,2025-03-04 10:42:04,-6.016789,106.051754,32.2,0.3305
11,K-04,Selasa,2025-03-04 10:42:44,-6.018808,106.056438,31.7,0.3305
11,K-04,Selasa,2025-03-04 10:43:23,-6.020827,106.061123,24.8,0.3305
11,K-04,Selasa,2025-03-04 10:44:03,-6.022251,106.064022,33.9,0.3305
11,K-04,Selasa,2025-03-04 10:44:42,-6.023674,106.066922,27.4,0.3305
11,K-04,Selasa,2025-03-04 10:45:21,-6.027209,106.072342,26.0,0.3305
11,K-04,Selasa,2025-03-04 10:46:01,-6.030743,106.077762,31.3,0.3305
11,K-04,Selasa,2025-03-04 10:46:40,-6.031683,106.079026,25.3,0.3305
11,K-04,Selasa,2025-03-04 10:47:20,-6.032623,106.080289,33.7,0.3305
11,K-04,Selasa,2025-03-04 10:47:59,-6.033387,106.081626,27.0,0.3305
11,K-04,Selasa,2025-03-04 10:48:39,-6.034152,106.082962,27.1,0.3305
11,K-04,Selasa,2025-03-04 10:49:18,-6.032953,106.083847,34.9,0.3305
11,K-04,Selasa,2025-03-04 10:49:57,-6.031754,106.084733,28.4,0.3305
11,K-04,Selasa,2025-03-04 10:50:37,-6.028745,106.085247,26.3,0.3305
11,K-04,Selasa,2025-03-04 10:51:16,-6.025735,106.085761,35.3,0.3305
11,K-04,Selasa,2025-03-04 10:51:56,-6.02497,106.086703,24.5,0.3305
11,K-04,Selasa,2025-03-04 10:52:35,-6.024204,106.087646,34.8,0.3305
11,K-04,Selasa,2025-03-04 10:53:14,-6.02324,106.089192,26.2,0.3305
11,K-04,Selasa,2025-03-04 10:53:54,-6.022276,106.090738,26.1,0.3305
11,K-04,Selasa,2025-03-04 10:54:33,-6.022845,106.092225,27.5,0.3305
11,K-04,Selasa,2025-03-04 10:55:13,-6.023414,106.093712,26.6,0.3305
11,K-04,Selasa,2025-03-04 10:55:52,-6.025531,106.095443,32.4,0.3305
11,K-04,Selasa,2025-03-04 10:56:32,-6.027647,106.097174,24.8,0.3305
11,K-04,Selasa,2025-03-04 10:57:11,-6.031515,106.099596,24.7,0.3305
11,K-04,Selasa,2025-03-04 10:57:50,-6.035384,106.102019,34.0,0.3305
11,K-04,Selasa,2025-03-04 10:58:30,-6.037822,106.10378,27.4,0.3305
11,K-04,Selasa,2025-03-04 10:59:09,-6.04026,106.10554,28.4,0.3305
11,K-04,Selasa,2025-03-04 10:59:49,-6.041576,106.106827,26.6,0.3305
11,K-04,Selasa,2025-03-04 11:00:28,-6.042891,106.108113,25.1,0.3305
11,K-04,Selasa,2025-03-04 11:01:08,-6.046235,106.111776,33.4,0.3305
11,K-04,Selasa,2025-03-04 11:01:47,-6.049578,106.115439,30.8,0.3305
11,K-04,Selasa,2025-03-04 11:02:26,-6.050965,106.116649,33.4,0.3305
11,K-04,Selasa,2025-03-04 11:03:06,-6.052352,106.11786,30.2,0.3305
11,K-04,Selasa,2025-03-04 11:03:45,-6.055872,106.120039,33.8,0.3305
11,K-04,Selasa,2025-03-04 11:04:25,-6.059393,106.122219,30.7,0.3305
11,K-04,Selasa,2025-03-04 11:05:04,-6.071108,106.128433,25.8,0.3305
11,K-04,Selasa,2025-03-04 11:05:43,-6.082823,106.134648,30.5,0.3305
11,K-04,Selasa,2025-03-04 11:06:23,-6.084086,106.135965,35.8,0.3305
11,K-04,Selasa,2025-03-04 11:07:02,-6.085348,106.137283,25.0,0.3305
11,K-04,Selasa,2025-03-04 11:07:42,-6.086009,106.138655,33.9,0.3305
11,K-04,Selasa,2025-03-04 11:08:21,-6.086671,106.140026,34.9,0.3305
11,K-04,Selasa,2025-03-04 11:09:01,-6.090362,106.150789,30.8,0.3305
11,K-04,Selasa,2025-03-04 11:09:40,-6.094054,106.161552,30.0,0.3305
11,K-04,Selasa,2025-03-04 11:10:19,-6.095384,106.164179,36.1,0.3305
11,K-04,Selasa,2025-03-04 11:10:59,-6.096714,106.166806,25.2,0.3305
11,K-04,Selasa,2025-03-04 11:11:38,-6.097544,106.167923,30.2,0.3305
11,K-04,Selasa,2025-03-04 11:12:18,-6.098373,106.169039,29.3,0.3305
11,K-04,Selasa,2025-03-04 11:12:57,-6.099287,106.170243,32.7,0.3305
11,K-04,Selasa,2025-03-04 11:13:36,-6.100201,106.171446,30.4,0.3305
11,K-04,Selasa,2025-03-04 11:14:16,-6.101555,106.172775,35.4,0.3305
11,K-04,Selasa,2025-03-04 11:14:55,-6.10291,106.174104,25.4,0.3305
11,K-04,Selasa,2025-03-04 11:15:35,-6.107071,106.178041,25.5,0.3305
11,K-04,Selasa,2025-03-04 11:16:14,-6.111233,106.181977,31.8,0.3305
11,K-04,Selasa,2025-03-04 11:16:54,-6.112462,106.182965,25.3,0.3305
11,K-04,Selasa,2025-03-04 11:17:33,-6.113691,106.183954,27.8,0.3305
11,K-04,Selasa,2025-03-04 11:18:12,-6.11523,106.183165,32.1,0.3305
11,K-04,Selasa,2025-03-04 11:18:52,-6.116769,106.182376,31.1,0.3305
11,K-04,Selasa,2025-03-04 11:19:31,-6.11819,106.181962,28.4,0.3305
11,K-04,Selasa,2025-03-04 11:20:11,-6.119611,106.181548,36.4,0.3305
11,K-04,Selasa,2025-03-04 11:20:50,-6.120006,106.18302,30.9,0.3305
11,K-04,Selasa,2025-03-04 11:21:29,-6.120401,106.184492,0.0,0.3305
12,K-04,Selasa,2025-03-04 16:55:00,-6.120401,106.184492,15.0,0.3285
12,K-04,Selasa,2025-03-04 16:56:11,-6.120006,106.18302,18.6,0.3285
12,K-04,Selasa,2025-03-04 16:57:22,-6.119611,106.181548,20.0,0.3285
12,K-04,Selasa,2025-03-04 16:58:33,-6.11819,106.181962,19.5,0.3285
12,K-04,Selasa,2025-03-04 16:59:45,-6.116769,106.182376,13.4,0.3285
12,K-04,Selasa,2025-03-04 17:00:56,-6.11523,106.183165,16.2,0.3285
12,K-04,Selasa,2025-03-04 17:02:07,-6.113691,106.183954,13.5,0.3285
12,K-04,Selasa,2025-03-04 17:03:19,-6.112462,106.182965,14.9,0.3285
12,K-04,Selasa,2025-03-04 17:04:30,-6.111233,106.181977,16.2,0.3285
12,K-04,Selasa,2025-03-04 17:05:41,-6.107071,106.178041,15.8,0.3285
12,K-04,Selasa,2025-03-04 17:06:53,-6.10291,106.174104,11.9,0.3285
12,K-04,Selasa,2025-03-04 17:08:04,-6.101555,106.172775,15.9,0.3285
12,K-04,Selasa,2025-03-04 17:09:15,-6.100201,106.171446,18.8,0.3285
12,K-04,Selasa,2025-03-04 17:10:26,-6.099287,106.170243,15.3,0.3285
12,K-04,Selasa,2025-03-04 17:11:38,-6.098373,106.169039,12.6,0.3285
12,K-04,Selasa,2025-03-04 17:12:49,-6.097544,106.167923,21.9,0.3285
12,K-04,Selasa,2025-03-04 17:14:00,-6.096714,106.166806,11.6,0.3285
12,K-04,Selasa,2025-03-04 17:15:12,-6.095384,106.164179,20.8,0.3285
12,K-04,Selasa,2025-03-04 17:16:23,-6.094054,106.161552,11.9,0.3285
12,K-04,Selasa,2025-03-04 17:17:34,-6.090362,106.150789,12.0,0.3285
12,K-04,Selasa,2025-03-04 17:18:46,-6.086671,106.140026,19.7,0.3285
12,K-04,Selasa,2025-03-04 17:19:57,-6.086009,106.138655,20.5,0.3285
12,K-04,Selasa,2025-03-04 17:21:08,-6.085348,106.137283,17.5,0.3285
12,K-04,Selasa,2025-03-04 17:22:19,-6.084086,106.135965,17.8,0.3285
12,K-04,Selasa,2025-03-04 17:23:31,-6.082823,106.134648,17.5,0.3285
12,K-04,Selasa,2025-03-04 17:24:42,-6.071108,106.128433,14.8,0.3285
12,K-04,Selasa,2025-03-04 17:25:53,-6.059393,106.122219,12.3,0.3285
12,K-04,Selasa,2025-03-04 17:27:05,-6.055872,106.120039,15.0,0.3285
12,K-04,Selasa,2025-03-04 17:28:16,-6.052352,106.11786,18.8,0.3285
12,K-04,Selasa,2025-03-04 17:29:27,-6.050965,106.116649,19.8,0.3285
12,K-04,Selasa,2025-03-04 17:30:39,-6.049578,106.115439,21.2,0.3285
12,K-04,Selasa,2025-03-04 17:31:50,-6.046235,106.111776,19.5,0.3285
12,K-04,Selasa,2025-03-04 17:33:01,-6.042891,106.108113,22.4,0.3285
12,K-04,Selasa,2025-03-04 17:34:12,-6.041576,106.106827,18.0,0.3285
12,K-04,Selasa,2025-03-04 17:35:24,-6.04026,106.10554,15.0,0.3285
12,K-04,Selasa,2025-03-04 17:36:35,-6.037822,106.10378,17.7,0.3285
12,K-04,Selasa,2025-03-04 17:37:46,-6.035384,106.102019,13.4,0.3285
12,K-04,Selasa,2025-03-04 17:38:58,-6.031515,106.099596,18.7,0.3285
12,K-04,Selasa,2025-03-04 17:40:09,-6.027647,106.097174,13.5,0.3285
12,K-04,Selasa,2025-03-04 17:41:20,-6.025531,106.095443,12.1,0.3285
12,K-04,Selasa,2025-03-04 17:42:32,-6.023414,106.093712,20.9,0.3285
12,K-04,Selasa,2025-03-04 17:43:43,-6.022845,106.092225,15.2,0.3285
12,K-04,Selasa,2025-03-04 17:44:54,-6.022276,106.090738,20.0,0.3285
12,K-04,Selasa,2025-03-04 17:46:06,-6.02324,106.089192,17.7,0.3285
12,K-04,Selasa,2025-03-04 17:47:17,-6.024204,106.087646,20.5,0.3285
12,K-04,Selasa,2025-03-04 17:48:28,-6.02497,106.086703,20.9,0.3285
12,K-04,Selasa,2025-03-04 17:49:39,-6.025735,106.085761,22.5,0.3285
12,K-04,Selasa,2025-03-04 17:50:51,-6.028745,106.085247,20.6,0.3285
12,K-04,Selasa,2025-03-04 17:52:02,-6.031754,106.084733,18.2,0.3285
12,K-04,Selasa,2025-03-04 17:53:13,-6.032953,106.083847,18.5,0.3285
12,K-04,Selasa,2025-03-04 17:54:25,-6.034152,106.082962,11.1,0.3285
12,K-04,Selasa,2025-03-04 17:55:36,-6.033387,106.081626,21.9,0.3285
12,K-04,Selasa,2025-03-04 17:56:47,-6.032623,106.080289,20.8,0.3285
12,K-04,Selasa,2025-03-04 17:57:59,-6.031683,106.079026,14.0,0.3285
12,K-04,Selasa,2025-03-04 17:59:10,-6.030743,106.077762,13.0,0.3285
12,K-04,Selasa,2025-03-04 18:00:21,-6.027209,106.072342,19.2,0.3285
12,K-04,Selasa,2025-03-04 18:01:32,-6.023674,106.066922,14.5,0.3285
12,K-04,Selasa,2025-03-04 18:02:44,-6.022251,106.064022,14.9,0.3285
12,K-04,Selasa,2025-03-04 18:03:55,-6.020827,106.061123,10.9,0.3285
12,K-04,Selasa,2025-03-04 18:05:06,-6.018808,106.056438,21.2,0.3285
12,K-04,Selasa,2025-03-04 18:06:18,-6.016789,106.051754,17.6,0.3285
12,K-04,Selasa,2025-03-04 18:07:29,-6.016001,106.050271,15.6,0.3285
12,K-04,Selasa,2025-03-04 18:08:40,-6.015214,106.048787,12.5,0.3285
12,K-04,Selasa,2025-03-04 18:09:52,-6.013647,106.046452,18.4,0.3285
12,K-04,Selasa,2025-03-04 18:11:03,-6.012079,106.044116,11.2,0.3285
12,K-04,Selasa,2025-03-04 18:12:14,-6.011188,106.043044,19.8,0.3285
12,K-04,Selasa,2025-03-04 18:13:25,-6.010297,106.041972,13.4,0.3285
12,K-04,Selasa,2025-03-04 18:14:37,-6.008942,106.0413,15.8,0.3285
12,K-04,Selasa,2025-03-04 18:15:48,-6.007588,106.040627,14.9,0.3285
12,K-04,Selasa,2025-03-04 18:16:59,-6.001115,106.036017,15.2,0.3285
12,K-04,Selasa,2025-03-04 18:18:11,-5.994642,106.031408,19.5,0.3285
12,K-04,Selasa,2025-03-04 18:19:22,-5.994061,106.030219,20.1,0.3285
12,K-04,Selasa,2025-03-04 18:20:33,-5.99348,106.02903,17.6,0.3285
12,K-04,Selasa,2025-03-04 18:21:45,-5.994473,106.028137,11.8,0.3285
12,K-04,Selasa,2025-03-04 18:22:56,-5.995467,106.027244,11.4,0.3285
12,K-04,Selasa,2025-03-04 18:24:07,-5.995702,106.025915,12.7,0.3285
12,K-04,Selasa,2025-03-04 18:25:18,-5.995937,106.024587,18.2,0.3285
12,K-04,Selasa,2025-03-04 18:26:30,-5.99672,106.023599,18.9,0.3285
12,K-04,Selasa,2025-03-04 18:27:41,-5.997503,106.022612,14.1,0.3285
12,K-04,Selasa,2025-03-04 18:28:52,-5.999339,106.022582,18.7,0.3285
12,K-04,Selasa,2025-03-04 18:30:04,-6.001174,106.022552,16.6,0.3285
12,K-04,Selasa,2025-03-04 18:31:15,-6.001934,106.023665,16.1,0.3285
12,K-04,Selasa,2025-03-04 18:32:26,-6.002694,106.024778,14.1,0.3285
12,K-04,Selasa,2025-03-04 18:33:38,-6.002762,106.025294,19.9,0.3285
12,K-04,Selasa,2025-03-04 18:34:49,-6.00283,106.02581,12.2,0.3285
12,K-04,Selasa,2025-03-04 18:36:00,-6.00286,106.025299,16.0,0.3285
12,K-04,Selasa,2025-03-04 18:37:12,-6.00289,106.024787,0.0,0.3285
13,K-07,Selasa,2025-03-04 04:54:00,-6.120401,106.184492,15.0,0.3554
13,K-07,Selasa,2025-03-04 04:54:33,-6.120449,106.182988,33.4,0.3554
13,K-07,Selasa,2025-03-04 04:55:06,-6.120497,106.181485,35.2,0.3554
13,K-07,Selasa,2025-03-04 04:55:40,-6.119015,106.181689,44.0,0.3554
13,K-07,Selasa,2025-03-04 04:56:13,-6.117534,106.181893,41.9,0.3554
13,K-07,Selasa,2025-03-04 04:56:46,-6.116447,106.18275,41.9,0.3554
13,K-07,Selasa,2025-03-04 04:57:20,-6.115361,106.183607,36.2,0.3554
13,K-07,Selasa,2025-03-04 04:57:53,-6.114493,106.183838,34.1,0.3554
13,K-07,Selasa,2025-03-04 04:58:26,-6.113625,106.184069,38.7,0.3554
13,K-07,Selasa,2025-03-04 04:59:00,-6.109409,106.180187,37.9,0.3554
13,K-07,Selasa,2025-03-04 04:59:33,-6.105193,106.176306,34.3,0.3554
13,K-07,Selasa,2025-03-04 05:00:06,-6.100575,106.170921,39.1,0.3554
13,K-07,Selasa,2025-03-04 05:00:40,-6.095958,106.165536,35.5,0.3554
13,K-07,Selasa,2025-03-04 05:01:13,-6.093378,106.158769,39.4,0.3554
13,K-07,Selasa,2025-03-04 05:01:46,-6.090798,106.152001,40.7,0.3554
13,K-07,Selasa,2025-03-04 05:02:20,-6.088704,106.145865,37.0,0.3554
13,K-07,Selasa,2025-03-04 05:02:53,-6.08661,106.139728,37.5,0.3554
13,K-07,Selasa,2025-03-04 05:03:26,-6.081891,106.135638,41.6,0.3554
13,K-07,Selasa,2025-03-04 05:04:00,-6.077171,106.131547,37.9,0.3554
13,K-07,Selasa,2025-03-04 05:04:33,-6.067851,106.126623,38.2,0.3554
13,K-07,Selasa,2025-03-04 05:05:06,-6.058531,106.1217,33.6,0.3554
13,K-07,Selasa,2025-03-04 05:05:40,-6.054898,106.119329,36.5,0.3554
13,K-07,Selasa,2025-03-04 05:06:13,-6.051265,106.116959,37.9,0.3554
13,K-07,Selasa,2025-03-04 05:06:46,-6.047156,106.112505,37.6,0.3554
13,K-07,Selasa,2025-03-04 05:07:20,-6.043048,106.108051,40.4,0.3554
13,K-07,Selasa,2025-03-04 05:07:53,-6.039813,106.105373,36.2,0.3554
13,K-07,Selasa,2025-03-04 05:08:26,-6.036578,106.102696,37.6,0.3554
13,K-07,Selasa,2025-03-04 05:09:00,-6.030036,106.098298,44.3,0.3554
13,K-07,Selasa,2025-03-04 05:09:33,-6.023493,106.093901,34.8,0.3554
13,K-07,Selasa,2025-03-04 05:10:06,-6.022763,106.093069,44.1,0.3554
13,K-07,Selasa,2025-03-04 05:10:40,-6.022034,106.092237,38.2,0.3554
13,K-07,Selasa,2025-03-04 05:11:13,-6.022133,106.091267,41.0,0.3554
13,K-07,Selasa,2025-03-04 05:11:46,-6.022233,106.090297,37.0,0.3554
13,K-07,Selasa,2025-03-04 05:12:20,-6.023358,106.088664,37.9,0.3554
13,K-07,Selasa,2025-03-04 05:12:53,-6.024483,106.087031,34.0,0.3554
13,K-07,Selasa,2025-03-04 05:13:26,-6.025137,106.086275,37.9,0.3554
13,K-07,Selasa,2025-03-04 05:14:00,-6.025791,106.085519,37.5,0.3554
13,K-07,Selasa,2025-03-04 05:14:33,-6.028265,106.085363,33.6,0.3554
13,K-07,Selasa,2025-03-04 05:15:06,-6.03074,106.085206,43.1,0.3554
13,K-07,Selasa,2025-03-04 05:15:40,-6.031801,106.08464,41.6,0.3554
13,K-07,Selasa,2025-03-04 05:16:13,-6.032862,106.084073,35.4,0.3554
13,K-07,Selasa,2025-03-04 05:16:46,-6.033632,106.083619,42.0,0.3554
13,K-07,Selasa,2025-03-04 05:17:20,-6.034402,106.083165,33.6,0.3554
13,K-07,Selasa,2025-03-04 05:17:53,-6.033392,106.081554,40.3,0.3554
13,K-07,Selasa,2025-03-04 05:18:26,-6.032382,106.079943,39.1,0.3554
13,K-07,Selasa,2025-03-04 05:19:00,-6.030944,106.077923,35.0,0.3554
13,K-07,Selasa,2025-03-04 05:19:33,-6.029506,106.075904,42.0,0.3554
13,K-07,Selasa,2025-03-04 05:20:06,-6.027943,106.073596,36.9,0.3554
13,K-07,Selasa,2025-03-04 05:20:40,-6.02638,106.071289,44.2,0.3554
13,K-07,Selasa,2025-03-04 05:21:13,-6.024512,106.068114,40.4,0.3554
13,K-07,Selasa,2025-03-04 05:21:46,-6.022644,106.064939,34.5,0.3554
13,K-07,Selasa,2025-03-04 05:22:20,-6.020935,106.060982,33.9,0.3554
13,K-07,Selasa,2025-03-04 05:22:53,-6.019226,106.057025,35.8,0.3554
13,K-07,Selasa,2025-03-04 05:23:26,-6.017736,106.053745,34.8,0.3554
13,K-07,Selasa,2025-03-04 05:24:00,-6.016247,106.050465,34.5,0.3554
13,K-07,Selasa,2025-03-04 05:24:33,-6.014927,106.048385,41.8,0.3554
13,K-07,Selasa,2025-03-04 05:25:06,-6.013608,106.046306,33.6,0.3554
13,K-07,Selasa,2025-03-04 05:25:40,-6.013208,106.045749,44.1,0.3554
13,K-07,Selasa,2025-03-04 05:26:13,-6.012807,106.045191,40.2,0.3554
13,K-07,Selasa,2025-03-04 05:26:46,-6.012175,106.043406,38.3,0.3554
13,K-07,Selasa,2025-03-04 05:27:20,-6.011543,106.041621,39.5,0.3554
13,K-07,Selasa,2025-03-04 05:27:53,-6.01086,106.037239,39.7,0.3554
13,K-07,Selasa,2025-03-04 05:28:26,-6.010176,106.032856,40.9,0.3554
13,K-07,Selasa,2025-03-04 05:29:00,-6.009626,106.028951,43.3,0.3554
13,K-07,Selasa,2025-03-04 05:29:33,-6.009075,106.025045,40.4,0.3554
13,K-07,Selasa,2025-03-04 05:30:06,-6.009984,106.021793,44.5,0.3554
13,K-07,Selasa,2025-03-04 05:30:40,-6.010892,106.01854,36.6,0.3554
13,K-07,Selasa,2025-03-04 05:31:13,-6.011474,106.0155,44.4,0.3554
13,K-07,Selasa,2025-03-04 05:31:46,-6.012056,106.01246,36.5,0.3554
13,K-07,Selasa,2025-03-04 05:32:20,-6.012134,106.009563,38.0,0.3554
13,K-07,Selasa,2025-03-04 05:32:53,-6.012211,106.006667,38.3,0.3554
13,K-07,Selasa,2025-03-04 05:33:26,-6.01184,106.003198,40.3,0.3554
13,K-07,Selasa,2025-03-04 05:34:00,-6.01147,105.99973,42.3,0.3554
13,K-07,Selasa,2025-03-04 05:34:33,-6.010867,105.996921,39.8,0.3554
13,K-07,Selasa,2025-03-04 05:35:06,-6.010265,105.994113,36.9,0.3554
13,K-07,Selasa,2025-03-04 05:35:40,-6.011052,105.988977,33.6,0.3554
13,K-07,Selasa,2025-03-04 05:36:13,-6.01184,105.983841,38.2,0.3554
13,K-07,Selasa,2025-03-04 05:36:46,-6.013607,105.980132,33.2,0.3554
13,K-07,Selasa,2025-03-04 05:37:20,-6.015375,105.976423,37.1,0.3554
13,K-07,Selasa,2025-03-04 05:37:53,-6.016651,105.973485,36.1,0.3554
13,K-07,Selasa,2025-03-04 05:38:26,-6.017927,105.970547,40.4,0.3554
13,K-07,Selasa,2025-03-04 05:39:00,-6.018326,105.969919,44.4,0.3554
13,K-07,Selasa,2025-03-04 05:39:33,-6.018725,105.969291,33.8,0.3554
13,K-07,Selasa,2025-03-04 05:40:06,-6.02085,105.967025,39.8,0.3554
13,K-07,Selasa,2025-03-04 05:40:40,-6.022975,105.964758,37.3,0.3554
13,K-07,Selasa,2025-03-04 05:41:13,-6.023462,105.963127,39.7,0.3554
13,K-07,Selasa,2025-03-04 05:41:46,-6.023949,105.961495,44.2,0.3554
13,K-07,Selasa,2025-03-04 05:42:20,-6.023233,105.958851,41.6,0.3554
13,K-07,Selasa,2025-03-04 05:42:53,-6.022516,105.956207,33.2,0.3554
13,K-07,Selasa,2025-03-04 05:43:26,-6.02342,105.953825,43.6,0.3554
13,K-07,Selasa,2025-03-04 05:44:00,-6.024323,105.951444,39.6,0.3554
13,K-07,Selasa,2025-03-04 05:44:33,-6.025311,105.950308,35.0,0.3554
13,K-07,Selasa,2025-03-04 05:45:06,-6.0263,105.949172,40.0,0.3554
13,K-07,Selasa,2025-03-04 05:45:40,-6.028849,105.945886,38.7,0.3554
13,K-07,Selasa,2025-03-04 05:46:13,-6.031397,105.9426,44.2,0.3554
13,K-07,Selasa,2025-03-04 05:46:46,-6.033191,105.939526,38.1,0.3554
13,K-07,Selasa,2025-03-04 05:47:20,-6.034985,105.936452,42.4,0.3554
13,K-07,Selasa,2025-03-04 05:47:53,-6.036134,105.933928,42.7,0.3554
13,K-07,Selasa,2025-03-04 05:48:26,-6.037284,105.931403,44.5,0.3554
13,K-07,Selasa,2025-03-04 05:49:00,-6.038605,105.929077,33.7,0.3554
13,K-07,Selasa,2025-03-04 05:49:33,-6.039927,105.92675,40.5,0.3554
13,K-07,Selasa,2025-03-04 05:50:06,-6.040842,105.926202,33.2,0.3554
13,K-07,Selasa,2025-03-04 05:50:40,-6.041757,105.925654,41.2,0.3554
13,K-07,Selasa,2025-03-04 05:51:13,-6.043299,105.925629,44.6,0.3554
13,K-07,Selasa,2025-03-04 05:51:46,-6.044842,105.925605,39.0,0.3554
13,K-07,Selasa,2025-03-04 05:52:20,-6.04665,105.925298,40.0,0.3554
13,K-07,Selasa,2025-03-04 05:52:53,-6.048458,105.924992,37.1,0.3554
13,K-07,Selasa,2025-03-04 05:53:26,-6.050837,105.923865,43.7,0.3554
13,K-07,Selasa,2025-03-04 05:54:00,-6.053216,105.922737,0.0,0.3554
14,K-07,Selasa,2025-03-04 10:26:00,-6.053216,105.922737,15.0,0.3546
14,K-07,Selasa,2025-03-04 10:26:43,-6.050837,105.923865,27.4,0.3546
14,K-07,Selasa,2025-03-04 10:27:27,-6.048458,105.924992,27.4,0.3546
14,K-07,Selasa,2025-03-04 10:28:11,-6.04665,105.925298,30.1,0.3546
14,K-07,Selasa,2025-03-04 10:28:55,-6.044842,105.925605,28.0,0.3546
14,K-07,Selasa,2025-03-04 10:29:39,-6.043299,105.925629,26.4,0.3546
14,K-07,Selasa,2025-03-04 10:30:23,-6.041757,105.925654,33.6,0.3546
14,K-07,Selasa,2025-03-04 10:31:07,-6.040842,105.926202,35.0,0.3546
14,K-07,Selasa,2025-03-04 10:31:51,-6.039927,105.92675,30.6,0.3546
14,K-07,Selasa,2025-03-04 10:32:35,-6.038605,105.929077,25.2,0.3546
14,K-07,Selasa,2025-03-04 10:33:18,-6.037284,105.931403,24.4,0.3546
14,K-07,Selasa,2025-03-04 10:34:02,-6.036134,105.933928,31.4,0.3546
14,K-07,Selasa,2025-03-04 10:34:46,-6.034985,105.936452,34.4,0.3546
14,K-07,Selasa,2025-03-04 10:35:30,-6.033191,105.939526,27.1,0.3546
14,K-07,Selasa,2025-03-04 10:36:14,-6.031397,105.9426,31.3,0.3546
14,K-07,Selasa,2025-03-04 10:36:58,-6.028849,105.945886,31.3,0.3546
14,K-07,Selasa,2025-03-04 10:37:42,-6.0263,105.949172,24.9,0.3546
14,K-07,Selasa,2025-03-04 10:38:26,-6.025311,105.950308,31.9,0.3546
14,K-07,Selasa,2025-03-04 10:39:10,-6.024323,105.951444,24.4,0.3546
14,K-07,Selasa,2025-03-04 10:39:53,-6.02342,105.953825,30.1,0.3546
14,K-07,Selasa,2025-03-04 10:40:37,-6.022516,105.956207,31.1,0.3546
14,K-07,Selasa,2025-03-04 10:41:21,-6.023233,105.958851,27.3,0.3546
14,K-07,Selasa,2025-03-04 10:42:05,-6.023949,105.961495,24.9,0.3546
14,K-07,Selasa,2025-03-04 10:42:49,-6.023462,105.963127,31.8,0.3546
14,K-07,Selasa,2025-03-04 10:43:33,-6.022975,105.964758,34.8,0.3546
14,K-07,Selasa,2025-03-04 10:44:17,-6.02085,105.967025,35.4,0.3546
14,K-07,Selasa,2025-03-04 10:45:01,-6.018725,105.969291,34.3,0.3546
14,K-07,Selasa,2025-03-04 10:45:45,-6.018326,105.969919,24.5,0.3546
14,K-07,Selasa,2025-03-04 10:46:28,-6.017927,105.970547,31.4,0.3546
14,K-07,Selasa,2025-03-04 10:47:12,-6.016651,105.973485,29.5,0.3546
14,K-07,Selasa,2025-03-04 10:47:56,-6.015375,105.976423,23.6,0.3546
14,K-07,Selasa,2025-03-04 10:48:40,-6.013607,105.980132,27.1,0.3546
14,K-07,Selasa,2025-03-04 10:49:24,-6.01184,105.983841,34.8,0.3546
14,K-07,Selasa,2025-03-04 10:50:08,-6.011052,105.988977,27.5,0.3546
14,K-07,Selasa,2025-03-04 10:50:52,-6.010265,105.994113,32.6,0.3546
14,K-07,Selasa,2025-03-04 10:51:36,-6.010867,105.996921,25.7,0.3546
14,K-07,Selasa,2025-03-04 10:52:20,-6.01147,105.99973,35.4,0.3546
14,K-07,Selasa,2025-03-04 10:53:03,-6.01184,106.003198,25.3,0.3546
14,K-07,Selasa,2025-03-04 10:53:47,-6.012211,106.006667,26.9,0.3546
14,K-07,Selasa,2025-03-04 10:54:31,-6.012134,106.009563,32.9,0.3546
14,K-07,Selasa,2025-03-04 10:55:15,-6.012056,106.01246,29.5,0.3546
14,K-07,Selasa,2025-03-04 10:55:59,-6.011474,106.0155,29.9,0.3546
14,K-07,Selasa,2025-03-04 10:56:43,-6.010892,106.01854,32.3,0.3546
14,K-07,Selasa,2025-03-04 10:57:27,-6.009984,106.021793,29.7,0.3546
14,K-07,Selasa,2025-03-04 10:58:11,-6.009075,106.025045,31.3,0.3546
14,K-07,Selasa,2025-03-04 10:58:54,-6.009626,106.028951,33.9,0.3546
14,K-07,Selasa,2025-03-04 10:59:38,-6.010176,106.032856,30.8,0.3546
14,K-07,Selasa,2025-03-04 11:00:22,-6.01086,106.037239,30.6,0.3546
14,K-07,Selasa,2025-03-04 11:01:06,-6.011543,106.041621,25.3,0.3546
14,K-07,Selasa,2025-03-04 11:01:50,-6.012175,106.043406,25.6,0.3546
14,K-07,Selasa,2025-03-04 11:02:34,-6.012807,106.045191,31.7,0.3546
14,K-07,Selasa,2025-03-04 11:03:18,-6.013208,106.045749,30.9,0.3546
14,K-07,Selasa,2025-03-04 11:04:02,-6.013608,106.046306,34.2,0.3546
14,K-07,Selasa,2025-03-04 11:04:46,-6.014927,106.048385,32.1,0.3546
14,K-07,Selasa,2025-03-04 11:05:30,-6.016247,106.050465,23.9,0.3546
14,K-07,Selasa,2025-03-04 11:06:13,-6.017736,106.053745,27.8,0.3546
14,K-07,Selasa,2025-03-04 11:06:57,-6.019226,106.057025,32.0,0.3546
14,K-07,Selasa,2025-03-04 11:07:41,-6.020935,106.060982,35.0,0.3546
14,K-07,Selasa,2025-03-04 11:08:25,-6.022644,106.064939,30.7,0.3546
14,K-07,Selasa,2025-03-04 11:09:09,-6.024512,106.068114,32.4,0.3546
14,K-07,Selasa,2025-03-04 11:09:53,-6.02638,106.071289,32.8,0.3546
14,K-07,Selasa,2025-03-04 11:10:37,-6.027943,106.073596,26.2,0.3546
14,K-07,Selasa,2025-03-04 11:11:21,-6.029506,106.075904,26.3,0.3546
14,K-07,Selasa,2025-03-04 11:12:05,-6.030944,106.077923,35.0,0.3546
14,K-07,Selasa,2025-03-04 11:12:48,-6.032382,106.079943,32.8,0.3546
14,K-07,Selasa,2025-03-04 11:13:32,-6.033392,106.081554,34.2,0.3546
14,K-07,Selasa,2025-03-04 11:14:16,-6.034402,106.083165,25.7,0.3546
14,K-07,Selasa,2025-03-04 11:15:00,-6.033632,106.083619,31.5,0.3546
14,K-07,Selasa,2025-03-04 11:15:44,-6.032862,106.084073,30.2,0.3546
14,K-07,Selasa,2025-03-04 11:16:28,-6.031801,106.08464,28.7,0.3546
14,K-07,Selasa,2025-03-04 11:17:12,-6.03074,106.085206,32.6,0.3546
14,K-07,Selasa,2025-03-04 11:17:56,-6.028265,106.085363,32.7,0.3546
14,K-07,Selasa,2025-03-04 11:18:40,-6.025791,106.085519,29.4,0.3546
14,K-07,Selasa,2025-03-04 11:19:23,-6.025137,106.086275,28.4,0.3546
14,K-07,Selasa,2025-03-04 11:20:07,-6.024483,106.087031,25.3,0.3546
14,K-07,Selasa,2025-03-04 11:20:51,-6.023358,106.088664,25.8,0.3546
14,K-07,Selasa,2025-03-04 11:21:35,-6.022233,106.090297,30.7,0.3546
14,K-07,Selasa,2025-03-04 11:22:19,-6.022133,106.091267,33.9,0.3546
14,K-07,Selasa,2025-03-04 11:23:03,-6.022034,106.092237,24.0,0.3546
14,K-07,Selasa,2025-03-04 11:23:47,-6.022763,106.093069,29.2,0.3546
14,K-07,Selasa,2025-03-04 11:24:31,-6.023493,106.093901,27.9,0.3546
14,K-07,Selasa,2025-03-04 11:25:14,-6.030036,106.098298,34.6,0.3546
14,K-07,Selasa,2025-03-04 11:25:58,-6.036578,106.102696,31.9,0.3546
14,K-07,Selasa,2025-03-04 11:26:42,-6.039813,106.105373,29.6,0.3546
14,K-07,Selasa,2025-03-04 11:27:26,-6.043048,106.108051,24.9,0.3546
14,K-07,Selasa,2025-03-04 11:28:10,-6.047156,106.112505,24.4,0.3546
14,K-07,Selasa,2025-03-04 11:28:54,-6.051265,106.116959,25.3,0.3546
14,K-07,Selasa,2025-03-04 11:29:38,-6.054898,106.119329,28.8,0.3546
14,K-07,Selasa,2025-03-04 11:30:22,-6.058531,106.1217,29.6,0.3546
14,K-07,Selasa,2025-03-04 11:31:06,-6.067851,106.126623,33.4,0.3546
14,K-07,Selasa,2025-03-04 11:31:49,-6.077171,106.131547,24.5,0.3546
14,K-07,Selasa,2025-03-04 11:32:33,-6.081891,106.135638,34.3,0.3546
14,K-07,Selasa,2025-03-04 11:33:17,-6.08661,106.139728,33.2,0.3546
14,K-07,Selasa,2025-03-04 11:34:01,-6.088704,106.145865,34.0,0.3546
14,K-07,Selasa,2025-03-04 11:34:45,-6.090798,106.152001,34.6,0.3546
14,K-07,Selasa,2025-03-04 11:35:29,-6.093378,106.158769,28.4,0.3546
14,K-07,Selasa,2025-03-04 11:36:13,-6.095958,106.165536,28.2,0.3546
14,K-07,Selasa,2025-03-04 11:36:57,-6.100575,106.170921,27.9,0.3546
14,K-07,Selasa,2025-03-04 11:37:41,-6.105193,106.176306,28.0,0.3546
14,K-07,Selasa,2025-03-04 11:38:25,-6.109409,106.180187,24.4,0.3546
14,K-07,Selasa,2025-03-04 11:39:08,-6.113625,106.184069,26.1,0.3546
14,K-07,Selasa,2025-03-04 11:39:52,-6.114493,106.183838,27.2,0.3546
14,K-07,Selasa,2025-03-04 11:40:36,-6.115361,106.183607,24.6,0.3546
14,K-07,Selasa,2025-03-04 11:41:20,-6.116447,106.18275,32.0,0.3546
14,K-07,Selasa,2025-03-04 11:42:04,-6.117534,106.181893,27.4,0.3546
14,K-07,Selasa,2025-03-04 11:42:48,-6.119015,106.181689,25.2,0.3546
14,K-07,Selasa,2025-03-04 11:43:32,-6.120497,106.181485,23.9,0.3546
14,K-07,Selasa,2025-03-04 11:44:16,-6.120449,106.182988,34.4,0.3546
14,K-07,Selasa,2025-03-04 11:45:00,-6.120401,106.184492,0.0,0.3546
15,K-07,Selasa,2025-03-04 16:46:00,-6.120401,106.184492,15.0,0.355
15,K-07,Selasa,2025-03-04 16:47:23,-6.120449,106.182988,20.3,0.355
15,K-07,Selasa,2025-03-04 16:48:47,-6.120497,106.181485,9.6,0.355
15,K-07,Selasa,2025-03-04 16:50:10,-6.119015,106.181689,12.0,0.355
15,K-07,Selasa,2025-03-04 16:51:34,-6.117534,106.181893,11.2,0.355
15,K-07,Selasa,2025-03-04 16:52:57,-6.116447,106.18275,20.7,0.355
15,K-07,Selasa,2025-03-04 16:54:21,-6.115361,106.183607,16.7,0.355
15,K-07,Selasa,2025-03-04 16:55:44,-6.114493,106.183838,14.5,0.355
15,K-07,Selasa,2025-03-04 16:57:08,-6.113625,106.184069,18.7,0.355
15,K-07,Selasa,2025-03-04 16:58:31,-6.109409,106.180187,12.3,0.355
15,K-07,Selasa,2025-03-04 16:59:55,-6.105193,106.176306,10.9,0.355
15,K-07,Selasa,2025-03-04 17:01:18,-6.100575,106.170921,12.3,0.355
15,K-07,Selasa,2025-03-04 17:02:42,-6.095958,106.165536,17.1,0.355
15,K-07,Selasa,2025-03-04 17:04:05,-6.093378,106.158769,16.9,0.355
15,K-07,Selasa,2025-03-04 17:05:29,-6.090798,106.152001,10.2,0.355
15,K-07,Selasa,2025-03-04 17:06:52,-6.088704,106.145865,19.4,0.355
15,K-07,Selasa,2025-03-04 17:08:16,-6.08661,106.139728,15.4,0.355
15,K-07,Selasa,2025-03-04 17:09:39,-6.081891,106.135638,15.8,0.355
15,K-07,Selasa,2025-03-04 17:11:03,-6.077171,106.131547,17.0,0.355
15,K-07,Selasa,2025-03-04 17:12:26,-6.067851,106.126623,16.3,0.355
15,K-07,Selasa,2025-03-04 17:13:50,-6.058531,106.1217,18.0,0.355
15,K-07,Selasa,2025-03-04 17:15:13,-6.054898,106.119329,12.9,0.355
15,K-07,Selasa,2025-03-04 17:16:37,-6.051265,106.116959,9.4,0.355
15,K-07,Selasa,2025-03-04 17:18:00,-6.047156,106.112505,13.6,0.355
15,K-07,Selasa,2025-03-04 17:19:24,-6.043048,106.108051,16.2,0.355
15,K-07,Selasa,2025-03-04 17:20:47,-6.039813,106.105373,11.6,0.355
15,K-07,Selasa,2025-03-04 17:22:11,-6.036578,106.102696,17.4,0.355
15,K-07,Selasa,2025-03-04 17:23:34,-6.030036,106.098298,15.7,0.355
15,K-07,Selasa,2025-03-04 17:24:58,-6.023493,106.093901,13.7,0.355
15,K-07,Selasa,2025-03-04 17:26:21,-6.022763,106.093069,20.8,0.355
15,K-07,Selasa,2025-03-04 17:27:45,-6.022034,106.092237,15.9,0.355
15,K-07,Selasa,2025-03-04 17:29:08,-6.022133,106.091267,18.8,0.355
15,K-07,Selasa,2025-03-04 17:30:32,-6.022233,106.090297,15.5,0.355
15,K-07,Selasa,2025-03-04 17:31:55,-6.023358,106.088664,9.6,0.355
15,K-07,Selasa,2025-03-04 17:33:19,-6.024483,106.087031,19.9,0.355
15,K-07,Selasa,2025-03-04 17:34:42,-6.025137,106.086275,9.9,0.355
15,K-07,Selasa,2025-03-04 17:36:06,-6.025791,106.085519,14.0,0.355
15,K-07,Selasa,2025-03-04 17:37:29,-6.028265,106.085363,13.9,0.355
15,K-07,Selasa,2025-03-04 17:38:53,-6.03074,106.085206,18.4,0.355
15,K-07,Selasa,2025-03-04 17:40:16,-6.031801,106.08464,13.7,0.355
15,K-07,Selasa,2025-03-04 17:41:40,-6.032862,106.084073,10.2,0.355
15,K-07,Selasa,2025-03-04 17:43:03,-6.033632,106.083619,12.3,0.355
15,K-07,Selasa,2025-03-04 17:44:27,-6.034402,106.083165,17.3,0.355
15,K-07,Selasa,2025-03-04 17:45:50,-6.033392,106.081554,10.6,0.355
15,K-07,Selasa,2025-03-04 17:47:14,-6.032382,106.079943,16.4,0.355
15,K-07,Selasa,2025-03-04 17:48:37,-6.030944,106.077923,18.5,0.355
15,K-07,Selasa,2025-03-04 17:50:01,-6.029506,106.075904,11.0,0.355
15,K-07,Selasa,2025-03-04 17:51:24,-6.027943,106.073596,13.6,0.355
15,K-07,Selasa,2025-03-04 17:52:48,-6.02638,106.071289,13.5,0.355
15,K-07,Selasa,2025-03-04 17:54:11,-6.024512,106.068114,17.1,0.355
15,K-07,Selasa,2025-03-04 17:55:35,-6.022644,106.064939,19.4,0.355
15,K-07,Selasa,2025-03-04 17:56:58,-6.020935,106.060982,17.6,0.355
15,K-07,Selasa,2025-03-04 17:58:22,-6.019226,106.057025,21.2,0.355
15,K-07,Selasa,2025-03-04 17:59:45,-6.017736,106.053745,15.1,0.355
15,K-07,Selasa,2025-03-04 18:01:09,-6.016247,106.050465,11.6,0.355
15,K-07,Selasa,2025-03-04 18:02:32,-6.014927,106.048385,11.0,0.355
15,K-07,Selasa,2025-03-04 18:03:56,-6.013608,106.046306,18.0,0.355
15,K-07,Selasa,2025-03-04 18:05:19,-6.013208,106.045749,20.7,0.355
15,K-07,Selasa,2025-03-04 18:06:43,-6.012807,106.045191,9.8,0.355
15,K-07,Selasa,2025-03-04 18:08:06,-6.012175,106.043406,11.8,0.355
15,K-07,Selasa,2025-03-04 18:09:30,-6.011543,106.041621,18.9,0.355
15,K-07,Selasa,2025-03-04 18:10:53,-6.01086,106.037239,20.0,0.355
15,K-07,Selasa,2025-03-04 18:12:17,-6.010176,106.032856,13.2,0.355
15,K-07,Selasa,2025-03-04 18:13:40,-6.009626,106.028951,13.1,0.355
15,K-07,Selasa,2025-03-04 18:15:04,-6.009075,106.025045,14.2,0.355
15,K-07,Selasa,2025-03-04 18:16:27,-6.009984,106.021793,19.2,0.355
15,K-07,Selasa,2025-03-04 18:17:51,-6.010892,106.01854,15.1,0.355
15,K-07,Selasa,2025-03-04 18:19:14,-6.011474,106.0155,9.8,0.355
15,K-07,Selasa,2025-03-04 18:20:38,-6.012056,106.01246,17.2,0.355
15,K-07,Selasa,2025-03-04 18:22:01,-6.012134,106.009563,12.8,0.355
15,K-07,Selasa,2025-03-04 18:23:25,-6.012211,106.006667,19.7,0.355
15,K-07,Selasa,2025-03-04 18:24:48,-6.01184,106.003198,10.0,0.355
15,K-07,Selasa,2025-03-04 18:26:12,-6.01147,105.99973,17.3,0.355
15,K-07,Selasa,2025-03-04 18:27:35,-6.010867,105.996921,12.7,0.355
15,K-07,Selasa,2025-03-04 18:28:59,-6.010265,105.994113,19.0,0.355
15,K-07,Selasa,2025-03-04 18:30:22,-6.011052,105.988977,14.6,0.355
15,K-07,Selasa,2025-03-04 18:31:46,-6.01184,105.983841,14.2,0.355
15,K-07,Selasa,2025-03-04 18:33:09,-6.013607,105.980132,14.7,0.355
15,K-07,Selasa,2025-03-04 18:34:33,-6.015375,105.976423,20.9,0.355
15,K-07,Selasa,2025-03-04 18:35:56,-6.016651,105.973485,13.5,0.355
15,K-07,Selasa,2025-03-04 18:37:20,-6.017927,105.970547,11.6,0.355
15,K-07,Selasa,2025-03-04 18:38:43,-6.018326,105.969919,17.7,0.355
15,K-07,Selasa,2025-03-04 18:40:07,-6.018725,105.969291,13.8,0.355
15,K-07,Selasa,2025-03-04 18:41:30,-6.02085,105.967025,19.0,0.355
15,K-07,Selasa,2025-03-04 18:42:54,-6.022975,105.964758,12.6,0.355
15,K-07,Selasa,2025-03-04 18:44:17,-6.023462,105.963127,10.4,0.355
15,K-07,Selasa,2025-03-04 18:45:41,-6.023949,105.961495,14.5,0.355
15,K-07,Selasa,2025-03-04 18:47:04,-6.023233,105.958851,14.6,0.355
15,K-07,Selasa,2025-03-04 18:48:28,-6.022516,105.956207,21.3,0.355
15,K-07,Selasa,2025-03-04 18:49:51,-6.02342,105.953825,11.6,0.355
15,K-07,Selasa,2025-03-04 18:51:15,-6.024323,105.951444,12.9,0.355
15,K-07,Selasa,2025-03-04 18:52:38,-6.025311,105.950308,10.6,0.355
15,K-07,Selasa,2025-03-04 18:54:02,-6.0263,105.949172,13.3,0.355
15,K-07,Selasa,2025-03-04 18:55:25,-6.028849,105.945886,12.9,0.355
15,K-07,Selasa,2025-03-04 18:56:49,-6.031397,105.9426,14.8,0.355
15,K-07,Selasa,2025-03-04 18:58:12,-6.033191,105.939526,18.0,0.355
15,K-07,Selasa,2025-03-04 18:59:36,-6.034985,105.936452,11.4,0.355
15,K-07,Selasa,2025-03-04 19:00:59,-6.036134,105.933928,14.7,0.355
15,K-07,Selasa,2025-03-04 19:02:23,-6.037284,105.931403,14.8,0.355
15,K-07,Selasa,2025-03-04 19:03:46,-6.038605,105.929077,18.1,0.355
15,K-07,Selasa,2025-03-04 19:05:10,-6.039927,105.92675,20.3,0.355
15,K-07,Selasa,2025-03-04 19:06:33,-6.040842,105.926202,16.8,0.355
15,K-07,Selasa,2025-03-04 19:07:57,-6.041757,105.925654,14.6,0.355
15,K-07,Selasa,2025-03-04 19:09:20,-6.043299,105.925629,17.1,0.355
15,K-07,Selasa,2025-03-04 19:10:44,-6.044842,105.925605,18.9,0.355
15,K-07,Selasa,2025-03-04 19:12:07,-6.04665,105.925298,10.1,0.355
15,K-07,Selasa,2025-03-04 19:13:31,-6.048458,105.924992,17.5,0.355
15,K-07,Selasa,2025-03-04 19:14:54,-6.050837,105.923865,14.3,0.355
15,K-07,Selasa,2025-03-04 19:16:18,-6.053216,105.922737,0.0,0.355
16,K-12,Selasa,2025-03-04 04:50:00,-6.00289,106.024787,15.0,0.1274
16,K-12,Selasa,2025-03-04 04:50:14,-6.002619,106.023636,32.9,0.1274
16,K-12,Selasa,2025-03-04 04:50:29,-6.002348,106.022484,29.5,0.1274
16,K-12,Selasa,2025-03-04 04:50:44,-5.999045,106.022499,36.6,0.1274
16,K-12,Selasa,2025-03-04 04:50:59,-5.995743,106.022514,25.6,0.1274
16,K-12,Selasa,2025-03-04 04:51:14,-5.995042,106.025236,27.0,0.1274
16,K-12,Selasa,2025-03-04 04:51:29,-5.994341,106.027958,30.6,0.1274
16,K-12,Selasa,2025-03-04 04:51:44,-5.992765,106.027873,29.7,0.1274
16,K-12,Selasa,2025-03-04 04:51:58,-5.991189,106.027789,30.5,0.1274
16,K-12,Selasa,2025-03-04 04:52:13,-5.990295,106.025858,26.1,0.1274
16,K-12,Selasa,2025-03-04 04:52:28,-5.9894,106.023927,26.9,0.1274
16,K-12,Selasa,2025-03-04 04:52:43,-5.988786,106.022945,29.6,0.1274
16,K-12,Selasa,2025-03-04 04:52:58,-5.988172,106.021964,29.0,0.1274
16,K-12,Selasa,2025-03-04 04:53:13,-5.987707,106.020783,28.5,0.1274
16,K-12,Selasa,2025-03-04 04:53:28,-5.987242,106.019603,36.7,0.1274
16,K-12,Selasa,2025-03-04 04:53:42,-5.986827,106.018991,25.5,0.1274
16,K-12,Selasa,2025-03-04 04:53:57,-5.986412,106.018379,27.4,0.1274
16,K-12,Selasa,2025-03-04 04:54:12,-5.985682,106.017923,31.4,0.1274
16,K-12,Selasa,2025-03-04 04:54:27,-5.984952,106.017468,36.2,0.1274
16,K-12,Selasa,2025-03-04 04:54:42,-5.984452,106.016956,26.6,0.1274
16,K-12,Selasa,2025-03-04 04:54:57,-5.983953,106.016445,34.5,0.1274
16,K-12,Selasa,2025-03-04 04:55:12,-5.983546,106.0156,33.6,0.1274
16,K-12,Selasa,2025-03-04 04:55:27,-5.983139,106.014755,27.8,0.1274
16,K-12,Selasa,2025-03-04 04:55:41,-5.983088,106.01394,32.5,0.1274
16,K-12,Selasa,2025-03-04 04:55:56,-5.983037,106.013125,33.5,0.1274
16,K-12,Selasa,2025-03-04 04:56:11,-5.98294,106.012154,37.2,0.1274
16,K-12,Selasa,2025-03-04 04:56:26,-5.982843,106.011183,27.6,0.1274
16,K-12,Selasa,2025-03-04 04:56:41,-5.982596,106.010437,26.8,0.1274
16,K-12,Selasa,2025-03-04 04:56:56,-5.98235,106.009692,26.1,0.1274
16,K-12,Selasa,2025-03-04 04:57:11,-5.982049,106.009352,27.3,0.1274
16,K-12,Selasa,2025-03-04 04:57:25,-5.981748,106.009012,33.8,0.1274
16,K-12,Selasa,2025-03-04 04:57:40,-5.981001,106.008845,37.2,0.1274
16,K-12,Selasa,2025-03-04 04:57:55,-5.980255,106.008678,34.9,0.1274
16,K-12,Selasa,2025-03-04 04:58:10,-5.979058,106.008464,36.8,0.1274
16,K-12,Selasa,2025-03-04 04:58:25,-5.977861,106.008249,37.0,0.1274
16,K-12,Selasa,2025-03-04 04:58:40,-5.977447,106.008246,33.2,0.1274
16,K-12,Selasa,2025-03-04 04:58:55,-5.977033,106.008242,33.7,0.1274
16,K-12,Selasa,2025-03-04 04:59:09,-5.976517,106.008462,31.8,0.1274
16,K-12,Selasa,2025-03-04 04:59:24,-5.976001,106.008682,28.7,0.1274
16,K-12,Selasa,2025-03-04 04:59:39,-5.975195,106.008176,28.8,0.1274
16,K-12,Selasa,2025-03-04 04:59:54,-5.974388,106.007671,27.1,0.1274
16,K-12,Selasa,2025-03-04 05:00:09,-5.97308,106.006949,33.7,0.1274
16,K-12,Selasa,2025-03-04 05:00:24,-5.971771,106.006228,33.6,0.1274
16,K-12,Selasa,2025-03-04 05:00:39,-5.971376,106.006035,27.3,0.1274
16,K-12,Selasa,2025-03-04 05:00:54,-5.97098,106.005842,29.5,0.1274
16,K-12,Selasa,2025-03-04 05:01:08,-5.970118,106.005387,27.9,0.1274
16,K-12,Selasa,2025-03-04 05:01:23,-5.969255,106.004933,37.0,0.1274
16,K-12,Selasa,2025-03-04 05:01:38,-5.968457,106.004582,34.7,0.1274
16,K-12,Selasa,2025-03-04 05:01:53,-5.967658,106.004231,28.0,0.1274
16,K-12,Selasa,2025-03-04 05:02:08,-5.966814,106.003848,31.1,0.1274
16,K-12,Selasa,2025-03-04 05:02:23,-5.965969,106.003464,29.5,0.1274
16,K-12,Selasa,2025-03-04 05:02:38,-5.964886,106.002783,32.1,0.1274
16,K-12,Selasa,2025-03-04 05:02:52,-5.963803,106.002102,30.8,0.1274
16,K-12,Selasa,2025-03-04 05:03:07,-5.962492,106.001184,37.0,0.1274
16,K-12,Selasa,2025-03-04 05:03:22,-5.961181,106.000267,26.8,0.1274
16,K-12,Selasa,2025-03-04 05:03:37,-5.959478,105.999981,35.8,0.1274
16,K-12,Selasa,2025-03-04 05:03:52,-5.957774,105.999696,26.0,0.1274
16,K-12,Selasa,2025-03-04 05:04:07,-5.956166,105.999547,30.0,0.1274
16,K-12,Selasa,2025-03-04 05:04:22,-5.954557,105.999397,33.8,0.1274
16,K-12,Selasa,2025-03-04 05:04:36,-5.952616,106.000428,30.9,0.1274
16,K-12,Selasa,2025-03-04 05:04:51,-5.950676,106.001458,30.1,0.1274
16,K-12,Selasa,2025-03-04 05:05:06,-5.949248,106.002139,30.1,0.1274
16,K-12,Selasa,2025-03-04 05:05:21,-5.94782,106.002819,32.1,0.1274
16,K-12,Selasa,2025-03-04 05:05:36,-5.947029,106.002724,26.7,0.1274
16,K-12,Selasa,2025-03-04 05:05:51,-5.946237,106.00263,29.0,0.1274
16,K-12,Selasa,2025-03-04 05:06:06,-5.945759,106.00257,26.1,0.1274
16,K-12,Selasa,2025-03-04 05:06:21,-5.94528,106.002511,30.8,0.1274
16,K-12,Selasa,2025-03-04 05:06:35,-5.944396,106.00276,31.4,0.1274
16,K-12,Selasa,2025-03-04 05:06:50,-5.943513,106.003009,26.7,0.1274
16,K-12,Selasa,2025-03-04 05:07:05,-5.942709,106.002673,35.1,0.1274
16,K-12,Selasa,2025-03-04 05:07:20,-5.941905,106.002337,31.8,0.1274
16,K-12,Selasa,2025-03-04 05:07:35,-5.941111,106.001881,32.3,0.1274
16,K-12,Selasa,2025-03-04 05:07:50,-5.940317,106.001426,34.4,0.1274
16,K-12,Selasa,2025-03-04 05:08:05,-5.939709,106.001327,26.7,0.1274
16,K-12,Selasa,2025-03-04 05:08:19,-5.9391,106.001228,31.2,0.1274
16,K-12,Selasa,2025-03-04 05:08:34,-5.937857,106.001695,35.6,0.1274
16,K-12,Selasa,2025-03-04 05:08:49,-5.936613,106.002163,35.2,0.1274
16,K-12,Selasa,2025-03-04 05:09:04,-5.93584,106.002003,31.4,0.1274
16,K-12,Selasa,2025-03-04 05:09:19,-5.935067,106.001842,28.8,0.1274
16,K-12,Selasa,2025-03-04 05:09:34,-5.935282,106.00157,27.1,0.1274
16,K-12,Selasa,2025-03-04 05:09:49,-5.935498,106.001298,36.4,0.1274
16,K-12,Selasa,2025-03-04 05:10:03,-5.935544,106.000902,27.9,0.1274
16,K-12,Selasa,2025-03-04 05:10:18,-5.93559,106.000507,36.6,0.1274
16,K-12,Selasa,2025-03-04 05:10:33,-5.935287,106.000125,31.4,0.1274
16,K-12,Selasa,2025-03-04 05:10:48,-5.934983,105.999744,28.6,0.1274
16,K-12,Selasa,2025-03-04 05:11:03,-5.934755,105.999501,26.1,0.1274
16,K-12,Selasa,2025-03-04 05:11:18,-5.934526,105.999257,27.6,0.1274
16,K-12,Selasa,2025-03-04 05:11:33,-5.933298,105.998408,36.7,0.1274
16,K-12,Selasa,2025-03-04 05:11:48,-5.932069,105.99756,0.0,0.1274
17,K-12,Selasa,2025-03-04 10:05:00,-5.932069,105.99756,15.0,0.1248
17,K-12,Selasa,2025-03-04 10:05:19,-5.933298,105.998408,24.2,0.1248
17,K-12,Selasa,2025-03-04 10:05:39,-5.934526,105.999257,24.1,0.1248
17,K-12,Selasa,2025-03-04 10:05:59,-5.934755,105.999501,19.2,0.1248
17,K-12,Selasa,2025-03-04 10:06:18,-5.934983,105.999744,24.6,0.1248
17,K-12,Selasa,2025-03-04 10:06:38,-5.935287,106.000125,27.9,0.1248
17,K-12,Selasa,2025-03-04 10:06:58,-5.93559,106.000507,21.2,0.1248
17,K-12,Selasa,2025-03-04 10:07:17,-5.935544,106.000902,28.2,0.1248
17,K-12,Selasa,2025-03-04 10:07:37,-5.935498,106.001298,17.6,0.1248
17,K-12,Selasa,2025-03-04 10:07:57,-5.935282,106.00157,27.5,0.1248
17,K-12,Selasa,2025-03-04 10:08:17,-5.935067,106.001842,18.1,0.1248
17,K-12,Selasa,2025-03-04 10:08:36,-5.93584,106.002003,28.5,0.1248
17,K-12,Selasa,2025-03-04 10:08:56,-5.936613,106.002163,26.4,0.1248
17,K-12,Selasa,2025-03-04 10:09:16,-5.937857,106.001695,20.3,0.1248
17,K-12,Selasa,2025-03-04 10:09:35,-5.9391,106.001228,19.6,0.1248
17,K-12,Selasa,2025-03-04 10:09:55,-5.939709,106.001327,24.0,0.1248
17,K-12,Selasa,2025-03-04 10:10:15,-5.940317,106.001426,24.5,0.1248
17,K-12,Selasa,2025-03-04 10:10:34,-5.941111,106.001881,17.5,0.1248
17,K-12,Selasa,2025-03-04 10:10:54,-5.941905,106.002337,27.8,0.1248
17,K-12,Selasa,2025-03-04 10:11:14,-5.942709,106.002673,23.6,0.1248
17,K-12,Selasa,2025-03-04 10:11:34,-5.943513,106.003009,24.8,0.1248
17,K-12,Selasa,2025-03-04 10:11:53,-5.944396,106.00276,20.7,0.1248
17,K-12,Selasa,2025-03-04 10:12:13,-5.94528,106.002511,20.0,0.1248
17,K-12,Selasa,2025-03-04 10:12:33,-5.945759,106.00257,26.8,0.1248
17,K-12,Selasa,2025-03-04 10:12:52,-5.946237,106.00263,22.0,0.1248
17,K-12,Selasa,2025-03-04 10:13:12,-5.947029,106.002724,22.5,0.1248
17,K-12,Selasa,2025-03-04 10:13:32,-5.94782,106.002819,25.4,0.1248
17,K-12,Selasa,2025-03-04 10:13:52,-5.949248,106.002139,19.0,0.1248
17,K-12,Selasa,2025-03-04 10:14:11,-5.950676,106.001458,22.1,0.1248
17,K-12,Selasa,2025-03-04 10:14:31,-5.952616,106.000428,22.7,0.1248
17,K-12,Selasa,2025-03-04 10:14:51,-5.954557,105.999397,21.2,0.1248
17,K-12,Selasa,2025-03-04 10:15:10,-5.956166,105.999547,18.8,0.1248
17,K-12,Selasa,2025-03-04 10:15:30,-5.957774,105.999696,27.4,0.1248
17,K-12,Selasa,2025-03-04 10:15:50,-5.959478,105.999981,20.9,0.1248
17,K-12,Selasa,2025-03-04 10:16:09,-5.961181,106.000267,29.0,0.1248
17,K-12,Selasa,2025-03-04 10:16:29,-5.962492,106.001184,21.2,0.1248
17,K-12,Selasa,2025-03-04 10:16:49,-5.963803,106.002102,21.9,0.1248
17,K-12,Selasa,2025-03-04 10:17:09,-5.964886,106.002783,26.2,0.1248
17,K-12,Selasa,2025-03-04 10:17:28,-5.965969,106.003464,23.3,0.1248
17,K-12,Selasa,2025-03-04 10:17:48,-5.966814,106.003848,18.4,0.1248
17,K-12,Selasa,2025-03-04 10:18:08,-5.967658,106.004231,20.0,0.1248
17,K-12,Selasa,2025-03-04 10:18:27,-5.968457,106.004582,18.6,0.1248
17,K-12,Selasa,2025-03-04 10:18:47,-5.969255,106.004933,22.5,0.1248
17,K-12,Selasa,2025-03-04 10:19:07,-5.970118,106.005387,18.8,0.1248
17,K-12,Selasa,2025-03-04 10:19:27,-5.97098,106.005842,17.7,0.1248
17,K-12,Selasa,2025-03-04 10:19:46,-5.971376,106.006035,28.4,0.1248
17,K-12,Selasa,2025-03-04 10:20:06,-5.971771,106.006228,27.5,0.1248
17,K-12,Selasa,2025-03-04 10:20:26,-5.97308,106.006949,22.1,0.1248
17,K-12,Selasa,2025-03-04 10:20:45,-5.974388,106.007671,28.7,0.1248
17,K-12,Selasa,2025-03-04 10:21:05,-5.975195,106.008176,27.9,0.1248
17,K-12,Selasa,2025-03-04 10:21:25,-5.976001,106.008682,26.9,0.1248
17,K-12,Selasa,2025-03-04 10:21:44,-5.976517,106.008462,28.3,0.1248
17,K-12,Selasa,2025-03-04 10:22:04,-5.977033,106.008242,25.8,0.1248
17,K-12,Selasa,2025-03-04 10:22:24,-5.977447,106.008246,19.4,0.1248
17,K-12,Selasa,2025-03-04 10:22:44,-5.977861,106.008249,19.0,0.1248
17,K-12,Selasa,2025-03-04 10:23:03,-5.979058,106.008464,29.1,0.1248
17,K-12,Selasa,2025-03-04 10:23:23,-5.980255,106.008678,22.7,0.1248
17,K-12,Selasa,2025-03-04 10:23:43,-5.981001,106.008845,27.6,0.1248
17,K-12,Selasa,2025-03-04 10:24:02,-5.981748,106.009012,23.1,0.1248
17,K-12,Selasa,2025-03-04 10:24:22,-5.982049,106.009352,18.2,0.1248
17,K-12,Selasa,2025-03-04 10:24:42,-5.98235,106.009692,21.8,0.1248
17,K-12,Selasa,2025-03-04 10:25:01,-5.982596,106.010437,22.6,0.1248
17,K-12,Selasa,2025-03-04 10:25:21,-5.982843,106.011183,20.0,0.1248
17,K-12,Selasa,2025-03-04 10:25:41,-5.98294,106.012154,24.1,0.1248
17,K-12,Selasa,2025-03-04 10:26:01,-5.983037,106.013125,17.7,0.1248
17,K-12,Selasa,2025-03-04 10:26:20,-5.983088,106.01394,20.5,0.1248
17,K-12,Selasa,2025-03-04 10:26:40,-5.983139,106.014755,24.3,0.1248
17,K-12,Selasa,2025-03-04 10:27:00,-5.983546,106.0156,27.2,0.1248
17,K-12,Selasa,2025-03-04 10:27:19,-5.983953,106.016445,25.2,0.1248
17,K-12,Selasa,2025-03-04 10:27:39,-5.984452,106.016956,20.5,0.1248
17,K-12,Selasa,2025-03-04 10:27:59,-5.984952,106.017468,17.2,0.1248
17,K-12,Selasa,2025-03-04 10:28:19,-5.985682,106.017923,18.4,0.1248
17,K-12,Selasa,2025-03-04 10:28:38,-5.986412,106.018379,18.7,0.1248
17,K-12,Selasa,2025-03-04 10:28:58,-5.986827,106.018991,20.3,0.1248
17,K-12,Selasa,2025-03-04 10:29:18,-5.987242,106.019603,21.5,0.1248
17,K-12,Selasa,2025-03-04 10:29:37,-5.987707,106.020783,21.9,0.1248
17,K-12,Selasa,2025-03-04 10:29:57,-5.988172,106.021964,17.6,0.1248
17,K-12,Selasa,2025-03-04 10:30:17,-5.988786,106.022945,17.7,0.1248
17,K-12,Selasa,2025-03-04 10:30:36,-5.9894,106.023927,23.8,0.1248
17,K-12,Selasa,2025-03-04 10:30:56,-5.990295,106.025858,21.5,0.1248
17,K-12,Selasa,2025-03-04 10:31:16,-5.991189,106.027789,20.6,0.1248
17,K-12,Selasa,2025-03-04 10:31:36,-5.992765,106.027873,21.7,0.1248
17,K-12,Selasa,2025-03-04 10:31:55,-5.994341,106.027958,22.5,0.1248
17,K-12,Selasa,2025-03-04 10:32:15,-5.995042,106.025236,23.7,0.1248
17,K-12,Selasa,2025-03-04 10:32:35,-5.995743,106.022514,27.0,0.1248
17,K-12,Selasa,2025-03-04 10:32:54,-5.999045,106.022499,24.6,0.1248
17,K-12,Selasa,2025-03-04 10:33:14,-6.002348,106.022484,24.4,0.1248
17,K-12,Selasa,2025-03-04 10:33:34,-6.002619,106.023636,18.6,0.1248
17,K-12,Selasa,2025-03-04 10:33:54,-6.00289,106.024787,0.0,0.1248
18,K-12,Selasa,2025-03-04 16:29:00,-6.00289,106.024787,15.0,0.124
18,K-12,Selasa,2025-03-04 16:29:45,-6.002619,106.023636,5.6,0.124
18,K-12,Selasa,2025-03-04 16:30:31,-6.002348,106.022484,11.1,0.124
18,K-12,Selasa,2025-03-04 16:31:16,-5.999045,106.022499,8.7,0.124
18,K-12,Selasa,2025-03-04 16:32:02,-5.995743,106.022514,5.0,0.124
18,K-12,Selasa,2025-03-04 16:32:48,-5.995042,106.025236,5.0,0.124
18,K-12,Selasa,2025-03-04 16:33:33,-5.994341,106.027958,12.5,0.124
18,K-12,Selasa,2025-03-04 16:34:19,-5.992765,106.027873,13.5,0.124
18,K-12,Selasa,2025-03-04 16:35:04,-5.991189,106.027789,10.1,0.124
18,K-12,Selasa,2025-03-04 16:35:50,-5.990295,106.025858,5.7,0.124
18,K-12,Selasa,2025-03-04 16:36:36,-5.9894,106.023927,14.6,0.124
18,K-12,Selasa,2025-03-04 16:37:21,-5.988786,106.022945,5.6,0.124
18,K-12,Selasa,2025-03-04 16:38:07,-5.988172,106.021964,15.1,0.124
18,K-12,Selasa,2025-03-04 16:38:52,-5.987707,106.020783,7.7,0.124
18,K-12,Selasa,2025-03-04 16:39:38,-5.987242,106.019603,8.6,0.124
18,K-12,Selasa,2025-03-04 16:40:24,-5.986827,106.018991,11.3,0.124
18,K-12,Selasa,2025-03-04 16:41:09,-5.986412,106.018379,14.0,0.124
18,K-12,Selasa,2025-03-04 16:41:55,-5.985682,106.017923,11.0,0.124
18,K-12,Selasa,2025-03-04 16:42:41,-5.984952,106.017468,10.0,0.124
18,K-12,Selasa,2025-03-04 16:43:26,-5.984452,106.016956,10.0,0.124
18,K-12,Selasa,2025-03-04 16:44:12,-5.983953,106.016445,9.8,0.124
18,K-12,Selasa,2025-03-04 16:44:57,-5.983546,106.0156,10.7,0.124
18,K-12,Selasa,2025-03-04 16:45:43,-5.983139,106.014755,9.6,0.124
18,K-12,Selasa,2025-03-04 16:46:29,-5.983088,106.01394,5.0,0.124
18,K-12,Selasa,2025-03-04 16:47:14,-5.983037,106.013125,7.9,0.124
18,K-12,Selasa,2025-03-04 16:48:00,-5.98294,106.012154,5.2,0.124
18,K-12,Selasa,2025-03-04 16:48:45,-5.982843,106.011183,8.9,0.124
18,K-12,Selasa,2025-03-04 16:49:31,-5.982596,106.010437,7.6,0.124
18,K-12,Selasa,2025-03-04 16:50:17,-5.98235,106.009692,14.7,0.124
18,K-12,Selasa,2025-03-04 16:51:02,-5.982049,106.009352,14.4,0.124
18,K-12,Selasa,2025-03-04 16:51:48,-5.981748,106.009012,11.5,0.124
18,K-12,Selasa,2025-03-04 16:52:34,-5.981001,106.008845,11.1,0.124
18,K-12,Selasa,2025-03-04 16:53:19,-5.980255,106.008678,7.1,0.124
18,K-12,Selasa,2025-03-04 16:54:05,-5.979058,106.008464,11.8,0.124
18,K-12,Selasa,2025-03-04 16:54:50,-5.977861,106.008249,15.6,0.124
18,K-12,Selasa,2025-03-04 16:55:36,-5.977447,106.008246,10.8,0.124
18,K-12,Selasa,2025-03-04 16:56:22,-5.977033,106.008242,6.6,0.124
18,K-12,Selasa,2025-03-04 16:57:07,-5.976517,106.008462,5.0,0.124
18,K-12,Selasa,2025-03-04 16:57:53,-5.976001,106.008682,9.7,0.124
18,K-12,Selasa,2025-03-04 16:58:38,-5.975195,106.008176,10.2,0.124
18,K-12,Selasa,2025-03-04 16:59:24,-5.974388,106.007671,12.6,0.124
18,K-12,Selasa,2025-03-04 17:00:10,-5.97308,106.006949,13.2,0.124
18,K-12,Selasa,2025-03-04 17:00:55,-5.971771,106.006228,8.5,0.124
18,K-12,Selasa,2025-03-04 17:01:41,-5.971376,106.006035,13.8,0.124
18,K-12,Selasa,2025-03-04 17:02:27,-5.97098,106.005842,6.8,0.124
18,K-12,Selasa,2025-03-04 17:03:12,-5.970118,106.005387,10.8,0.124
18,K-12,Selasa,2025-03-04 17:03:58,-5.969255,106.004933,12.3,0.124
18,K-12,Selasa,2025-03-04 17:04:43,-5.968457,106.004582,6.2,0.124
18,K-12,Selasa,2025-03-04 17:05:29,-5.967658,106.004231,9.2,0.124
18,K-12,Selasa,2025-03-04 17:06:15,-5.966814,106.003848,8.9,0.124
18,K-12,Selasa,2025-03-04 17:07:00,-5.965969,106.003464,8.9,0.124
18,K-12,Selasa,2025-03-04 17:07:46,-5.964886,106.002783,6.3,0.124
18,K-12,Selasa,2025-03-04 17:08:31,-5.963803,106.002102,9.9,0.124
18,K-12,Selasa,2025-03-04 17:09:17,-5.962492,106.001184,11.2,0.124
18,K-12,Selasa,2025-03-04 17:10:03,-5.961181,106.000267,9.6,0.124
18,K-12,Selasa,2025-03-04 17:10:48,-5.959478,105.999981,14.1,0.124
18,K-12,Selasa,2025-03-04 17:11:34,-5.957774,105.999696,12.6,0.124
18,K-12,Selasa,2025-03-04 17:12:19,-5.956166,105.999547,12.4,0.124
18,K-12,Selasa,2025-03-04 17:13:05,-5.954557,105.999397,10.1,0.124
18,K-12,Selasa,2025-03-04 17:13:51,-5.952616,106.000428,10.6,0.124
18,K-12,Selasa,2025-03-04 17:14:36,-5.950676,106.001458,15.9,0.124
18,K-12,Selasa,2025-03-04 17:15:22,-5.949248,106.002139,9.6,0.124
18,K-12,Selasa,2025-03-04 17:16:08,-5.94782,106.002819,8.4,0.124
18,K-12,Selasa,2025-03-04 17:16:53,-5.947029,106.002724,15.4,0.124
18,K-12,Selasa,2025-03-04 17:17:39,-5.946237,106.00263,9.4,0.124
18,K-12,Selasa,2025-03-04 17:18:24,-5.945759,106.00257,10.3,0.124
18,K-12,Selasa,2025-03-04 17:19:10,-5.94528,106.002511,10.5,0.124
18,K-12,Selasa,2025-03-04 17:19:56,-5.944396,106.00276,12.0,0.124
18,K-12,Selasa,2025-03-04 17:20:41,-5.943513,106.003009,14.3,0.124
18,K-12,Selasa,2025-03-04 17:21:27,-5.942709,106.002673,12.1,0.124
18,K-12,Selasa,2025-03-04 17:22:12,-5.941905,106.002337,13.5,0.124
18,K-12,Selasa,2025-03-04 17:22:58,-5.941111,106.001881,7.1,0.124
18,K-12,Selasa,2025-03-04 17:23:44,-5.940317,106.001426,9.7,0.124
18,K-12,Selasa,2025-03-04 17:24:29,-5.939709,106.001327,15.4,0.124
18,K-12,Selasa,2025-03-04 17:25:15,-5.9391,106.001228,7.2,0.124
18,K-12,Selasa,2025-03-04 17:26:01,-5.937857,106.001695,7.5,0.124
18,K-12,Selasa,2025-03-04 17:26:46,-5.936613,106.002163,15.2,0.124
18,K-12,Selasa,2025-03-04 17:27:32,-5.93584,106.002003,15.7,0.124
18,K-12,Selasa,2025-03-04 17:28:17,-5.935067,106.001842,13.2,0.124
18,K-12,Selasa,2025-03-04 17:29:03,-5.935282,106.00157,12.4,0.124
18,K-12,Selasa,2025-03-04 17:29:49,-5.935498,106.001298,12.2,0.124
18,K-12,Selasa,2025-03-04 17:30:34,-5.935544,106.000902,9.8,0.124
18,K-12,Selasa,2025-03-04 17:31:20,-5.93559,106.000507,9.7,0.124
18,K-12,Selasa,2025-03-04 17:32:05,-5.935287,106.000125,10.6,0.124
18,K-12,Selasa,2025-03-04 17:32:51,-5.934983,105.999744,15.1,0.124
18,K-12,Selasa,2025-03-04 17:33:37,-5.934755,105.999501,12.6,0.124
18,K-12,Selasa,2025-03-04 17:34:22,-5.934526,105.999257,7.4,0.124
18,K-12,Selasa,2025-03-04 17:35:08,-5.933298,105.998408,10.8,0.124
18,K-12,Selasa,2025-03-04 17:35:54,-5.932069,105.99756,0.0,0.124
19,K-04,Rabu,2025-03-05 04:57:00,-6.120401,106.184492,15.0,0.328
19,K-04,Rabu,2025-03-05 04:57:29,-6.120006,106.18302,35.5,0.328
19,K-04,Rabu,2025-03-05 04:57:58,-6.119611,106.181548,45.7,0.328
19,K-04,Rabu,2025-03-05 04:58:28,-6.11819,106.181962,42.5,0.328
19,K-04,Rabu,2025-03-05 04:58:57,-6.116769,106.182376,43.6,0.328
19,K-04,Rabu,2025-03-05 04:59:27,-6.11523,106.183165,37.2,0.328
19,K-04,Rabu,2025-03-05 04:59:56,-6.113691,106.183954,44.5,0.328
19,K-04,Rabu,2025-03-05 05:00:26,-6.112462,106.182965,37.9,0.328
19,K-04,Rabu,2025-03-05 05:00:55,-6.111233,106.181977,41.3,0.328
19,K-04,Rabu,2025-03-05 05:01:24,-6.107071,106.178041,37.9,0.328
19,K-04,Rabu,2025-03-05 05:01:54,-6.10291,106.174104,35.9,0.328
19,K-04,Rabu,2025-03-05 05:02:23,-6.101555,106.172775,43.5,0.328
19,K-04,Rabu,2025-03-05 05:02:53,-6.100201,106.171446,37.5,0.328
19,K-04,Rabu,2025-03-05 05:03:22,-6.099287,106.170243,35.2,0.328
19,K-04,Rabu,2025-03-05 05:03:52,-6.098373,106.169039,45.5,0.328
19,K-04,Rabu,2025-03-05 05:04:21,-6.097544,106.167923,37.3,0.328
19,K-04,Rabu,2025-03-05 05:04:51,-6.096714,106.166806,37.4,0.328
19,K-04,Rabu,2025-03-05 05:05:20,-6.095384,106.164179,35.8,0.328
19,K-04,Rabu,2025-03-05 05:05:49,-6.094054,106.161552,38.6,0.328
19,K-04,Rabu,2025-03-05 05:06:19,-6.090362,106.150789,40.3,0.328
19,K-04,Rabu,2025-03-05 05:06:48,-6.086671,106.140026,42.8,0.328
19,K-04,Rabu,2025-03-05 05:07:18,-6.086009,106.138655,36.2,0.328
19,K-04,Rabu,2025-03-05 05:07:47,-6.085348,106.137283,46.2,0.328
19,K-04,Rabu,2025-03-05 05:08:17,-6.084086,106.135965,46.3,0.328
19,K-04,Rabu,2025-03-05 05:08:46,-6.082823,106.134648,36.5,0.328
19,K-04,Rabu,2025-03-05 05:09:16,-6.071108,106.128433,42.4,0.328
19,K-04,Rabu,2025-03-05 05:09:45,-6.059393,106.122219,45.2,0.328
19,K-04,Rabu,2025-03-05 05:10:14,-6.055872,106.120039,40.3,0.328
19,K-04,Rabu,2025-03-05 05:10:44,-6.052352,106.11786,42.4,0.328
19,K-04,Rabu,2025-03-05 05:11:13,-6.050965,106.116649,43.7,0.328
19,K-04,Rabu,2025-03-05 05:11:43,-6.049578,106.115439,38.0,0.328
19,K-04,Rabu,2025-03-05 05:12:12,-6.046235,106.111776,38.0,0.328
19,K-04,Rabu,2025-03-05 05:12:42,-6.042891,106.108113,35.3,0.328
19,K-04,Rabu,2025-03-05 05:13:11,-6.041576,106.106827,43.8,0.328
19,K-04,Rabu,2025-03-05 05:13:41,-6.04026,106.10554,42.4,0.328
19,K-04,Rabu,2025-03-05 05:14:10,-6.037822,106.10378,37.4,0.328
19,K-04,Rabu,2025-03-05 05:14:39,-6.035384,106.102019,43.5,0.328
19,K-04,Rabu,2025-03-05 05:15:09,-6.031515,106.099596,44.8,0.328
19,K-04,Rabu,2025-03-05 05:15:38,-6.027647,106.097174,35.0,0.328
19,K-04,Rabu,2025-03-05 05:16:08,-6.025531,106.095443,45.7,0.328
19,K-04,Rabu,2025-03-05 05:16:37,-6.023414,106.093712,39.6,0.328
19,K-04,Rabu,2025-03-05 05:17:07,-6.022845,106.092225,44.7,0.328
19,K-04,Rabu,2025-03-05 05:17:36,-6.022276,106.090738,45.8,0.328
19,K-04,Rabu,2025-03-05 05:18:06,-6.02324,106.089192,35.0,0.328
19,K-04,Rabu,2025-03-05 05:18:35,-6.024204,106.087646,44.6,0.328
19,K-04,Rabu,2025-03-05 05:19:04,-6.02497,106.086703,44.1,0.328
19,K-04,Rabu,2025-03-05 05:19:34,-6.025735,106.085761,36.8,0.328
19,K-04,Rabu,2025-03-05 05:20:03,-6.028745,106.085247,43.6,0.328
19,K-04,Rabu,2025-03-05 05:20:33,-6.031754,106.084733,45.1,0.328
19,K-04,Rabu,2025-03-05 05:21:02,-6.032953,106.083847,38.1,0.328
19,K-04,Rabu,2025-03-05 05:21:32,-6.034152,106.082962,35.0,0.328
19,K-04,Rabu,2025-03-05 05:22:01,-6.033387,106.081626,38.2,0.328
19,K-04,Rabu,2025-03-05 05:22:30,-6.032623,106.080289,41.8,0.328
19,K-04,Rabu,2025-03-05 05:23:00,-6.031683,106.079026,45.7,0.328
19,K-04,Rabu,2025-03-05 05:23:29,-6.030743,106.077762,38.6,0.328
19,K-04,Rabu,2025-03-05 05:23:59,-6.027209,106.072342,40.1,0.328
19,K-04,Rabu,2025-03-05 05:24:28,-6.023674,106.066922,42.3,0.328
19,K-04,Rabu,2025-03-05 05:24:58,-6.022251,106.064022,40.9,0.328
19,K-04,Rabu,2025-03-05 05:25:27,-6.020827,106.061123,45.3,0.328
19,K-04,Rabu,2025-03-05 05:25:57,-6.018808,106.056438,36.2,0.328
19,K-04,Rabu,2025-03-05 05:26:26,-6.016789,106.051754,40.7,0.328
19,K-04,Rabu,2025-03-05 05:26:55,-6.016001,106.050271,37.9,0.328
19,K-04,Rabu,2025-03-05 05:27:25,-6.015214,106.048787,44.3,0.328
19,K-04,Rabu,2025-03-05 05:27:54,-6.013647,106.046452,38.6,0.328
19,K-04,Rabu,2025-03-05 05:28:24,-6.012079,106.044116,43.4,0.328
19,K-04,Rabu,2025-03-05 05:28:53,-6.011188,106.043044,42.4,0.328
19,K-04,Rabu,2025-03-05 05:29:23,-6.010297,106.041972,43.2,0.328
19,K-04,Rabu,2025-03-05 05:29:52,-6.008942,106.0413,34.8,0.328
19,K-04,Rabu,2025-03-05 05:30:22,-6.007588,106.040627,38.6,0.328
19,K-04,Rabu,2025-03-05 05:30:51,-6.001115,106.036017,38.1,0.328
19,K-04,Rabu,2025-03-05 05:31:20,-5.994642,106.031408,42.7,0.328
19,K-04,Rabu,2025-03-05 05:31:50,-5.994061,106.030219,36.9,0.328
19,K-04,Rabu,2025-03-05 05:32:19,-5.99348,106.02903,41.9,0.328
19,K-04,Rabu,2025-03-05 05:32:49,-5.994473,106.028137,42.3,0.328
19,K-04,Rabu,2025-03-05 05:33:18,-5.995467,106.027244,39.5,0.328
19,K-04,Rabu,2025-03-05 05:33:48,-5.995702,106.025915,39.7,0.328
19,K-04,Rabu,2025-03-05 05:34:17,-5.995937,106.024587,38.5,0.328
19,K-04,Rabu,2025-03-05 05:34:47,-5.99672,106.023599,39.4,0.328
19,K-04,Rabu,2025-03-05 05:35:16,-5.997503,106.022612,35.7,0.328
19,K-04,Rabu,2025-03-05 05:35:45,-5.999339,106.022582,46.4,0.328
19,K-04,Rabu,2025-03-05 05:36:15,-6.001174,106.022552,40.3,0.328
19,K-04,Rabu,2025-03-05 05:36:44,-6.001934,106.023665,45.8,0.328
19,K-04,Rabu,2025-03-05 05:37:14,-6.002694,106.024778,34.7,0.328
19,K-04,Rabu,2025-03-05 05:37:43,-6.002762,106.025294,39.2,0.328
19,K-04,Rabu,2025-03-05 05:38:13,-6.00283,106.02581,40.0,0.328
19,K-04,Rabu,2025-03-05 05:38:42,-6.00286,106.025299,37.8,0.328
19,K-04,Rabu,2025-03-05 05:39:12,-6.00289,106.024787,0.0,0.328
20,K-04,Rabu,2025-03-05 10:17:00,-6.00289,106.024787,15.0,0.3279
20,K-04,Rabu,2025-03-05 10:17:39,-6.00286,106.025299,27.1,0.3279
20,K-04,Rabu,2025-03-05 10:18:18,-6.00283,106.02581,32.3,0.3279
20,K-04,Rabu,2025-03-05 10:18:58,-6.002762,106.025294,29.9,0.3279
20,K-04,Rabu,2025-03-05 10:19:37,-6.002694,106.024778,26.2,0.3279
20,K-04,Rabu,2025-03-05 10:20:17,-6.001934,106.023665,32.5,0.3279
20,K-04,Rabu,2025-03-05 10:20:56,-6.001174,106.022552,35.4,0.3279
20,K-04,Rabu,2025-03-05 10:21:35,-5.999339,106.022582,35.0,0.3279
20,K-04,Rabu,2025-03-05 10:22:15,-5.997503,106.022612,33.5,0.3279
20,K-04,Rabu,2025-03-05 10:22:54,-5.99672,106.023599,32.6,0.3279
20,K-04,Rabu,2025-03-05 10:23:34,-5.995937,106.024587,32.0,0.3279
20,K-04,Rabu,2025-03-05 10:24:13,-5.995702,106.025915,35.6,0.3279
20,K-04,Rabu,2025-03-05 10:24:53,-5.995467,106.027244,28.7,0.3279
20,K-04,Rabu,2025-03-05 10:25:32,-5.994473,106.028137,27.0,0.3279
20,K-04,Rabu,2025-03-05 10:26:11,-5.99348,106.02903,35.8,0.3279
20,K-04,Rabu,2025-03-05 10:26:51,-5.994061,106.030219,30.0,0.3279
20,K-04,Rabu,2025-03-05 10:27:30,-5.994642,106.031408,29.8,0.3279
20,K-04,Rabu,2025-03-05 10:28:10,-6.001115,106.036017,36.2,0.3279
20,K-04,Rabu,2025-03-05 10:28:49,-6.007588,106.040627,28.8,0.3279
20,K-04,Rabu,2025-03-05 10:29:28,-6.008942,106.0413,32.7,0.3279
20,K-04,Rabu,2025-03-05 10:30:08,-6.010297,106.041972,35.3,0.3279
20,K-04,Rabu,2025-03-05 10:30:47,-6.011188,106.043044,33.4,0.3279
20,K-04,Rabu,2025-03-05 10:31:27,-6.012079,106.044116,33.9,0.3279
20,K-04,Rabu,2025-03-05 10:32:06,-6.013647,106.046452,34.2,0.3279
20,K-04,Rabu,2025-03-05 10:32:46,-6.015214,106.048787,33.4,0.3279
20,K-04,Rabu,2025-03-05 10:33:25,-6.016001,106.050271,32.5,0.3279
20,K-04,Rabu,2025-03-05 10:34:04,-6.016789,106.051754,31.4,0.3279
20,K-04,Rabu,2025-03-05 10:34:44,-6.018808,106.056438,33.7,0.3279
20,K-04,Rabu,2025-03-05 10:35:23,-6.020827,106.061123,30.6,0.3279
20,K-04,Rabu,2025-03-05 10:36:03,-6.022251,106.064022,30.6,0.3279
20,K-04,Rabu,2025-03-05 10:36:42,-6.023674,106.066922,28.6,0.3279
20,K-04,Rabu,2025-03-05 10:37:21,-6.027209,106.072342,35.3,0.3279
20,K-04,Rabu,2025-03-05 10:38:01,-6.030743,106.077762,25.6,0.3279
20,K-04,Rabu,2025-03-05 10:38:40,-6.031683,106.079026,34.2,0.3279
20,K-04,Rabu,2025-03-05 10:39:20,-6.032623,106.080289,35.1,0.3279
20,K-04,Rabu,2025-03-05 10:39:59,-6.033387,106.081626,26.7,0.3279
20,K-04,Rabu,2025-03-05 10:40:39,-6.034152,106.082962,30.7,0.3279
20,K-04,Rabu,2025-03-05 10:41:18,-6.032953,106.083847,26.3,0.3279
20,K-04,Rabu,2025-03-05 10:41:57,-6.031754,106.084733,34.6,0.3279
20,K-04,Rabu,2025-03-05 10:42:37,-6.028745,106.085247,29.6,0.3279
20,K-04,Rabu,2025-03-05 10:43:16,-6.025735,106.085761,32.5,0.3279
20,K-04,Rabu,2025-03-05 10:43:56,-6.02497,106.086703,32.9,0.3279
20,K-04,Rabu,2025-03-05 10:44:35,-6.024204,106.087646,30.2,0.3279
20,K-04,Rabu,2025-03-05 10:45:14,-6.02324,106.089192,35.1,0.3279
20,K-04,Rabu,2025-03-05 10:45:54,-6.022276,106.090738,29.6,0.3279
20,K-04,Rabu,2025-03-05 10:46:33,-6.022845,106.092225,25.0,0.3279
20,K-04,Rabu,2025-03-05 10:47:13,-6.023414,106.093712,25.9,0.3279
20,K-04,Rabu,2025-03-05 10:47:52,-6.025531,106.095443,29.3,0.3279
20,K-04,Rabu,2025-03-05 10:48:32,-6.027647,106.097174,31.1,0.3279
20,K-04,Rabu,2025-03-05 10:49:11,-6.031515,106.099596,31.0,0.3279
20,K-04,Rabu,2025-03-05 10:49:50,-6.035384,106.102019,32.4,0.3279
20,K-04,Rabu,2025-03-05 10:50:30,-6.037822,106.10378,28.0,0.3279
20,K-04,Rabu,2025-03-05 10:51:09,-6.04026,106.10554,24.6,0.3279
20,K-04,Rabu,2025-03-05 10:51:49,-6.041576,106.106827,27.4,0.3279
20,K-04,Rabu,2025-03-05 10:52:28,-6.042891,106.108113,24.3,0.3279
20,K-04,Rabu,2025-03-05 10:53:08,-6.046235,106.111776,26.9,0.3279
20,K-04,Rabu,2025-03-05 10:53:47,-6.049578,106.115439,25.2,0.3279
20,K-04,Rabu,2025-03-05 10:54:26,-6.050965,106.116649,29.4,0.3279
20,K-04,Rabu,2025-03-05 10:55:06,-6.052352,106.11786,32.7,0.3279
20,K-04,Rabu,2025-03-05 10:55:45,-6.055872,106.120039,30.8,0.3279
20,K-04,Rabu,2025-03-05 10:56:25,-6.059393,106.122219,25.0,0.3279
20,K-04,Rabu,2025-03-05 10:57:04,-6.071108,106.128433,35.0,0.3279
20,K-04,Rabu,2025-03-05 10:57:43,-6.082823,106.134648,36.1,0.3279
20,K-04,Rabu,2025-03-05 10:58:23,-6.084086,106.135965,30.0,0.3279
20,K-04,Rabu,2025-03-05 10:59:02,-6.085348,106.137283,27.7,0.3279
20,K-04,Rabu,2025-03-05 10:59:42,-6.086009,106.138655,26.5,0.3279
20,K-04,Rabu,2025-03-05 11:00:21,-6.086671,106.140026,25.9,0.3279
20,K-04,Rabu,2025-03-05 11:01:01,-6.090362,106.150789,32.0,0.3279
20,K-04,Rabu,2025-03-05 11:01:40,-6.094054,106.161552,33.1,0.3279
20,K-04,Rabu,2025-03-05 11:02:19,-6.095384,106.164179,35.9,0.3279
20,K-04,Rabu,2025-03-05 11:02:59,-6.096714,106.166806,28.8,0.3279
20,K-04,Rabu,2025-03-05 11:03:38,-6.097544,106.167923,35.0,0.3279
20,K-04,Rabu,2025-03-05 11:04:18,-6.098373,106.169039,29.7,0.3279
20,K-04,Rabu,2025-03-05 11:04:57,-6.099287,106.170243,35.3,0.3279
20,K-04,Rabu,2025-03-05 11:05:36,-6.100201,106.171446,28.8,0.3279
20,K-04,Rabu,2025-03-05 11:06:16,-6.101555,106.172775,25.3,0.3279
20,K-04,Rabu,2025-03-05 11:06:55,-6.10291,106.174104,35.9,0.3279
20,K-04,Rabu,2025-03-05 11:07:35,-6.107071,106.178041,34.8,0.3279
20,K-04,Rabu,2025-03-05 11:08:14,-6.111233,106.181977,25.9,0.3279
20,K-04,Rabu,2025-03-05 11:08:54,-6.112462,106.182965,34.6,0.3279
20,K-04,Rabu,2025-03-05 11:09:33,-6.113691,106.183954,25.7,0.3279
20,K-04,Rabu,2025-03-05 11:10:12,-6.11523,106.183165,36.2,0.3279
20,K-04,Rabu,2025-03-05 11:10:52,-6.116769,106.182376,29.0,0.3279
20,K-04,Rabu,2025-03-05 11:11:31,-6.11819,106.181962,25.8,0.3279
20,K-04,Rabu,2025-03-05 11:12:11,-6.119611,106.181548,36.0,0.3279
20,K-04,Rabu,2025-03-05 11:12:50,-6.120006,106.18302,34.3,0.3279
20,K-04,Rabu,2025-03-05 11:13:29,-6.120401,106.184492,0.0,0.3279
21,K-04,Rabu,2025-03-05 16:51:00,-6.00289,106.024787,15.0,0.3299
21,K-04,Rabu,2025-03-05 16:52:15,-6.00286,106.025299,14.5,0.3299
21,K-04,Rabu,2025-03-05 16:53:30,-6.00283,106.02581,12.7,0.3299
21,K-04,Rabu,2025-03-05 16:54:46,-6.002762,106.025294,15.4,0.3299
21,K-04,Rabu,2025-03-05 16:56:01,-6.002694,106.024778,11.8,0.3299
21,K-04,Rabu,2025-03-05 16:57:17,-6.001934,106.023665,12.2,0.3299
21,K-04,Rabu,2025-03-05 16:58:32,-6.001174,106.022552,20.4,0.3299
21,K-04,Rabu,2025-03-05 16:59:47,-5.999339,106.022582,19.1,0.3299
21,K-04,Rabu,2025-03-05 17:01:03,-5.997503,106.022612,10.3,0.3299
21,K-04,Rabu,2025-03-05 17:02:18,-5.99672,106.023599,17.8,0.3299
21,K-04,Rabu,2025-03-05 17:03:34,-5.995937,106.024587,17.3,0.3299
21,K-04,Rabu,2025-03-05 17:04:49,-5.995702,106.025915,21.1,0.3299
21,K-04,Rabu,2025-03-05 17:06:05,-5.995467,106.027244,20.6,0.3299
21,K-04,Rabu,2025-03-05 17:07:20,-5.994473,106.028137,12.8,0.3299
21,K-04,Rabu,2025-03-05 17:08:35,-5.99348,106.02903,10.7,0.3299
21,K-04,Rabu,2025-03-05 17:09:51,-5.994061,106.030219,17.0,0.3299
21,K-04,Rabu,2025-03-05 17:11:06,-5.994642,106.031408,15.3,0.3299
21,K-04,Rabu,2025-03-05 17:12:22,-6.001115,106.036017,18.0,0.3299
21,K-04,Rabu,2025-03-05 17:13:37,-6.007588,106.040627,20.4,0.3299
21,K-04,Rabu,2025-03-05 17:14:52,-6.008942,106.0413,12.8,0.3299
21,K-04,Rabu,2025-03-05 17:16:08,-6.010297,106.041972,10.4,0.3299
21,K-04,Rabu,2025-03-05 17:17:23,-6.011188,106.043044,15.2,0.3299
21,K-04,Rabu,2025-03-05 17:18:39,-6.012079,106.044116,16.4,0.3299
21,K-04,Rabu,2025-03-05 17:19:54,-6.013647,106.046452,19.0,0.3299
21,K-04,Rabu,2025-03-05 17:21:10,-6.015214,106.048787,19.2,0.3299
21,K-04,Rabu,2025-03-05 17:22:25,-6.016001,106.050271,11.6,0.3299
21,K-04,Rabu,2025-03-05 17:23:40,-6.016789,106.051754,21.8,0.3299
21,K-04,Rabu,2025-03-05 17:24:56,-6.018808,106.056438,12.7,0.3299
21,K-04,Rabu,2025-03-05 17:26:11,-6.020827,106.061123,20.9,0.3299
21,K-04,Rabu,2025-03-05 17:27:27,-6.022251,106.064022,16.8,0.3299
21,K-04,Rabu,2025-03-05 17:28:42,-6.023674,106.066922,16.8,0.3299
21,K-04,Rabu,2025-03-05 17:29:57,-6.027209,106.072342,19.2,0.3299
21,K-04,Rabu,2025-03-05 17:31:13,-6.030743,106.077762,19.7,0.3299
21,K-04,Rabu,2025-03-05 17:32:28,-6.031683,106.079026,12.7,0.3299
21,K-04,Rabu,2025-03-05 17:33:44,-6.032623,106.080289,20.4,0.3299
21,K-04,Rabu,2025-03-05 17:34:59,-6.033387,106.081626,21.7,0.3299
21,K-04,Rabu,2025-03-05 17:36:15,-6.034152,106.082962,16.2,0.3299
21,K-04,Rabu,2025-03-05 17:37:30,-6.032953,106.083847,14.9,0.3299
21,K-04,Rabu,2025-03-05 17:38:45,-6.031754,106.084733,13.2,0.3299
21,K-04,Rabu,2025-03-05 17:40:01,-6.028745,106.085247,16.6,0.3299
21,K-04,Rabu,2025-03-05 17:41:16,-6.025735,106.085761,17.0,0.3299
21,K-04,Rabu,2025-03-05 17:42:32,-6.02497,106.086703,18.7,0.3299
21,K-04,Rabu,2025-03-05 17:43:47,-6.024204,106.087646,12.0,0.3299
21,K-04,Rabu,2025-03-05 17:45:03,-6.02324,106.089192,18.0,0.3299
21,K-04,Rabu,2025-03-05 17:46:18,-6.022276,106.090738,16.6,0.3299
21,K-04,Rabu,2025-03-05 17:47:33,-6.022845,106.092225,10.5,0.3299
21,K-04,Rabu,2025-03-05 17:48:49,-6.023414,106.093712,14.0,0.3299
21,K-04,Rabu,2025-03-05 17:50:04,-6.025531,106.095443,17.6,0.3299
21,K-04,Rabu,2025-03-05 17:51:20,-6.027647,106.097174,14.5,0.3299
21,K-04,Rabu,2025-03-05 17:52:35,-6.031515,106.099596,16.2,0.3299
21,K-04,Rabu,2025-03-05 17:53:50,-6.035384,106.102019,18.3,0.3299
21,K-04,Rabu,2025-03-05 17:55:06,-6.037822,106.10378,14.8,0.3299
21,K-04,Rabu,2025-03-05 17:56:21,-6.04026,106.10554,13.5,0.3299
21,K-04,Rabu,2025-03-05 17:57:37,-6.041576,106.106827,12.1,0.3299
21,K-04,Rabu,2025-03-05 17:58:52,-6.042891,106.108113,16.4,0.3299
21,K-04,Rabu,2025-03-05 18:00:08,-6.046235,106.111776,12.8,0.3299
21,K-04,Rabu,2025-03-05 18:01:23,-6.049578,106.115439,12.6,0.3299
21,K-04,Rabu,2025-03-05 18:02:38,-6.050965,106.116649,20.2,0.3299
21,K-04,Rabu,2025-03-05 18:03:54,-6.052352,106.11786,11.6,0.3299
21,K-04,Rabu,2025-03-05 18:05:09,-6.055872,106.120039,15.5,0.3299
21,K-04,Rabu,2025-03-05 18:06:25,-6.059393,106.122219,10.6,0.3299
21,K-04,Rabu,2025-03-05 18:07:40,-6.071108,106.128433,14.9,0.3299
21,K-04,Rabu,2025-03-05 18:08:55,-6.082823,106.134648,14.9,0.3299
21,K-04,Rabu,2025-03-05 18:10:11,-6.084086,106.135965,16.3,0.3299
21,K-04,Rabu,2025-03-05 18:11:26,-6.085348,106.137283,14.6,0.3299
21,K-04,Rabu,2025-03-05 18:12:42,-6.086009,106.138655,13.0,0.3299
21,K-04,Rabu,2025-03-05 18:13:57,-6.086671,106.140026,13.9,0.3299
21,K-04,Rabu,2025-03-05 18:15:13,-6.090362,106.150789,10.8,0.3299
21,K-04,Rabu,2025-03-05 18:16:28,-6.094054,106.161552,15.3,0.3299
21,K-04,Rabu,2025-03-05 18:17:43,-6.095384,106.164179,14.4,0.3299
21,K-04,Rabu,2025-03-05 18:18:59,-6.096714,106.166806,16.3,0.3299
21,K-04,Rabu,2025-03-05 18:20:14,-6.097544,106.167923,19.9,0.3299
21,K-04,Rabu,2025-03-05 18:21:30,-6.098373,106.169039,10.5,0.3299
21,K-04,Rabu,2025-03-05 18:22:45,-6.099287,106.170243,14.4,0.3299
21,K-04,Rabu,2025-03-05 18:24:00,-6.100201,106.171446,17.2,0.3299
21,K-04,Rabu,2025-03-05 18:25:16,-6.101555,106.172775,10.4,0.3299
21,K-04,Rabu,2025-03-05 18:26:31,-6.10291,106.174104,10.8,0.3299
21,K-04,Rabu,2025-03-05 18:27:47,-6.107071,106.178041,19.6,0.3299
21,K-04,Rabu,2025-03-05 18:29:02,-6.111233,106.181977,17.0,0.3299
21,K-04,Rabu,2025-03-05 18:30:18,-6.112462,106.182965,18.0,0.3299
21,K-04,Rabu,2025-03-05 18:31:33,-6.113691,106.183954,12.5,0.3299
21,K-04,Rabu,2025-03-05 18:32:48,-6.11523,106.183165,12.4,0.3299
21,K-04,Rabu,2025-03-05 18:34:04,-6.116769,106.182376,20.8,0.3299
21,K-04,Rabu,2025-03-05 18:35:19,-6.11819,106.181962,13.5,0.3299
21,K-04,Rabu,2025-03-05 18:36:35,-6.119611,106.181548,20.8,0.3299
21,K-04,Rabu,2025-03-05 18:37:50,-6.120006,106.18302,12.4,0.3299
21,K-04,Rabu,2025-03-05 18:39:06,-6.120401,106.184492,0.0,0.3299
22,K-07,Rabu,2025-03-05 04:51:00,-6.120401,106.184492,15.0,0.356
22,K-07,Rabu,2025-03-05 04:51:34,-6.120449,106.182988,36.4,0.356
22,K-07,Rabu,2025-03-05 04:52:08,-6.120497,106.181485,34.5,0.356
22,K-07,Rabu,2025-03-05 04:52:43,-6.119015,106.181689,35.5,0.356
22,K-07,Rabu,2025-03-05 04:53:17,-6.117534,106.181893,35.0,0.356
22,K-07,Rabu,2025-03-05 04:53:51,-6.116447,106.18275,37.2,0.356
22,K-07,Rabu,2025-03-05 04:54:26,-6.115361,106.183607,39.4,0.356
22,K-07,Rabu,2025-03-05 04:55:00,-6.114493,106.183838,35.3,0.356
22,K-07,Rabu,2025-03-05 04:55:35,-6.113625,106.184069,35.9,0.356
22,K-07,Rabu,2025-03-05 04:56:09,-6.109409,106.180187,42.2,0.356
22,K-07,Rabu,2025-03-05 04:56:43,-6.105193,106.176306,37.2,0.356
22,K-07,Rabu,2025-03-05 04:57:18,-6.100575,106.170921,41.2,0.356
22,K-07,Rabu,2025-03-05 04:57:52,-6.095958,106.165536,40.3,0.356
22,K-07,Rabu,2025-03-05 04:58:27,-6.093378,106.158769,40.7,0.356
22,K-07,Rabu,2025-03-05 04:59:01,-6.090798,106.152001,35.4,0.356
22,K-07,Rabu,2025-03-05 04:59:35,-6.088704,106.145865,34.0,0.356
22,K-07,Rabu,2025-03-05 05:00:10,-6.08661,106.139728,35.4,0.356
22,K-07,Rabu,2025-03-05 05:00:44,-6.081891,106.135638,32.1,0.356
22,K-07,Rabu,2025-03-05 05:01:19,-6.077171,106.131547,42.0,0.356
22,K-07,Rabu,2025-03-05 05:01:53,-6.067851,106.126623,40.5,0.356
22,K-07,Rabu,2025-03-05 05:02:27,-6.058531,106.1217,31.8,0.356
22,K-07,Rabu,2025-03-05 05:03:02,-6.054898,106.119329,38.2,0.356
22,K-07,Rabu,2025-03-05 05:03:36,-6.051265,106.116959,38.6,0.356
22,K-07,Rabu,2025-03-05 05:04:10,-6.047156,106.112505,40.2,0.356
22,K-07,Rabu,2025-03-05 05:04:45,-6.043048,106.108051,35.1,0.356
22,K-07,Rabu,2025-03-05 05:05:19,-6.039813,106.105373,34.0,0.356
22,K-07,Rabu,2025-03-05 05:05:54,-6.036578,106.102696,34.4,0.356
22,K-07,Rabu,2025-03-05 05:06:28,-6.030036,106.098298,38.4,0.356
22,K-07,Rabu,2025-03-05 05:07:02,-6.023493,106.093901,34.5,0.356
22,K-07,Rabu,2025-03-05 05:07:37,-6.022763,106.093069,38.2,0.356
22,K-07,Rabu,2025-03-05 05:08:11,-6.022034,106.092237,42.9,0.356
22,K-07,Rabu,2025-03-05 05:08:46,-6.022133,106.091267,35.7,0.356
22,K-07,Rabu,2025-03-05 05:09:20,-6.022233,106.090297,40.8,0.356
22,K-07,Rabu,2025-03-05 05:09:54,-6.023358,106.088664,37.5,0.356
22,K-07,Rabu,2025-03-05 05:10:29,-6.024483,106.087031,40.3,0.356
22,K-07,Rabu,2025-03-05 05:11:03,-6.025137,106.086275,40.5,0.356
22,K-07,Rabu,2025-03-05 05:11:38,-6.025791,106.085519,37.1,0.356
22,K-07,Rabu,2025-03-05 05:12:12,-6.028265,106.085363,40.4,0.356
22,K-07,Rabu,2025-03-05 05:12:46,-6.03074,106.085206,35.8,0.356
22,K-07,Rabu,2025-03-05 05:13:21,-6.031801,106.08464,33.3,0.356
22,K-07,Rabu,2025-03-05 05:13:55,-6.032862,106.084073,38.2,0.356
22,K-07,Rabu,2025-03-05 05:14:29,-6.033632,106.083619,33.8,0.356
22,K-07,Rabu,2025-03-05 05:15:04,-6.034402,106.083165,42.3,0.356
22,K-07,Rabu,2025-03-05 05:15:38,-6.033392,106.081554,43.5,0.356
22,K-07,Rabu,2025-03-05 05:16:13,-6.032382,106.079943,43.1,0.356
22,K-07,Rabu,2025-03-05 05:16:47,-6.030944,106.077923,37.9,0.356
22,K-07,Rabu,2025-03-05 05:17:21,-6.029506,106.075904,41.7,0.356
22,K-07,Rabu,2025-03-05 05:17:56,-6.027943,106.073596,32.5,0.356
22,K-07,Rabu,2025-03-05 05:18:30,-6.02638,106.071289,41.4,0.356
22,K-07,Rabu,2025-03-05 05:19:05,-6.024512,106.068114,32.2,0.356
22,K-07,Rabu,2025-03-05 05:19:39,-6.022644,106.064939,31.7,0.356
22,K-07,Rabu,2025-03-05 05:20:13,-6.020935,106.060982,33.2,0.356
22,K-07,Rabu,2025-03-05 05:20:48,-6.019226,106.057025,39.2,0.356
22,K-07,Rabu,2025-03-05 05:21:22,-6.017736,106.053745,32.4,0.356
22,K-07,Rabu,2025-03-05 05:21:56,-6.016247,106.050465,33.4,0.356
22,K-07,Rabu,2025-03-05 05:22:31,-6.014927,106.048385,34.2,0.356
22,K-07,Rabu,2025-03-05 05:23:05,-6.013608,106.046306,37.1,0.356
22,K-07,Rabu,2025-03-05 05:23:40,-6.013208,106.045749,32.3,0.356
22,K-07,Rabu,2025-03-05 05:24:14,-6.012807,106.045191,39.3,0.356
22,K-07,Rabu,2025-03-05 05:24:48,-6.012175,106.043406,42.8,0.356
22,K-07,Rabu,2025-03-05 05:25:23,-6.011543,106.041621,42.6,0.356
22,K-07,Rabu,2025-03-05 05:25:57,-6.01086,106.037239,39.5,0.356
22,K-07,Rabu,2025-03-05 05:26:32,-6.010176,106.032856,31.8,0.356
22,K-07,Rabu,2025-03-05 05:27:06,-6.009626,106.028951,38.0,0.356
22,K-07,Rabu,2025-03-05 05:27:40,-6.009075,106.025045,36.5,0.356
22,K-07,Rabu,2025-03-05 05:28:15,-6.009984,106.021793,31.8,0.356
22,K-07,Rabu,2025-03-05 05:28:49,-6.010892,106.01854,40.3,0.356
22,K-07,Rabu,2025-03-05 05:29:24,-6.011474,106.0155,38.0,0.356
22,K-07,Rabu,2025-03-05 05:29:58,-6.012056,106.01246,35.0,0.356
22,K-07,Rabu,2025-03-05 05:30:32,-6.012134,106.009563,37.6,0.356
22,K-07,Rabu,2025-03-05 05:31:07,-6.012211,106.006667,40.0,0.356
22,K-07,Rabu,2025-03-05 05:31:41,-6.01184,106.003198,36.8,0.356
22,K-07,Rabu,2025-03-05 05:32:16,-6.01147,105.99973,42.9,0.356
22,K-07,Rabu,2025-03-05 05:32:50,-6.010867,105.996921,33.8,0.356
22,K-07,Rabu,2025-03-05 05:33:24,-6.010265,105.994113,42.6,0.356
22,K-07,Rabu,2025-03-05 05:33:59,-6.011052,105.988977,37.9,0.356
22,K-07,Rabu,2025-03-05 05:34:33,-6.01184,105.983841,34.5,0.356
22,K-07,Rabu,2025-03-05 05:35:07,-6.013607,105.980132,39.0,0.356
22,K-07,Rabu,2025-03-05 05:35:42,-6.015375,105.976423,34.6,0.356
22,K-07,Rabu,2025-03-05 05:36:16,-6.016651,105.973485,35.9,0.356
22,K-07,Rabu,2025-03-05 05:36:51,-6.017927,105.970547,41.1,0.356
22,K-07,Rabu,2025-03-05 05:37:25,-6.018326,105.969919,32.5,0.356
22,K-07,Rabu,2025-03-05 05:37:59,-6.018725,105.969291,43.1,0.356
22,K-07,Rabu,2025-03-05 05:38:34,-6.02085,105.967025,37.1,0.356
22,K-07,Rabu,2025-03-05 05:39:08,-6.022975,105.964758,34.5,0.356
22,K-07,Rabu,2025-03-05 05:39:43,-6.023462,105.963127,40.0,0.356
22,K-07,Rabu,2025-03-05 05:40:17,-6.023949,105.961495,35.2,0.356
22,K-07,Rabu,2025-03-05 05:40:51,-6.023233,105.958851,41.5,0.356
22,K-07,Rabu,2025-03-05 05:41:26,-6.022516,105.956207,32.6,0.356
22,K-07,Rabu,2025-03-05 05:42:00,-6.02342,105.953825,43.5,0.356
22,K-07,Rabu,2025-03-05 05:42:34,-6.024323,105.951444,39.4,0.356
22,K-07,Rabu,2025-03-05 05:43:09,-6.025311,105.950308,32.0,0.356
22,K-07,Rabu,2025-03-05 05:43:43,-6.0263,105.949172,36.5,0.356
22,K-07,Rabu,2025-03-05 05:44:18,-6.028849,105.945886,36.1,0.356
22,K-07,Rabu,2025-03-05 05:44:52,-6.031397,105.9426,37.3,0.356
22,K-07,Rabu,2025-03-05 05:45:26,-6.033191,105.939526,39.2,0.356
22,K-07,Rabu,2025-03-05 05:46:01,-6.034985,105.936452,40.0,0.356
22,K-07,Rabu,2025-03-05 05:46:35,-6.036134,105.933928,32.6,0.356
22,K-07,Rabu,2025-03-05 05:47:10,-6.037284,105.931403,41.7,0.356
22,K-07,Rabu,2025-03-05 05:47:44,-6.038605,105.929077,39.3,0.356
22,K-07,Rabu,2025-03-05 05:48:18,-6.039927,105.92675,35.6,0.356
22,K-07,Rabu,2025-03-05 05:48:53,-6.040842,105.926202,43.3,0.356
22,K-07,Rabu,2025-03-05 05:49:27,-6.041757,105.925654,43.3,0.356
22,K-07,Rabu,2025-03-05 05:50:02,-6.043299,105.925629,42.3,0.356
22,K-07,Rabu,2025-03-05 05:50:36,-6.044842,105.925605,42.6,0.356
22,K-07,Rabu,2025-03-05 05:51:10,-6.04665,105.925298,34.4,0.356
22,K-07,Rabu,2025-03-05 05:51:45,-6.048458,105.924992,42.4,0.356
22,K-07,Rabu,2025-03-05 05:52:19,-6.050837,105.923865,39.9,0.356
22,K-07,Rabu,2025-03-05 05:52:53,-6.053216,105.922737,0.0,0.356
23,K-07,Rabu,2025-03-05 10:28:00,-6.053216,105.922737,15.0,0.3553
23,K-07,Rabu,2025-03-05 10:28:44,-6.050837,105.923865,29.5,0.3553
23,K-07,Rabu,2025-03-05 10:29:29,-6.048458,105.924992,30.9,0.3553
23,K-07,Rabu,2025-03-05 10:30:13,-6.04665,105.925298,25.2,0.3553
23,K-07,Rabu,2025-03-05 10:30:58,-6.044842,105.925605,33.2,0.3553
23,K-07,Rabu,2025-03-05 10:31:42,-6.043299,105.925629,23.2,0.3553
23,K-07,Rabu,2025-03-05 10:32:27,-6.041757,105.925654,25.5,0.3553
23,K-07,Rabu,2025-03-05 10:33:11,-6.040842,105.926202,24.7,0.3553
23,K-07,Rabu,2025-03-05 10:33:56,-6.039927,105.92675,32.8,0.3553
23,K-07,Rabu,2025-03-05 10:34:41,-6.038605,105.929077,32.9,0.3553
23,K-07,Rabu,2025-03-05 10:35:25,-6.037284,105.931403,34.1,0.3553
23,K-07,Rabu,2025-03-05 10:36:10,-6.036134,105.933928,26.6,0.3553
23,K-07,Rabu,2025-03-05 10:36:54,-6.034985,105.936452,29.8,0.3553
23,K-07,Rabu,2025-03-05 10:37:39,-6.033191,105.939526,29.8,0.3553
23,K-07,Rabu,2025-03-05 10:38:23,-6.031397,105.9426,33.2,0.3553
23,K-07,Rabu,2025-03-05 10:39:08,-6.028849,105.945886,31.1,0.3553
23,K-07,Rabu,2025-03-05 10:39:52,-6.0263,105.949172,29.5,0.3553
23,K-07,Rabu,2025-03-05 10:40:37,-6.025311,105.950308,27.6,0.3553
23,K-07,Rabu,2025-03-05 10:41:22,-6.024323,105.951444,31.9,0.3553
23,K-07,Rabu,2025-03-05 10:42:06,-6.02342,105.953825,32.5,0.3553
23,K-07,Rabu,2025-03-05 10:42:51,-6.022516,105.956207,31.3,0.3553
23,K-07,Rabu,2025-03-05 10:43:35,-6.023233,105.958851,23.9,0.3553
23,K-07,Rabu,2025-03-05 10:44:20,-6.023949,105.961495,31.9,0.3553
23,K-07,Rabu,2025-03-05 10:45:04,-6.023462,105.963127,27.2,0.3553
23,K-07,Rabu,2025-03-05 10:45:49,-6.022975,105.964758,24.2,0.3553
23,K-07,Rabu,2025-03-05 10:46:33,-6.02085,105.967025,25.8,0.3553
23,K-07,Rabu,2025-03-05 10:47:18,-6.018725,105.969291,23.9,0.3553
23,K-07,Rabu,2025-03-05 10:48:03,-6.018326,105.969919,30.3,0.3553
23,K-07,Rabu,2025-03-05 10:48:47,-6.017927,105.970547,30.4,0.3553
23,K-07,Rabu,2025-03-05 10:49:32,-6.016651,105.973485,30.1,0.3553
23,K-07,Rabu,2025-03-05 10:50:16,-6.015375,105.976423,34.6,0.3553
23,K-07,Rabu,2025-03-05 10:51:01,-6.013607,105.980132,26.9,0.3553
23,K-07,Rabu,2025-03-05 10:51:45,-6.01184,105.983841,30.6,0.3553
23,K-07,Rabu,2025-03-05 10:52:30,-6.011052,105.988977,32.4,0.3553
23,K-07,Rabu,2025-03-05 10:53:14,-6.010265,105.994113,28.4,0.3553
23,K-07,Rabu,2025-03-05 10:53:59,-6.010867,105.996921,25.7,0.3553
23,K-07,Rabu,2025-03-05 10:54:44,-6.01147,105.99973,29.6,0.3553
23,K-07,Rabu,2025-03-05 10:55:28,-6.01184,106.003198,27.5,0.3553
23,K-07,Rabu,2025-03-05 10:56:13,-6.012211,106.006667,25.2,0.3553
23,K-07,Rabu,2025-03-05 10:56:57,-6.012134,106.009563,30.0,0.3553
23,K-07,Rabu,2025-03-05 10:57:42,-6.012056,106.01246,27.6,0.3553
23,K-07,Rabu,2025-03-05 10:58:26,-6.011474,106.0155,32.3,0.3553
23,K-07,Rabu,2025-03-05 10:59:11,-6.010892,106.01854,26.5,0.3553
23,K-07,Rabu,2025-03-05 10:59:55,-6.009984,106.021793,26.0,0.3553
23,K-07,Rabu,2025-03-05 11:00:40,-6.009075,106.025045,23.9,0.3553
23,K-07,Rabu,2025-03-05 11:01:25,-6.009626,106.028951,26.2,0.3553
23,K-07,Rabu,2025-03-05 11:02:09,-6.010176,106.032856,27.6,0.3553
23,K-07,Rabu,2025-03-05 11:02:54,-6.01086,106.037239,32.4,0.3553
23,K-07,Rabu,2025-03-05 11:03:38,-6.011543,106.041621,24.9,0.3553
23,K-07,Rabu,2025-03-05 11:04:23,-6.012175,106.043406,27.7,0.3553
23,K-07,Rabu,2025-03-05 11:05:07,-6.012807,106.045191,27.3,0.3553
23,K-07,Rabu,2025-03-05 11:05:52,-6.013208,106.045749,24.1,0.3553
23,K-07,Rabu,2025-03-05 11:06:36,-6.013608,106.046306,34.3,0.3553
23,K-07,Rabu,2025-03-05 11:07:21,-6.014927,106.048385,28.3,0.3553
23,K-07,Rabu,2025-03-05 11:08:06,-6.016247,106.050465,32.1,0.3553
23,K-07,Rabu,2025-03-05 11:08:50,-6.017736,106.053745,24.2,0.3553
23,K-07,Rabu,2025-03-05 11:09:35,-6.019226,106.057025,24.0,0.3553
23,K-07,Rabu,2025-03-05 11:10:19,-6.020935,106.060982,28.2,0.3553
23,K-07,Rabu,2025-03-05 11:11:04,-6.022644,106.064939,29.7,0.3553
23,K-07,Rabu,2025-03-05 11:11:48,-6.024512,106.068114,29.1,0.3553
23,K-07,Rabu,2025-03-05 11:12:33,-6.02638,106.071289,24.2,0.3553
23,K-07,Rabu,2025-03-05 11:13:17,-6.027943,106.073596,24.1,0.3553
23,K-07,Rabu,2025-03-05 11:14:02,-6.029506,106.075904,29.7,0.3553
23,K-07,Rabu,2025-03-05 11:14:47,-6.030944,106.077923,30.2,0.3553
23,K-07,Rabu,2025-03-05 11:15:31,-6.032382,106.079943,32.4,0.3553
23,K-07,Rabu,2025-03-05 11:16:16,-6.033392,106.081554,33.4,0.3553
23,K-07,Rabu,2025-03-05 11:17:00,-6.034402,106.083165,23.1,0.3553
23,K-07,Rabu,2025-03-05 11:17:45,-6.033632,106.083619,28.0,0.3553
23,K-07,Rabu,2025-03-05 11:18:29,-6.032862,106.084073,32.4,0.3553
23,K-07,Rabu,2025-03-05 11:19:14,-6.031801,106.08464,31.7,0.3553
23,K-07,Rabu,2025-03-05 11:19:58,-6.03074,106.085206,29.7,0.3553
23,K-07,Rabu,2025-03-05 11:20:43,-6.028265,106.085363,34.9,0.3553
23,K-07,Rabu,2025-03-05 11:21:28,-6.025791,106.085519,25.9,0.3553
23,K-07,Rabu,2025-03-05 11:22:12,-6.025137,106.086275,29.3,0.3553
23,K-07,Rabu,2025-03-05 11:22:57,-6.024483,106.087031,31.2,0.3553
23,K-07,Rabu,2025-03-05 11:23:41,-6.023358,106.088664,25.0,0.3553
23,K-07,Rabu,2025-03-05 11:24:26,-6.022233,106.090297,26.2,0.3553
23,K-07,Rabu,2025-03-05 11:25:10,-6.022133,106.091267,26.2,0.3553
23,K-07,Rabu,2025-03-05 11:25:55,-6.022034,106.092237,24.8,0.3553
23,K-07,Rabu,2025-03-05 11:26:39,-6.022763,106.093069,25.0,0.3553
23,K-07,Rabu,2025-03-05 11:27:24,-6.023493,106.093901,26.3,0.3553
23,K-07,Rabu,2025-03-05 11:28:09,-6.030036,106.098298,26.6,0.3553
23,K-07,Rabu,2025-03-05 11:28:53,-6.036578,106.102696,32.4,0.3553
23,K-07,Rabu,2025-03-05 11:29:38,-6.039813,106.105373,27.3,0.3553
23,K-07,Rabu,2025-03-05 11:30:22,-6.043048,106.108051,34.3,0.3553
23,K-07,Rabu,2025-03-05 11:31:07,-6.047156,106.112505,31.7,0.3553
23,K-07,Rabu,2025-03-05 11:31:51,-6.051265,106.116959,28.9,0.3553
23,K-07,Rabu,2025-03-05 11:32:36,-6.054898,106.119329,30.4,0.3553
23,K-07,Rabu,2025-03-05 11:33:20,-6.058531,106.1217,28.5,0.3553
23,K-07,Rabu,2025-03-05 11:34:05,-6.067851,106.126623,24.6,0.3553
23,K-07,Rabu,2025-03-05 11:34:50,-6.077171,106.131547,23.1,0.3553
23,K-07,Rabu,2025-03-05 11:35:34,-6.081891,106.135638,27.7,0.3553
23,K-07,Rabu,2025-03-05 11:36:19,-6.08661,106.139728,33.1,0.3553
23,K-07,Rabu,2025-03-05 11:37:03,-6.088704,106.145865,27.6,0.3553
23,K-07,Rabu,2025-03-05 11:37:48,-6.090798,106.152001,33.3,0.3553
23,K-07,Rabu,2025-03-05 11:38:32,-6.093378,106.158769,28.3,0.3553
23,K-07,Rabu,2025-03-05 11:39:17,-6.095958,106.165536,28.2,0.3553
23,K-07,Rabu,2025-03-05 11:40:01,-6.100575,106.170921,32.9,0.3553
23,K-07,Rabu,2025-03-05 11:40:46,-6.105193,106.176306,30.8,0.3553
23,K-07,Rabu,2025-03-05 11:41:31,-6.109409,106.180187,30.1,0.3553
23,K-07,Rabu,2025-03-05 11:42:15,-6.113625,106.184069,26.6,0.3553
23,K-07,Rabu,2025-03-05 11:43:00,-6.114493,106.183838,30.2,0.3553
23,K-07,Rabu,2025-03-05 11:43:44,-6.115361,106.183607,31.3,0.3553
23,K-07,Rabu,2025-03-05 11:44:29,-6.116447,106.18275,28.7,0.3553
23,K-07,Rabu,2025-03-05 11:45:13,-6.117534,106.181893,25.1,0.3553
23,K-07,Rabu,2025-03-05 11:45:58,-6.119015,106.181689,27.8,0.3553
23,K-07,Rabu,2025-03-05 11:46:42,-6.120497,106.181485,26.8,0.3553
23,K-07,Rabu,2025-03-05 11:47:27,-6.120449,106.182988,31.8,0.3553
23,K-07,Rabu,2025-03-05 11:48:12,-6.120401,106.184492,0.0,0.3553
24,K-07,Rabu,2025-03-05 16:28:00,-6.053216,105.922737,15.0,0.3555
24,K-07,Rabu,2025-03-05 16:29:23,-6.050837,105.923865,18.8,0.3555
24,K-07,Rabu,2025-03-05 16:30:47,-6.048458,105.924992,13.8,0.3555
24,K-07,Rabu,2025-03-05 16:32:11,-6.04665,105.925298,20.6,0.3555
24,K-07,Rabu,2025-03-05 16:33:35,-6.044842,105.925605,11.8,0.3555
24,K-07,Rabu,2025-03-05 16:34:59,-6.043299,105.925629,21.4,0.3555
24,K-07,Rabu,2025-03-05 16:36:23,-6.041757,105.925654,11.6,0.3555
24,K-07,Rabu,2025-03-05 16:37:46,-6.040842,105.926202,18.6,0.3555
24,K-07,Rabu,2025-03-05 16:39:10,-6.039927,105.92675,9.7,0.3555
24,K-07,Rabu,2025-03-05 16:40:34,-6.038605,105.929077,18.1,0.3555
24,K-07,Rabu,2025-03-05 16:41:58,-6.037284,105.931403,20.7,0.3555
24,K-07,Rabu,2025-03-05 16:43:22,-6.036134,105.933928,11.9,0.3555
24,K-07,Rabu,2025-03-05 16:44:46,-6.034985,105.936452,19.0,0.3555
24,K-07,Rabu,2025-03-05 16:46:09,-6.033191,105.939526,19.4,0.3555
24,K-07,Rabu,2025-03-05 16:47:33,-6.031397,105.9426,10.2,0.3555
24,K-07,Rabu,2025-03-05 16:48:57,-6.028849,105.945886,19.6,0.3555
24,K-07,Rabu,2025-03-05 16:50:21,-6.0263,105.949172,18.9,0.3555
24,K-07,Rabu,2025-03-05 16:51:45,-6.025311,105.950308,17.5,0.3555
24,K-07,Rabu,2025-03-05 16:53:09,-6.024323,105.951444,11.1,0.3555
24,K-07,Rabu,2025-03-05 16:54:32,-6.02342,105.953825,13.0,0.3555
24,K-07,Rabu,2025-03-05 16:55:56,-6.022516,105.956207,12.4,0.3555
24,K-07,Rabu,2025-03-05 16:57:20,-6.023233,105.958851,11.2,0.3555
24,K-07,Rabu,2025-03-05 16:58:44,-6.023949,105.961495,14.5,0.3555
24,K-07,Rabu,2025-03-05 17:00:08,-6.023462,105.963127,13.9,0.3555
24,K-07,Rabu,2025-03-05 17:01:32,-6.022975,105.964758,14.8,0.3555
24,K-07,Rabu,2025-03-05 17:02:55,-6.02085,105.967025,16.6,0.3555
24,K-07,Rabu,2025-03-05 17:04:19,-6.018725,105.969291,16.4,0.3555
24,K-07,Rabu,2025-03-05 17:05:43,-6.018326,105.969919,15.8,0.3555
24,K-07,Rabu,2025-03-05 17:07:07,-6.017927,105.970547,20.5,0.3555
24,K-07,Rabu,2025-03-05 17:08:31,-6.016651,105.973485,19.8,0.3555
24,K-07,Rabu,2025-03-05 17:09:55,-6.015375,105.976423,14.4,0.3555
24,K-07,Rabu,2025-03-05 17:11:18,-6.013607,105.980132,9.8,0.3555
24,K-07,Rabu,2025-03-05 17:12:42,-6.01184,105.983841,21.0,0.3555
24,K-07,Rabu,2025-03-05 17:14:06,-6.011052,105.988977,17.8,0.3555
24,K-07,Rabu,2025-03-05 17:15:30,-6.010265,105.994113,19.1,0.3555
24,K-07,Rabu,2025-03-05 17:16:54,-6.010867,105.996921,16.5,0.3555
24,K-07,Rabu,2025-03-05 17:18:18,-6.01147,105.99973,20.4,0.3555
24,K-07,Rabu,2025-03-05 17:19:41,-6.01184,106.003198,10.7,0.3555
24,K-07,Rabu,2025-03-05 17:21:05,-6.012211,106.006667,12.4,0.3555
24,K-07,Rabu,2025-03-05 17:22:29,-6.012134,106.009563,17.4,0.3555
24,K-07,Rabu,2025-03-05 17:23:53,-6.012056,106.01246,11.4,0.3555
24,K-07,Rabu,2025-03-05 17:25:17,-6.011474,106.0155,16.8,0.3555
24,K-07,Rabu,2025-03-05 17:26:41,-6.010892,106.01854,16.2,0.3555
24,K-07,Rabu,2025-03-05 17:28:04,-6.009984,106.021793,17.1,0.3555
24,K-07,Rabu,2025-03-05 17:29:28,-6.009075,106.025045,17.2,0.3555
24,K-07,Rabu,2025-03-05 17:30:52,-6.009626,106.028951,21.0,0.3555
24,K-07,Rabu,2025-03-05 17:32:16,-6.010176,106.032856,13.4,0.3555
24,K-07,Rabu,2025-03-05 17:33:40,-6.01086,106.037239,19.0,0.3555
24,K-07,Rabu,2025-03-05 17:35:04,-6.011543,106.041621,10.7,0.3555
24,K-07,Rabu,2025-03-05 17:36:27,-6.012175,106.043406,10.6,0.3555
24,K-07,Rabu,2025-03-05 17:37:51,-6.012807,106.045191,12.1,0.3555
24,K-07,Rabu,2025-03-05 17:39:15,-6.013208,106.045749,18.4,0.3555
24,K-07,Rabu,2025-03-05 17:40:39,-6.013608,106.046306,16.1,0.3555
24,K-07,Rabu,2025-03-05 17:42:03,-6.014927,106.048385,17.7,0.3555
24,K-07,Rabu,2025-03-05 17:43:27,-6.016247,106.050465,12.1,0.3555
24,K-07,Rabu,2025-03-05 17:44:50,-6.017736,106.053745,13.9,0.3555
24,K-07,Rabu,2025-03-05 17:46:14,-6.019226,106.057025,15.0,0.3555
24,K-07,Rabu,2025-03-05 17:47:38,-6.020935,106.060982,17.6,0.3555
24,K-07,Rabu,2025-03-05 17:49:02,-6.022644,106.064939,17.7,0.3555
24,K-07,Rabu,2025-03-05 17:50:26,-6.024512,106.068114,11.2,0.3555
24,K-07,Rabu,2025-03-05 17:51:50,-6.02638,106.071289,21.4,0.3555
24,K-07,Rabu,2025-03-05 17:53:13,-6.027943,106.073596,15.2,0.3555
24,K-07,Rabu,2025-03-05 17:54:37,-6.029506,106.075904,12.9,0.3555
24,K-07,Rabu,2025-03-05 17:56:01,-6.030944,106.077923,20.4,0.3555
24,K-07,Rabu,2025-03-05 17:57:25,-6.032382,106.079943,10.4,0.3555
24,K-07,Rabu,2025-03-05 17:58:49,-6.033392,106.081554,19.4,0.3555
24,K-07,Rabu,2025-03-05 18:00:13,-6.034402,106.083165,18.2,0.3555
24,K-07,Rabu,2025-03-05 18:01:36,-6.033632,106.083619,13.6,0.3555
24,K-07,Rabu,2025-03-05 18:03:00,-6.032862,106.084073,13.5,0.3555
24,K-07,Rabu,2025-03-05 18:04:24,-6.031801,106.08464,18.8,0.3555
24,K-07,Rabu,2025-03-05 18:05:48,-6.03074,106.085206,15.7,0.3555
24,K-07,Rabu,2025-03-05 18:07:12,-6.028265,106.085363,13.6,0.3555
24,K-07,Rabu,2025-03-05 18:08:36,-6.025791,106.085519,10.6,0.3555
24,K-07,Rabu,2025-03-05 18:09:59,-6.025137,106.086275,18.1,0.3555
24,K-07,Rabu,2025-03-05 18:11:23,-6.024483,106.087031,14.8,0.3555
24,K-07,Rabu,2025-03-05 18:12:47,-6.023358,106.088664,10.2,0.3555
24,K-07,Rabu,2025-03-05 18:14:11,-6.022233,106.090297,9.9,0.3555
24,K-07,Rabu,2025-03-05 18:15:35,-6.022133,106.091267,17.9,0.3555
24,K-07,Rabu,2025-03-05 18:16:59,-6.022034,106.092237,9.7,0.3555
24,K-07,Rabu,2025-03-05 18:18:22,-6.022763,106.093069,13.5,0.3555
24,K-07,Rabu,2025-03-05 18:19:46,-6.023493,106.093901,10.7,0.3555
24,K-07,Rabu,2025-03-05 18:21:10,-6.030036,106.098298,19.0,0.3555
24,K-07,Rabu,2025-03-05 18:22:34,-6.036578,106.102696,20.6,0.3555
24,K-07,Rabu,2025-03-05 18:23:58,-6.039813,106.105373,18.3,0.3555
24,K-07,Rabu,2025-03-05 18:25:22,-6.043048,106.108051,15.6,0.3555
24,K-07,Rabu,2025-03-05 18:26:45,-6.047156,106.112505,16.0,0.3555
24,K-07,Rabu,2025-03-05 18:28:09,-6.051265,106.116959,13.4,0.3555
24,K-07,Rabu,2025-03-05 18:29:33,-6.054898,106.119329,14.5,0.3555
24,K-07,Rabu,2025-03-05 18:30:57,-6.058531,106.1217,14.9,0.3555
24,K-07,Rabu,2025-03-05 18:32:21,-6.067851,106.126623,19.0,0.3555
24,K-07,Rabu,2025-03-05 18:33:45,-6.077171,106.131547,17.0,0.3555
24,K-07,Rabu,2025-03-05 18:35:08,-6.081891,106.135638,11.6,0.3555
24,K-07,Rabu,2025-03-05 18:36:32,-6.08661,106.139728,17.3,0.3555
24,K-07,Rabu,2025-03-05 18:37:56,-6.088704,106.145865,14.1,0.3555
24,K-07,Rabu,2025-03-05 18:39:20,-6.090798,106.152001,18.2,0.3555
24,K-07,Rabu,2025-03-05 18:40:44,-6.093378,106.158769,20.0,0.3555
24,K-07,Rabu,2025-03-05 18:42:08,-6.095958,106.165536,14.8,0.3555
24,K-07,Rabu,2025-03-05 18:43:31,-6.100575,106.170921,14.6,0.3555
24,K-07,Rabu,2025-03-05 18:44:55,-6.105193,106.176306,9.5,0.3555
24,K-07,Rabu,2025-03-05 18:46:19,-6.109409,106.180187,12.0,0.3555
24,K-07,Rabu,2025-03-05 18:47:43,-6.113625,106.184069,12.7,0.3555
24,K-07,Rabu,2025-03-05 18:49:07,-6.114493,106.183838,17.8,0.3555
24,K-07,Rabu,2025-03-05 18:50:31,-6.115361,106.183607,19.0,0.3555
24,K-07,Rabu,2025-03-05 18:51:54,-6.116447,106.18275,16.3,0.3555
24,K-07,Rabu,2025-03-05 18:53:18,-6.117534,106.181893,19.0,0.3555
24,K-07,Rabu,2025-03-05 18:54:42,-6.119015,106.181689,15.8,0.3555
24,K-07,Rabu,2025-03-05 18:56:06,-6.120497,106.181485,13.8,0.3555
24,K-07,Rabu,2025-03-05 18:57:30,-6.120449,106.182988,11.8,0.3555
24,K-07,Rabu,2025-03-05 18:58:54,-6.120401,106.184492,0.0,0.3555
25,K-12,Rabu,2025-03-05 04:48:00,-6.00289,106.024787,15.0,0.1275
25,K-12,Rabu,2025-03-05 04:48:15,-6.002619,106.023636,31.4,0.1275
25,K-12,Rabu,2025-03-05 04:48:30,-6.002348,106.022484,28.6,0.1275
25,K-12,Rabu,2025-03-05 04:48:45,-5.999045,106.022499,34.5,0.1275
25,K-12,Rabu,2025-03-05 04:49:01,-5.995743,106.022514,31.8,0.1275
25,K-12,Rabu,2025-03-05 04:49:16,-5.995042,106.025236,34.2,0.1275
25,K-12,Rabu,2025-03-05 04:49:31,-5.994341,106.027958,32.9,0.1275
25,K-12,Rabu,2025-03-05 04:49:46,-5.992765,106.027873,28.0,0.1275
25,K-12,Rabu,2025-03-05 04:50:02,-5.991189,106.027789,31.8,0.1275
25,K-12,Rabu,2025-03-05 04:50:17,-5.990295,106.025858,25.4,0.1275
25,K-12,Rabu,2025-03-05 04:50:32,-5.9894,106.023927,26.0,0.1275
25,K-12,Rabu,2025-03-05 04:50:48,-5.988786,106.022945,25.8,0.1275
25,K-12,Rabu,2025-03-05 04:51:03,-5.988172,106.021964,28.1,0.1275
25,K-12,Rabu,2025-03-05 04:51:18,-5.987707,106.020783,26.6,0.1275
25,K-12,Rabu,2025-03-05 04:51:33,-5.987242,106.019603,32.7,0.1275
25,K-12,Rabu,2025-03-05 04:51:49,-5.986827,106.018991,30.5,0.1275
25,K-12,Rabu,2025-03-05 04:52:04,-5.986412,106.018379,29.4,0.1275
25,K-12,Rabu,2025-03-05 04:52:19,-5.985682,106.017923,26.1,0.1275
25,K-12,Rabu,2025-03-05 04:52:34,-5.984952,106.017468,29.0,0.1275
25,K-12,Rabu,2025-03-05 04:52:50,-5.984452,106.016956,26.6,0.1275
25,K-12,Rabu,2025-03-05 04:53:05,-5.983953,106.016445,32.0,0.1275
25,K-12,Rabu,2025-03-05 04:53:20,-5.983546,106.0156,32.7,0.1275
25,K-12,Rabu,2025-03-05 04:53:36,-5.983139,106.014755,32.1,0.1275
25,K-12,Rabu,2025-03-05 04:53:51,-5.983088,106.01394,36.4,0.1275
25,K-12,Rabu,2025-03-05 04:54:06,-5.983037,106.013125,31.1,0.1275
25,K-12,Rabu,2025-03-05 04:54:21,-5.98294,106.012154,30.3,0.1275
25,K-12,Rabu,2025-03-05 04:54:37,-5.982843,106.011183,26.1,0.1275
25,K-12,Rabu,2025-03-05 04:54:52,-5.982596,106.010437,28.2,0.1275
25,K-12,Rabu,2025-03-05 04:55:07,-5.98235,106.009692,29.8,0.1275
25,K-12,Rabu,2025-03-05 04:55:22,-5.982049,106.009352,25.0,0.1275
25,K-12,Rabu,2025-03-05 04:55:38,-5.981748,106.009012,28.7,0.1275
25,K-12,Rabu,2025-03-05 04:55:53,-5.981001,106.008845,24.5,0.1275
25,K-12,Rabu,2025-03-05 04:56:08,-5.980255,106.008678,26.0,0.1275
25,K-12,Rabu,2025-03-05 04:56:24,-5.979058,106.008464,34.2,0.1275
25,K-12,Rabu,2025-03-05 04:56:39,-5.977861,106.008249,36.0,0.1275
25,K-12,Rabu,2025-03-05 04:56:54,-5.977447,106.008246,30.5,0.1275
25,K-12,Rabu,2025-03-05 04:57:09,-5.977033,106.008242,30.3,0.1275
25,K-12,Rabu,2025-03-05 04:57:25,-5.976517,106.008462,32.6,0.1275
25,K-12,Rabu,2025-03-05 04:57:40,-5.976001,106.008682,29.4,0.1275
25,K-12,Rabu,2025-03-05 04:57:55,-5.975195,106.008176,34.5,0.1275
25,K-12,Rabu,2025-03-05 04:58:10,-5.974388,106.007671,30.3,0.1275
25,K-12,Rabu,2025-03-05 04:58:26,-5.97308,106.006949,25.4,0.1275
25,K-12,Rabu,2025-03-05 04:58:41,-5.971771,106.006228,24.8,0.1275
25,K-12,Rabu,2025-03-05 04:58:56,-5.971376,106.006035,33.5,0.1275
25,K-12,Rabu,2025-03-05 04:59:12,-5.97098,106.005842,27.9,0.1275
25,K-12,Rabu,2025-03-05 04:59:27,-5.970118,106.005387,27.7,0.1275
25,K-12,Rabu,2025-03-05 04:59:42,-5.969255,106.004933,30.9,0.1275
25,K-12,Rabu,2025-03-05 04:59:57,-5.968457,106.004582,26.4,0.1275
25,K-12,Rabu,2025-03-05 05:00:13,-5.967658,106.004231,29.9,0.1275
25,K-12,Rabu,2025-03-05 05:00:28,-5.966814,106.003848,33.3,0.1275
25,K-12,Rabu,2025-03-05 05:00:43,-5.965969,106.003464,33.6,0.1275
25,K-12,Rabu,2025-03-05 05:00:58,-5.964886,106.002783,31.0,0.1275
25,K-12,Rabu,2025-03-05 05:01:14,-5.963803,106.002102,25.8,0.1275
25,K-12,Rabu,2025-03-05 05:01:29,-5.962492,106.001184,25.8,0.1275
25,K-12,Rabu,2025-03-05 05:01:44,-5.961181,106.000267,33.7,0.1275
25,K-12,Rabu,2025-03-05 05:02:00,-5.959478,105.999981,34.3,0.1275
25,K-12,Rabu,2025-03-05 05:02:15,-5.957774,105.999696,28.8,0.1275
25,K-12,Rabu,2025-03-05 05:02:30,-5.956166,105.999547,34.3,0.1275
25,K-12,Rabu,2025-03-05 05:02:45,-5.954557,105.999397,24.9,0.1275
25,K-12,Rabu,2025-03-05 05:03:01,-5.952616,106.000428,33.0,0.1275
25,K-12,Rabu,2025-03-05 05:03:16,-5.950676,106.001458,31.0,0.1275
25,K-12,Rabu,2025-03-05 05:03:31,-5.949248,106.002139,36.3,0.1275
25,K-12,Rabu,2025-03-05 05:03:46,-5.94782,106.002819,25.6,0.1275
25,K-12,Rabu,2025-03-05 05:04:02,-5.947029,106.002724,34.4,0.1275
25,K-12,Rabu,2025-03-05 05:04:17,-5.946237,106.00263,33.4,0.1275
25,K-12,Rabu,2025-03-05 05:04:32,-5.945759,106.00257,28.0,0.1275
25,K-12,Rabu,2025-03-05 05:04:48,-5.94528,106.002511,36.4,0.1275
25,K-12,Rabu,2025-03-05 05:05:03,-5.944396,106.00276,29.8,0.1275
25,K-12,Rabu,2025-03-05 05:05:18,-5.943513,106.003009,28.6,0.1275
25,K-12,Rabu,2025-03-05 05:05:33,-5.942709,106.002673,34.2,0.1275
25,K-12,Rabu,2025-03-05 05:05:49,-5.941905,106.002337,29.7,0.1275
25,K-12,Rabu,2025-03-05 05:06:04,-5.941111,106.001881,36.3,0.1275
25,K-12,Rabu,2025-03-05 05:06:19,-5.940317,106.001426,33.7,0.1275
25,K-12,Rabu,2025-03-05 05:06:34,-5.939709,106.001327,27.2,0.1275
25,K-12,Rabu,2025-03-05 05:06:50,-5.9391,106.001228,34.1,0.1275
25,K-12,Rabu,2025-03-05 05:07:05,-5.937857,106.001695,31.5,0.1275
25,K-12,Rabu,2025-03-05 05:07:20,-5.936613,106.002163,28.6,0.1275
25,K-12,Rabu,2025-03-05 05:07:36,-5.93584,106.002003,32.9,0.1275
25,K-12,Rabu,2025-03-05 05:07:51,-5.935067,106.001842,32.0,0.1275
25,K-12,Rabu,2025-03-05 05:08:06,-5.935282,106.00157,26.4,0.1275
25,K-12,Rabu,2025-03-05 05:08:21,-5.935498,106.001298,26.1,0.1275
25,K-12,Rabu,2025-03-05 05:08:37,-5.935544,106.000902,26.9,0.1275
25,K-12,Rabu,2025-03-05 05:08:52,-5.93559,106.000507,26.9,0.1275
25,K-12,Rabu,2025-03-05 05:09:07,-5.935287,106.000125,25.1,0.1275
25,K-12,Rabu,2025-03-05 05:09:22,-5.934983,105.999744,28.6,0.1275
25,K-12,Rabu,2025-03-05 05:09:38,-5.934755,105.999501,27.8,0.1275
25,K-12,Rabu,2025-03-05 05:09:53,-5.934526,105.999257,30.9,0.1275
25,K-12,Rabu,2025-03-05 05:10:08,-5.933298,105.998408,28.3,0.1275
25,K-12,Rabu,2025-03-05 05:10:24,-5.932069,105.99756,0.0,0.1275
26,K-12,Rabu,2025-03-05 10:13:00,-5.932069,105.99756,15.0,0.1267
26,K-12,Rabu,2025-03-05 10:13:19,-5.933298,105.998408,26.5,0.1267
26,K-12,Rabu,2025-03-05 10:13:38,-5.934526,105.999257,19.4,0.1267
26,K-12,Rabu,2025-03-05 10:13:57,-5.934755,105.999501,29.9,0.1267
26,K-12,Rabu,2025-03-05 10:14:16,-5.934983,105.999744,27.7,0.1267
26,K-12,Rabu,2025-03-05 10:14:35,-5.935287,106.000125,29.3,0.1267
26,K-12,Rabu,2025-03-05 10:14:54,-5.93559,106.000507,30.2,0.1267
26,K-12,Rabu,2025-03-05 10:15:13,-5.935544,106.000902,28.7,0.1267
26,K-12,Rabu,2025-03-05 10:15:32,-5.935498,106.001298,19.8,0.1267
26,K-12,Rabu,2025-03-05 10:15:51,-5.935282,106.00157,28.7,0.1267
26,K-12,Rabu,2025-03-05 10:16:10,-5.935067,106.001842,21.3,0.1267
26,K-12,Rabu,2025-03-05 10:16:29,-5.93584,106.002003,26.8,0.1267
26,K-12,Rabu,2025-03-05 10:16:48,-5.936613,106.002163,28.2,0.1267
26,K-12,Rabu,2025-03-05 10:17:07,-5.937857,106.001695,27.4,0.1267
26,K-12,Rabu,2025-03-05 10:17:26,-5.9391,106.001228,26.4,0.1267
26,K-12,Rabu,2025-03-05 10:17:45,-5.939709,106.001327,24.2,0.1267
26,K-12,Rabu,2025-03-05 10:18:04,-5.940317,106.001426,25.2,0.1267
26,K-12,Rabu,2025-03-05 10:18:23,-5.941111,106.001881,21.5,0.1267
26,K-12,Rabu,2025-03-05 10:18:42,-5.941905,106.002337,23.3,0.1267
26,K-12,Rabu,2025-03-05 10:19:01,-5.942709,106.002673,23.7,0.1267
26,K-12,Rabu,2025-03-05 10:19:20,-5.943513,106.003009,25.9,0.1267
26,K-12,Rabu,2025-03-05 10:19:39,-5.944396,106.00276,28.9,0.1267
26,K-12,Rabu,2025-03-05 10:19:58,-5.94528,106.002511,19.4,0.1267
26,K-12,Rabu,2025-03-05 10:20:17,-5.945759,106.00257,24.5,0.1267
26,K-12,Rabu,2025-03-05 10:20:36,-5.946237,106.00263,21.6,0.1267
26,K-12,Rabu,2025-03-05 10:20:55,-5.947029,106.002724,29.5,0.1267
26,K-12,Rabu,2025-03-05 10:21:14,-5.94782,106.002819,22.7,0.1267
26,K-12,Rabu,2025-03-05 10:21:33,-5.949248,106.002139,29.7,0.1267
26,K-12,Rabu,2025-03-05 10:21:52,-5.950676,106.001458,22.2,0.1267
26,K-12,Rabu,2025-03-05 10:22:11,-5.952616,106.000428,18.3,0.1267
26,K-12,Rabu,2025-03-05 10:22:30,-5.954557,105.999397,27.6,0.1267
26,K-12,Rabu,2025-03-05 10:22:49,-5.956166,105.999547,27.1,0.1267
26,K-12,Rabu,2025-03-05 10:23:08,-5.957774,105.999696,27.1,0.1267
26,K-12,Rabu,2025-03-05 10:23:27,-5.959478,105.999981,23.8,0.1267
26,K-12,Rabu,2025-03-05 10:23:46,-5.961181,106.000267,26.3,0.1267
26,K-12,Rabu,2025-03-05 10:24:05,-5.962492,106.001184,22.6,0.1267
26,K-12,Rabu,2025-03-05 10:24:24,-5.963803,106.002102,19.1,0.1267
26,K-12,Rabu,2025-03-05 10:24:43,-5.964886,106.002783,24.7,0.1267
26,K-12,Rabu,2025-03-05 10:25:02,-5.965969,106.003464,20.9,0.1267
26,K-12,Rabu,2025-03-05 10:25:21,-5.966814,106.003848,23.5,0.1267
26,K-12,Rabu,2025-03-05 10:25:40,-5.967658,106.004231,20.8,0.1267
26,K-12,Rabu,2025-03-05 10:25:59,-5.968457,106.004582,21.5,0.1267
26,K-12,Rabu,2025-03-05 10:26:18,-5.969255,106.004933,28.2,0.1267
26,K-12,Rabu,2025-03-05 10:26:37,-5.970118,106.005387,22.4,0.1267
26,K-12,Rabu,2025-03-05 10:26:57,-5.97098,106.005842,25.2,0.1267
26,K-12,Rabu,2025-03-05 10:27:16,-5.971376,106.006035,25.1,0.1267
26,K-12,Rabu,2025-03-05 10:27:35,-5.971771,106.006228,24.1,0.1267
26,K-12,Rabu,2025-03-05 10:27:54,-5.97308,106.006949,22.4,0.1267
26,K-12,Rabu,2025-03-05 10:28:13,-5.974388,106.007671,26.5,0.1267
26,K-12,Rabu,2025-03-05 10:28:32,-5.975195,106.008176,18.9,0.1267
26,K-12,Rabu,2025-03-05 10:28:51,-5.976001,106.008682,19.5,0.1267
26,K-12,Rabu,2025-03-05 10:29:10,-5.976517,106.008462,27.7,0.1267
26,K-12,Rabu,2025-03-05 10:29:29,-5.977033,106.008242,23.8,0.1267
26,K-12,Rabu,2025-03-05 10:29:48,-5.977447,106.008246,19.8,0.1267
26,K-12,Rabu,2025-03-05 10:30:07,-5.977861,106.008249,28.6,0.1267
26,K-12,Rabu,2025-03-05 10:30:26,-5.979058,106.008464,23.6,0.1267
26,K-12,Rabu,2025-03-05 10:30:45,-5.980255,106.008678,18.3,0.1267
26,K-12,Rabu,2025-03-05 10:31:04,-5.981001,106.008845,29.8,0.1267
26,K-12,Rabu,2025-03-05 10:31:23,-5.981748,106.009012,20.7,0.1267
26,K-12,Rabu,2025-03-05 10:31:42,-5.982049,106.009352,26.6,0.1267
26,K-12,Rabu,2025-03-05 10:32:01,-5.98235,106.009692,19.9,0.1267
26,K-12,Rabu,2025-03-05 10:32:20,-5.982596,106.010437,26.1,0.1267
26,K-12,Rabu,2025-03-05 10:32:39,-5.982843,106.011183,20.2,0.1267
26,K-12,Rabu,2025-03-05 10:32:58,-5.98294,106.012154,29.5,0.1267
26,K-12,Rabu,2025-03-05 10:33:17,-5.983037,106.013125,21.6,0.1267
26,K-12,Rabu,2025-03-05 10:33:36,-5.983088,106.01394,26.2,0.1267
26,K-12,Rabu,2025-03-05 10:33:55,-5.983139,106.014755,21.3,0.1267
26,K-12,Rabu,2025-03-05 10:34:14,-5.983546,106.0156,22.8,0.1267
26,K-12,Rabu,2025-03-05 10:34:33,-5.983953,106.016445,29.1,0.1267
26,K-12,Rabu,2025-03-05 10:34:52,-5.984452,106.016956,20.3,0.1267
26,K-12,Rabu,2025-03-05 10:35:11,-5.984952,106.017468,23.1,0.1267
26,K-12,Rabu,2025-03-05 10:35:30,-5.985682,106.017923,22.0,0.1267
26,K-12,Rabu,2025-03-05 10:35:49,-5.986412,106.018379,26.7,0.1267
26,K-12,Rabu,2025-03-05 10:36:08,-5.986827,106.018991,21.1,0.1267
26,K-12,Rabu,2025-03-05 10:36:27,-5.987242,106.019603,26.2,0.1267
26,K-12,Rabu,2025-03-05 10:36:46,-5.987707,106.020783,26.7,0.1267
26,K-12,Rabu,2025-03-05 10:37:05,-5.988172,106.021964,18.3,0.1267
26,K-12,Rabu,2025-03-05 10:37:24,-5.988786,106.022945,24.0,0.1267
26,K-12,Rabu,2025-03-05 10:37:43,-5.9894,106.023927,19.9,0.1267
26,K-12,Rabu,2025-03-05 10:38:02,-5.990295,106.025858,21.0,0.1267
26,K-12,Rabu,2025-03-05 10:38:21,-5.991189,106.027789,26.5,0.1267
26,K-12,Rabu,2025-03-05 10:38:40,-5.992765,106.027873,18.4,0.1267
26,K-12,Rabu,2025-03-05 10:38:59,-5.994341,106.027958,26.6,0.1267
26,K-12,Rabu,2025-03-05 10:39:18,-5.995042,106.025236,28.1,0.1267
26,K-12,Rabu,2025-03-05 10:39:37,-5.995743,106.022514,30.2,0.1267
26,K-12,Rabu,2025-03-05 10:39:56,-5.999045,106.022499,23.4,0.1267
26,K-12,Rabu,2025-03-05 10:40:15,-6.002348,106.022484,19.9,0.1267
26,K-12,Rabu,2025-03-05 10:40:34,-6.002619,106.023636,19.1,0.1267
26,K-12,Rabu,2025-03-05 10:40:54,-6.00289,106.024787,0.0,0.1267
27,K-12,Rabu,2025-03-05 16:46:00,-5.932069,105.99756,15.0,0.1253
27,K-12,Rabu,2025-03-05 16:46:36,-5.933298,105.998408,8.0,0.1253
27,K-12,Rabu,2025-03-05 16:47:13,-5.934526,105.999257,15.7,0.1253
27,K-12,Rabu,2025-03-05 16:47:50,-5.934755,105.999501,15.4,0.1253
27,K-12,Rabu,2025-03-05 16:48:27,-5.934983,105.999744,8.0,0.1253
27,K-12,Rabu,2025-03-05 16:49:04,-5.935287,106.000125,18.3,0.1253
27,K-12,Rabu,2025-03-05 16:49:40,-5.93559,106.000507,8.1,0.1253
27,K-12,Rabu,2025-03-05 16:50:17,-5.935544,106.000902,12.8,0.1253
27,K-12,Rabu,2025-03-05 16:50:54,-5.935498,106.001298,6.5,0.1253
27,K-12,Rabu,2025-03-05 16:51:31,-5.935282,106.00157,14.2,0.1253
27,K-12,Rabu,2025-03-05 16:52:08,-5.935067,106.001842,11.7,0.1253
27,K-12,Rabu,2025-03-05 16:52:45,-5.93584,106.002003,15.1,0.1253
27,K-12,Rabu,2025-03-05 16:53:21,-5.936613,106.002163,13.9,0.1253
27,K-12,Rabu,2025-03-05 16:53:58,-5.937857,106.001695,8.2,0.1253
27,K-12,Rabu,2025-03-05 16:54:35,-5.9391,106.001228,11.3,0.1253
27,K-12,Rabu,2025-03-05 16:55:12,-5.939709,106.001327,14.6,0.1253
27,K-12,Rabu,2025-03-05 16:55:49,-5.940317,106.001426,16.7,0.1253
27,K-12,Rabu,2025-03-05 16:56:25,-5.941111,106.001881,7.4,0.1253
27,K-12,Rabu,2025-03-05 16:57:02,-5.941905,106.002337,7.6,0.1253
27,K-12,Rabu,2025-03-05 16:57:39,-5.942709,106.002673,15.4,0.1253
27,K-12,Rabu,2025-03-05 16:58:16,-5.943513,106.003009,13.5,0.1253
27,K-12,Rabu,2025-03-05 16:58:53,-5.944396,106.00276,11.0,0.1253
27,K-12,Rabu,2025-03-05 16:59:30,-5.94528,106.002511,18.0,0.1253
27,K-12,Rabu,2025-03-05 17:00:06,-5.945759,106.00257,10.2,0.1253
27,K-12,Rabu,2025-03-05 17:00:43,-5.946237,106.00263,8.1,0.1253
27,K-12,Rabu,2025-03-05 17:01:20,-5.947029,106.002724,9.7,0.1253
27,K-12,Rabu,2025-03-05 17:01:57,-5.94782,106.002819,7.4,0.1253
27,K-12,Rabu,2025-03-05 17:02:34,-5.949248,106.002139,13.0,0.1253
27,K-12,Rabu,2025-03-05 17:03:10,-5.950676,106.001458,13.6,0.1253
27,K-12,Rabu,2025-03-05 17:03:47,-5.952616,106.000428,13.7,0.1253
27,K-12,Rabu,2025-03-05 17:04:24,-5.954557,105.999397,15.7,0.1253
27,K-12,Rabu,2025-03-05 17:05:01,-5.956166,105.999547,14.7,0.1253
27,K-12,Rabu,2025-03-05 17:05:38,-5.957774,105.999696,16.6,0.1253
27,K-12,Rabu,2025-03-05 17:06:15,-5.959478,105.999981,14.3,0.1253
27,K-12,Rabu,2025-03-05 17:06:51,-5.961181,106.000267,10.0,0.1253
27,K-12,Rabu,2025-03-05 17:07:28,-5.962492,106.001184,12.6,0.1253
27,K-12,Rabu,2025-03-05 17:08:05,-5.963803,106.002102,12.5,0.1253
27,K-12,Rabu,2025-03-05 17:08:42,-5.964886,106.002783,15.4,0.1253
27,K-12,Rabu,2025-03-05 17:09:19,-5.965969,106.003464,9.9,0.1253
27,K-12,Rabu,2025-03-05 17:09:55,-5.966814,106.003848,7.1,0.1253
27,K-12,Rabu,2025-03-05 17:10:32,-5.967658,106.004231,17.2,0.1253
27,K-12,Rabu,2025-03-05 17:11:09,-5.968457,106.004582,17.9,0.1253
27,K-12,Rabu,2025-03-05 17:11:46,-5.969255,106.004933,12.3,0.1253
27,K-12,Rabu,2025-03-05 17:12:23,-5.970118,106.005387,7.8,0.1253
27,K-12,Rabu,2025-03-05 17:13:00,-5.97098,106.005842,12.4,0.1253
27,K-12,Rabu,2025-03-05 17:13:36,-5.971376,106.006035,13.5,0.1253
27,K-12,Rabu,2025-03-05 17:14:13,-5.971771,106.006228,12.7,0.1253
27,K-12,Rabu,2025-03-05 17:14:50,-5.97308,106.006949,18.1,0.1253
27,K-12,Rabu,2025-03-05 17:15:27,-5.974388,106.007671,18.2,0.1253
27,K-12,Rabu,2025-03-05 17:16:04,-5.975195,106.008176,17.6,0.1253
27,K-12,Rabu,2025-03-05 17:16:40,-5.976001,106.008682,8.0,0.1253
27,K-12,Rabu,2025-03-05 17:17:17,-5.976517,106.008462,16.7,0.1253
27,K-12,Rabu,2025-03-05 17:17:54,-5.977033,106.008242,13.2,0.1253
27,K-12,Rabu,2025-03-05 17:18:31,-5.977447,106.008246,10.8,0.1253
27,K-12,Rabu,2025-03-05 17:19:08,-5.977861,106.008249,14.6,0.1253
27,K-12,Rabu,2025-03-05 17:19:45,-5.979058,106.008464,15.6,0.1253
27,K-12,Rabu,2025-03-05 17:20:21,-5.980255,106.008678,17.9,0.1253
27,K-12,Rabu,2025-03-05 17:20:58,-5.981001,106.008845,15.6,0.1253
27,K-12,Rabu,2025-03-05 17:21:35,-5.981748,106.009012,6.6,0.1253
27,K-12,Rabu,2025-03-05 17:22:12,-5.982049,106.009352,7.2,0.1253
27,K-12,Rabu,2025-03-05 17:22:49,-5.98235,106.009692,9.5,0.1253
27,K-12,Rabu,2025-03-05 17:23:25,-5.982596,106.010437,6.9,0.1253
27,K-12,Rabu,2025-03-05 17:24:02,-5.982843,106.011183,7.1,0.1253
27,K-12,Rabu,2025-03-05 17:24:39,-5.98294,106.012154,15.9,0.1253
27,K-12,Rabu,2025-03-05 17:25:16,-5.983037,106.013125,12.5,0.1253
27,K-12,Rabu,2025-03-05 17:25:53,-5.983088,106.01394,13.9,0.1253
27,K-12,Rabu,2025-03-05 17:26:30,-5.983139,106.014755,12.4,0.1253
27,K-12,Rabu,2025-03-05 17:27:06,-5.983546,106.0156,11.4,0.1253
27,K-12,Rabu,2025-03-05 17:27:43,-5.983953,106.016445,14.8,0.1253
27,K-12,Rabu,2025-03-05 17:28:20,-5.984452,106.016956,7.4,0.1253
27,K-12,Rabu,2025-03-05 17:28:57,-5.984952,106.017468,12.8,0.1253
27,K-12,Rabu,2025-03-05 17:29:34,-5.985682,106.017923,13.8,0.1253
27,K-12,Rabu,2025-03-05 17:30:10,-5.986412,106.018379,9.7,0.1253
27,K-12,Rabu,2025-03-05 17:30:47,-5.986827,106.018991,10.1,0.1253
27,K-12,Rabu,2025-03-05 17:31:24,-5.987242,106.019603,12.5,0.1253
27,K-12,Rabu,2025-03-05 17:32:01,-5.987707,106.020783,8.8,0.1253
27,K-12,Rabu,2025-03-05 17:32:38,-5.988172,106.021964,16.1,0.1253
27,K-12,Rabu,2025-03-05 17:33:15,-5.988786,106.022945,12.8,0.1253
27,K-12,Rabu,2025-03-05 17:33:51,-5.9894,106.023927,11.1,0.1253
27,K-12,Rabu,2025-03-05 17:34:28,-5.990295,106.025858,14.0,0.1253
27,K-12,Rabu,2025-03-05 17:35:05,-5.991189,106.027789,16.4,0.1253
27,K-12,Rabu,2025-03-05 17:35:42,-5.992765,106.027873,14.6,0.1253
27,K-12,Rabu,2025-03-05 17:36:19,-5.994341,106.027958,7.2,0.1253
27,K-12,Rabu,2025-03-05 17:36:55,-5.995042,106.025236,14.8,0.1253
27,K-12,Rabu,2025-03-05 17:37:32,-5.995743,106.022514,15.2,0.1253
27,K-12,Rabu,2025-03-05 17:38:09,-5.999045,106.022499,16.6,0.1253
27,K-12,Rabu,2025-03-05 17:38:46,-6.002348,106.022484,7.1,0.1253
27,K-12,Rabu,2025-03-05 17:39:23,-6.002619,106.023636,7.4,0.1253
27,K-12,Rabu,2025-03-05 17:40:00,-6.00289,106.024787,0.0,0.1253
28,K-04,Kamis,2025-03-06 04:58:00,-6.120401,106.184492,15.0,0.3292
28,K-04,Kamis,2025-03-06 04:58:30,-6.120006,106.18302,33.3,0.3292
28,K-04,Kamis,2025-03-06 04:59:01,-6.119611,106.181548,34.7,0.3292
28,K-04,Kamis,2025-03-06 04:59:31,-6.11819,106.181962,33.2,0.3292
28,K-04,Kamis,2025-03-06 05:00:02,-6.116769,106.182376,39.1,0.3292
28,K-04,Kamis,2025-03-06 05:00:33,-6.11523,106.183165,37.3,0.3292
28,K-04,Kamis,2025-03-06 05:01:03,-6.113691,106.183954,39.3,0.3292
28,K-04,Kamis,2025-03-06 05:01:34,-6.112462,106.182965,43.0,0.3292
28,K-04,Kamis,2025-03-06 05:02:05,-6.111233,106.181977,36.2,0.3292
28,K-04,Kamis,2025-03-06 05:02:35,-6.107071,106.178041,37.6,0.3292
28,K-04,Kamis,2025-03-06 05:03:06,-6.10291,106.174104,42.1,0.3292
28,K-04,Kamis,2025-03-06 05:03:36,-6.101555,106.172775,43.6,0.3292
28,K-04,Kamis,2025-03-06 05:04:07,-6.100201,106.171446,41.9,0.3292
28,K-04,Kamis,2025-03-06 05:04:38,-6.099287,106.170243,34.5,0.3292
28,K-04,Kamis,2025-03-06 05:05:08,-6.098373,106.169039,43.9,0.3292
28,K-04,Kamis,2025-03-06 05:05:39,-6.097544,106.167923,37.1,0.3292
28,K-04,Kamis,2025-03-06 05:06:10,-6.096714,106.166806,38.3,0.3292
28,K-04,Kamis,2025-03-06 05:06:40,-6.095384,106.164179,39.4,0.3292
28,K-04,Kamis,2025-03-06 05:07:11,-6.094054,106.161552,36.3,0.3292
28,K-04,Kamis,2025-03-06 05:07:41,-6.090362,106.150789,44.8,0.3292
28,K-04,Kamis,2025-03-06 05:08:12,-6.086671,106.140026,40.6,0.3292
28,K-04,Kamis,2025-03-06 05:08:43,-6.086009,106.138655,39.1,0.3292
28,K-04,Kamis,2025-03-06 05:09:13,-6.085348,106.137283,39.2,0.3292
28,K-04,Kamis,2025-03-06 05:09:44,-6.084086,106.135965,33.8,0.3292
28,K-04,Kamis,2025-03-06 05:10:15,-6.082823,106.134648,43.4,0.3292
28,K-04,Kamis,2025-03-06 05:10:45,-6.071108,106.128433,35.1,0.3292
28,K-04,Kamis,2025-03-06 05:11:16,-6.059393,106.122219,35.0,0.3292
28,K-04,Kamis,2025-03-06 05:11:46,-6.055872,106.120039,42.4,0.3292
28,K-04,Kamis,2025-03-06 05:12:17,-6.052352,106.11786,43.8,0.3292
28,K-04,Kamis,2025-03-06 05:12:48,-6.050965,106.116649,41.2,0.3292
28,K-04,Kamis,2025-03-06 05:13:18,-6.049578,106.115439,34.5,0.3292
28,K-04,Kamis,2025-03-06 05:13:49,-6.046235,106.111776,42.0,0.3292
28,K-04,Kamis,2025-03-06 05:14:20,-6.042891,106.108113,33.1,0.3292
28,K-04,Kamis,2025-03-06 05:14:50,-6.041576,106.106827,43.4,0.3292
28,K-04,Kamis,2025-03-06 05:15:21,-6.04026,106.10554,33.2,0.3292
28,K-04,Kamis,2025-03-06 05:15:51,-6.037822,106.10378,33.7,0.3292
28,K-04,Kamis,2025-03-06 05:16:22,-6.035384,106.102019,37.5,0.3292
28,K-04,Kamis,2025-03-06 05:16:53,-6.031515,106.099596,44.1,0.3292
28,K-04,Kamis,2025-03-06 05:17:23,-6.027647,106.097174,35.2,0.3292
28,K-04,Kamis,2025-03-06 05:17:54,-6.025531,106.095443,44.6,0.3292
28,K-04,Kamis,2025-03-06 05:18:25,-6.023414,106.093712,33.5,0.3292
28,K-04,Kamis,2025-03-06 05:18:55,-6.022845,106.092225,42.7,0.3292
28,K-04,Kamis,2025-03-06 05:19:26,-6.022276,106.090738,41.7,0.3292
28,K-04,Kamis,2025-03-06 05:19:57,-6.02324,106.089192,41.0,0.3292
28,K-04,Kamis,2025-03-06 05:20:27,-6.024204,106.087646,35.8,0.3292
28,K-04,Kamis,2025-03-06 05:20:58,-6.02497,106.086703,36.1,0.3292
28,K-04,Kamis,2025-03-06 05:21:28,-6.025735,106.085761,44.1,0.3292
28,K-04,Kamis,2025-03-06 05:21:59,-6.028745,106.085247,36.9,0.3292
28,K-04,Kamis,2025-03-06 05:22:30,-6.031754,106.084733,43.0,0.3292
28,K-04,Kamis,2025-03-06 05:23:00,-6.032953,106.083847,40.0,0.3292
28,K-04,Kamis,2025-03-06 05:23:31,-6.034152,106.082962,34.5,0.3292
28,K-04,Kamis,2025-03-06 05:24:02,-6.033387,106.081626,41.2,0.3292
28,K-04,Kamis,2025-03-06 05:24:32,-6.032623,106.080289,33.7,0.3292
28,K-04,Kamis,2025-03-06 05:25:03,-6.031683,106.079026,35.8,0.3292
28,K-04,Kamis,2025-03-06 05:25:33,-6.030743,106.077762,39.3,0.3292
28,K-04,Kamis,2025-03-06 05:26:04,-6.027209,106.072342,33.7,0.3292
28,K-04,Kamis,2025-03-06 05:26:35,-6.023674,106.066922,37.9,0.3292
28,K-04,Kamis,2025-03-06 05:27:05,-6.022251,106.064022,43.6,0.3292
28,K-04,Kamis,2025-03-06 05:27:36,-6.020827,106.061123,43.5,0.3292
28,K-04,Kamis,2025-03-06 05:28:07,-6.018808,106.056438,42.4,0.3292
28,K-04,Kamis,2025-03-06 05:28:37,-6.016789,106.051754,36.8,0.3292
28,K-04,Kamis,2025-03-06 05:29:08,-6.016001,106.050271,34.1,0.3292
28,K-04,Kamis,2025-03-06 05:29:38,-6.015214,106.048787,38.6,0.3292
28,K-04,Kamis,2025-03-06 05:30:09,-6.013647,106.046452,37.5,0.3292
28,K-04,Kamis,2025-03-06 05:30:40,-6.012079,106.044116,36.6,0.3292
28,K-04,Kamis,2025-03-06 05:31:10,-6.011188,106.043044,42.5,0.3292
28,K-04,Kamis,2025-03-06 05:31:41,-6.010297,106.041972,42.0,0.3292
28,K-04,Kamis,2025-03-06 05:32:12,-6.008942,106.0413,36.0,0.3292
28,K-04,Kamis,2025-03-06 05:32:42,-6.007588,106.040627,37.5,0.3292
28,K-04,Kamis,2025-03-06 05:33:13,-6.001115,106.036017,44.8,0.3292
28,K-04,Kamis,2025-03-06 05:33:43,-5.994642,106.031408,45.1,0.3292
28,K-04,Kamis,2025-03-06 05:34:14,-5.994061,106.030219,42.4,0.3292
28,K-04,Kamis,2025-03-06 05:34:45,-5.99348,106.02903,41.9,0.3292
28,K-04,Kamis,2025-03-06 05:35:15,-5.994473,106.028137,39.7,0.3292
28,K-04,Kamis,2025-03-06 05:35:46,-5.995467,106.027244,42.7,0.3292
28,K-04,Kamis,2025-03-06 05:36:17,-5.995702,106.025915,34.9,0.3292
28,K-04,Kamis,2025-03-06 05:36:47,-5.995937,106.024587,44.3,0.3292
28,K-04,Kamis,2025-03-06 05:37:18,-5.99672,106.023599,33.4,0.3292
28,K-04,Kamis,2025-03-06 05:37:48,-5.997503,106.022612,39.6,0.3292
28,K-04,Kamis,2025-03-06 05:38:19,-5.999339,106.022582,40.7,0.3292
28,K-04,Kamis,2025-03-06 05:38:50,-6.001174,106.022552,41.4,0.3292
28,K-04,Kamis,2025-03-06 05:39:20,-6.001934,106.023665,33.2,0.3292
28,K-04,Kamis,2025-03-06 05:39:51,-6.002694,106.024778,37.1,0.3292
28,K-04,Kamis,2025-03-06 05:40:22,-6.002762,106.025294,42.2,0.3292
28,K-04,Kamis,2025-03-06 05:40:52,-6.00283,106.02581,37.6,0.3292
28,K-04,Kamis,2025-03-06 05:41:23,-6.00286,106.025299,42.0,0.3292
28,K-04,Kamis,2025-03-06 05:41:54,-6.00289,106.024787,0.0,0.3292
29,K-04,Kamis,2025-03-06 10:08:00,-6.00289,106.024787,15.0,0.3278
29,K-04,Kamis,2025-03-06 10:08:40,-6.00286,106.025299,35.1,0.3278
29,K-04,Kamis,2025-03-06 10:09:21,-6.00283,106.02581,25.1,0.3278
29,K-04,Kamis,2025-03-06 10:10:01,-6.002762,106.025294,26.8,0.3278
29,K-04,Kamis,2025-03-06 10:10:42,-6.002694,106.024778,23.9,0.3278
29,K-04,Kamis,2025-03-06 10:11:23,-6.001934,106.023665,26.2,0.3278
29,K-04,Kamis,2025-03-06 10:12:03,-6.001174,106.022552,33.5,0.3278
29,K-04,Kamis,2025-03-06 10:12:44,-5.999339,106.022582,28.4,0.3278
29,K-04,Kamis,2025-03-06 10:13:24,-5.997503,106.022612,34.1,0.3278
29,K-04,Kamis,2025-03-06 10:14:05,-5.99672,106.023599,28.9,0.3278
29,K-04,Kamis,2025-03-06 10:14:46,-5.995937,106.024587,32.4,0.3278
29,K-04,Kamis,2025-03-06 10:15:26,-5.995702,106.025915,30.4,0.3278
29,K-04,Kamis,2025-03-06 10:16:07,-5.995467,106.027244,29.5,0.3278
29,K-04,Kamis,2025-03-06 10:16:47,-5.994473,106.028137,31.0,0.3278
29,K-04,Kamis,2025-03-06 10:17:28,-5.99348,106.02903,28.1,0.3278
29,K-04,Kamis,2025-03-06 10:18:09,-5.994061,106.030219,30.5,0.3278
29,K-04,Kamis,2025-03-06 10:18:49,-5.994642,106.031408,24.1,0.3278
29,K-04,Kamis,2025-03-06 10:19:30,-6.001115,106.036017,31.3,0.3278
29,K-04,Kamis,2025-03-06 10:20:10,-6.007588,106.040627,25.0,0.3278
29,K-04,Kamis,2025-03-06 10:20:51,-6.008942,106.0413,26.9,0.3278
29,K-04,Kamis,2025-03-06 10:21:32,-6.010297,106.041972,33.6,0.3278
29,K-04,Kamis,2025-03-06 10:22:12,-6.011188,106.043044,34.5,0.3278
29,K-04,Kamis,2025-03-06 10:22:53,-6.012079,106.044116,28.1,0.3278
29,K-04,Kamis,2025-03-06 10:23:33,-6.013647,106.046452,33.4,0.3278
29,K-04,Kamis,2025-03-06 10:24:14,-6.015214,106.048787,27.3,0.3278
29,K-04,Kamis,2025-03-06 10:24:55,-6.016001,106.050271,28.8,0.3278
29,K-04,Kamis,2025-03-06 10:25:35,-6.016789,106.051754,26.2,0.3278
29,K-04,Kamis,2025-03-06 10:26:16,-6.018808,106.056438,34.7,0.3278
29,K-04,Kamis,2025-03-06 10:26:56,-6.020827,106.061123,25.0,0.3278
29,K-04,Kamis,2025-03-06 10:27:37,-6.022251,106.064022,32.6,0.3278
29,K-04,Kamis,2025-03-06 10:28:18,-6.023674,106.066922,24.7,0.3278
29,K-04,Kamis,2025-03-06 10:28:58,-6.027209,106.072342,24.7,0.3278
29,K-04,Kamis,2025-03-06 10:29:39,-6.030743,106.077762,28.8,0.3278
29,K-04,Kamis,2025-03-06 10:30:19,-6.031683,106.079026,27.2,0.3278
29,K-04,Kamis,2025-03-06 10:31:00,-6.032623,106.080289,24.8,0.3278
29,K-04,Kamis,2025-03-06 10:31:41,-6.033387,106.081626,27.7,0.3278
29,K-04,Kamis,2025-03-06 10:32:21,-6.034152,106.082962,32.6,0.3278
29,K-04,Kamis,2025-03-06 10:33:02,-6.032953,106.083847,28.8,0.3278
29,K-04,Kamis,2025-03-06 10:33:42,-6.031754,106.084733,29.0,0.3278
29,K-04,Kamis,2025-03-06 10:34:23,-6.028745,106.085247,33.6,0.3278
29,K-04,Kamis,2025-03-06 10:35:04,-6.025735,106.085761,24.5,0.3278
29,K-04,Kamis,2025-03-06 10:35:44,-6.02497,106.086703,33.1,0.3278
29,K-04,Kamis,2025-03-06 10:36:25,-6.024204,106.087646,27.1,0.3278
29,K-04,Kamis,2025-03-06 10:37:06,-6.02324,106.089192,31.9,0.3278
29,K-04,Kamis,2025-03-06 10:37:46,-6.022276,106.090738,30.6,0.3278
29,K-04,Kamis,2025-03-06 10:38:27,-6.022845,106.092225,26.0,0.3278
29,K-04,Kamis,2025-03-06 10:39:07,-6.023414,106.093712,33.7,0.3278
29,K-04,Kamis,2025-03-06 10:39:48,-6.025531,106.095443,25.2,0.3278
29,K-04,Kamis,2025-03-06 10:40:29,-6.027647,106.097174,31.9,0.3278
29,K-04,Kamis,2025-03-06 10:41:09,-6.031515,106.099596,35.0,0.3278
29,K-04,Kamis,2025-03-06 10:41:50,-6.035384,106.102019,28.2,0.3278
29,K-04,Kamis,2025-03-06 10:42:30,-6.037822,106.10378,24.0,0.3278
29,K-04,Kamis,2025-03-06 10:43:11,-6.04026,106.10554,27.0,0.3278
29,K-04,Kamis,2025-03-06 10:43:52,-6.041576,106.106827,33.2,0.3278
29,K-04,Kamis,2025-03-06 10:44:32,-6.042891,106.108113,25.5,0.3278
29,K-04,Kamis,2025-03-06 10:45:13,-6.046235,106.111776,34.8,0.3278
29,K-04,Kamis,2025-03-06 10:45:53,-6.049578,106.115439,33.7,0.3278
29,K-04,Kamis,2025-03-06 10:46:34,-6.050965,106.116649,30.1,0.3278
29,K-04,Kamis,2025-03-06 10:47:15,-6.052352,106.11786,30.0,0.3278
29,K-04,Kamis,2025-03-06 10:47:55,-6.055872,106.120039,24.5,0.3278
29,K-04,Kamis,2025-03-06 10:48:36,-6.059393,106.122219,24.6,0.3278
29,K-04,Kamis,2025-03-06 10:49:16,-6.071108,106.128433,32.9,0.3278
29,K-04,Kamis,2025-03-06 10:49:57,-6.082823,106.134648,24.9,0.3278
29,K-04,Kamis,2025-03-06 10:50:38,-6.084086,106.135965,24.1,0.3278
29,K-04,Kamis,2025-03-06 10:51:18,-6.085348,106.137283,32.8,0.3278
29,K-04,Kamis,2025-03-06 10:51:59,-6.086009,106.138655,26.1,0.3278
29,K-04,Kamis,2025-03-06 10:52:39,-6.086671,106.140026,25.8,0.3278
29,K-04,Kamis,2025-03-06 10:53:20,-6.090362,106.150789,28.2,0.3278
29,K-04,Kamis,2025-03-06 10:54:01,-6.094054,106.161552,31.6,0.3278
29,K-04,Kamis,2025-03-06 10:54:41,-6.095384,106.164179,34.7,0.3278
29,K-04,Kamis,2025-03-06 10:55:22,-6.096714,106.166806,24.4,0.3278
29,K-04,Kamis,2025-03-06 10:56:02,-6.097544,106.167923,30.4,0.3278
29,K-04,Kamis,2025-03-06 10:56:43,-6.098373,106.169039,34.4,0.3278
29,K-04,Kamis,2025-03-06 10:57:24,-6.099287,106.170243,24.3,0.3278
29,K-04,Kamis,2025-03-06 10:58:04,-6.100201,106.171446,35.4,0.3278
29,K-04,Kamis,2025-03-06 10:58:45,-6.101555,106.172775,25.8,0.3278
29,K-04,Kamis,2025-03-06 10:59:25,-6.10291,106.174104,31.2,0.3278
29,K-04,Kamis,2025-03-06 11:00:06,-6.107071,106.178041,33.1,0.3278
29,K-04,Kamis,2025-03-06 11:00:47,-6.111233,106.181977,24.5,0.3278
29,K-04,Kamis,2025-03-06 11:01:27,-6.112462,106.182965,33.6,0.3278
29,K-04,Kamis,2025-03-06 11:02:08,-6.113691,106.183954,33.1,0.3278
29,K-04,Kamis,2025-03-06 11:02:48,-6.11523,106.183165,24.9,0.3278
29,K-04,Kamis,2025-03-06 11:03:29,-6.116769,106.182376,34.7,0.3278
29,K-04,Kamis,2025-03-06 11:04:10,-6.11819,106.181962,24.0,0.3278
29,K-04,Kamis,2025-03-06 11:04:50,-6.119611,106.181548,34.5,0.3278
29,K-04,Kamis,2025-03-06 11:05:31,-6.120006,106.18302,28.6,0.3278
29,K-04,Kamis,2025-03-06 11:06:12,-6.120401,106.184492,0.0,0.3278
30,K-04,Kamis,2025-03-06 16:39:00,-6.120401,106.184492,15.0,0.3298
30,K-04,Kamis,2025-03-06 16:40:14,-6.120006,106.18302,21.0,0.3298
30,K-04,Kamis,2025-03-06 16:41:29,-6.119611,106.181548,13.4,0.3298
30,K-04,Kamis,2025-03-06 16:42:43,-6.11819,106.181962,15.5,0.3298
30,K-04,Kamis,2025-03-06 16:43:58,-6.116769,106.182376,11.9,0.3298
30,K-04,Kamis,2025-03-06 16:45:12,-6.11523,106.183165,17.5,0.3298
30,K-04,Kamis,2025-03-06 16:46:27,-6.113691,106.183954,17.5,0.3298
30,K-04,Kamis,2025-03-06 16:47:41,-6.112462,106.182965,17.9,0.3298
30,K-04,Kamis,2025-03-06 16:48:56,-6.111233,106.181977,16.1,0.3298
30,K-04,Kamis,2025-03-06 16:50:10,-6.107071,106.178041,20.7,0.3298
30,K-04,Kamis,2025-03-06 16:51:25,-6.10291,106.174104,15.8,0.3298
30,K-04,Kamis,2025-03-06 16:52:39,-6.101555,106.172775,11.2,0.3298
30,K-04,Kamis,2025-03-06 16:53:54,-6.100201,106.171446,14.7,0.3298
30,K-04,Kamis,2025-03-06 16:55:08,-6.099287,106.170243,15.1,0.3298
30,K-04,Kamis,2025-03-06 16:56:23,-6.098373,106.169039,17.8,0.3298
30,K-04,Kamis,2025-03-06 16:57:37,-6.097544,106.167923,19.7,0.3298
30,K-04,Kamis,2025-03-06 16:58:52,-6.096714,106.166806,13.1,0.3298
30,K-04,Kamis,2025-03-06 17:00:06,-6.095384,106.164179,22.0,0.3298
30,K-04,Kamis,2025-03-06 17:01:21,-6.094054,106.161552,16.6,0.3298
30,K-04,Kamis,2025-03-06 17:02:35,-6.090362,106.150789,10.3,0.3298
30,K-04,Kamis,2025-03-06 17:03:50,-6.086671,106.140026,14.7,0.3298
30,K-04,Kamis,2025-03-06 17:05:04,-6.086009,106.138655,18.7,0.3298
30,K-04,Kamis,2025-03-06 17:06:19,-6.085348,106.137283,15.9,0.3298
30,K-04,Kamis,2025-03-06 17:07:33,-6.084086,106.135965,19.5,0.3298
30,K-04,Kamis,2025-03-06 17:08:48,-6.082823,106.134648,14.2,0.3298
30,K-04,Kamis,2025-03-06 17:10:02,-6.071108,106.128433,16.9,0.3298
30,K-04,Kamis,2025-03-06 17:11:17,-6.059393,106.122219,14.0,0.3298
30,K-04,Kamis,2025-03-06 17:12:31,-6.055872,106.120039,13.3,0.3298
30,K-04,Kamis,2025-03-06 17:13:46,-6.052352,106.11786,10.4,0.3298
30,K-04,Kamis,2025-03-06 17:15:00,-6.050965,106.116649,17.3,0.3298
30,K-04,Kamis,2025-03-06 17:16:15,-6.049578,106.115439,10.5,0.3298
30,K-04,Kamis,2025-03-06 17:17:29,-6.046235,106.111776,19.8,0.3298
30,K-04,Kamis,2025-03-06 17:18:44,-6.042891,106.108113,13.5,0.3298
30,K-04,Kamis,2025-03-06 17:19:58,-6.041576,106.106827,19.8,0.3298
30,K-04,Kamis,2025-03-06 17:21:13,-6.04026,106.10554,15.8,0.3298
30,K-04,Kamis,2025-03-06 17:22:27,-6.037822,106.10378,14.4,0.3298
30,K-04,Kamis,2025-03-06 17:23:42,-6.035384,106.102019,17.1,0.3298
30,K-04,Kamis,2025-03-06 17:24:56,-6.031515,106.099596,12.9,0.3298
30,K-04,Kamis,2025-03-06 17:26:11,-6.027647,106.097174,12.0,0.3298
30,K-04,Kamis,2025-03-06 17:27:25,-6.025531,106.095443,13.1,0.3298
30,K-04,Kamis,2025-03-06 17:28:40,-6.023414,106.093712,13.0,0.3298
30,K-04,Kamis,2025-03-06 17:29:54,-6.022845,106.092225,16.5,0.3298
30,K-04,Kamis,2025-03-06 17:31:09,-6.022276,106.090738,19.6,0.3298
30,K-04,Kamis,2025-03-06 17:32:24,-6.02324,106.089192,18.9,0.3298
30,K-04,Kamis,2025-03-06 17:33:38,-6.024204,106.087646,19.3,0.3298
30,K-04,Kamis,2025-03-06 17:34:53,-6.02497,106.086703,21.5,0.3298
30,K-04,Kamis,2025-03-06 17:36:07,-6.025735,106.085761,17.0,0.3298
30,K-04,Kamis,2025-03-06 17:37:22,-6.028745,106.085247,21.9,0.3298
30,K-04,Kamis,2025-03-06 17:38:36,-6.031754,106.084733,14.8,0.3298
30,K-04,Kamis,2025-03-06 17:39:51,-6.032953,106.083847,21.3,0.3298
30,K-04,Kamis,2025-03-06 17:41:05,-6.034152,106.082962,22.0,0.3298
30,K-04,Kamis,2025-03-06 17:42:20,-6.033387,106.081626,12.2,0.3298
30,K-04,Kamis,2025-03-06 17:43:34,-6.032623,106.080289,12.9,0.3298
30,K-04,Kamis,2025-03-06 17:44:49,-6.031683,106.079026,13.9,0.3298
30,K-04,Kamis,2025-03-06 17:46:03,-6.030743,106.077762,19.0,0.3298
30,K-04,Kamis,2025-03-06 17:47:18,-6.027209,106.072342,14.4,0.3298
30,K-04,Kamis,2025-03-06 17:48:32,-6.023674,106.066922,17.2,0.3298
30,K-04,Kamis,2025-03-06 17:49:47,-6.022251,106.064022,18.5,0.3298
30,K-04,Kamis,2025-03-06 17:51:01,-6.020827,106.061123,14.3,0.3298
30,K-04,Kamis,2025-03-06 17:52:16,-6.018808,106.056438,16.9,0.3298
30,K-04,Kamis,2025-03-06 17:53:30,-6.016789,106.051754,11.8,0.3298
30,K-04,Kamis,2025-03-06 17:54:45,-6.016001,106.050271,21.5,0.3298
30,K-04,Kamis,2025-03-06 17:55:59,-6.015214,106.048787,20.1,0.3298
30,K-04,Kamis,2025-03-06 17:57:14,-6.013647,106.046452,19.8,0.3298
30,K-04,Kamis,2025-03-06 17:58:28,-6.012079,106.044116,21.7,0.3298
30,K-04,Kamis,2025-03-06 17:59:43,-6.011188,106.043044,16.6,0.3298
30,K-04,Kamis,2025-03-06 18:00:57,-6.010297,106.041972,12.2,0.3298
30,K-04,Kamis,2025-03-06 18:02:12,-6.008942,106.0413,10.6,0.3298
30,K-04,Kamis,2025-03-06 18:03:26,-6.007588,106.040627,10.8,0.3298
30,K-04,Kamis,2025-03-06 18:04:41,-6.001115,106.036017,17.3,0.3298
30,K-04,Kamis,2025-03-06 18:05:55,-5.994642,106.031408,10.3,0.3298
30,K-04,Kamis,2025-03-06 18:07:10,-5.994061,106.030219,15.8,0.3298
30,K-04,Kamis,2025-03-06 18:08:24,-5.99348,106.02903,14.1,0.3298
30,K-04,Kamis,2025-03-06 18:09:39,-5.994473,106.028137,17.5,0.3298
30,K-04,Kamis,2025-03-06 18:10:53,-5.995467,106.027244,19.8,0.3298
30,K-04,Kamis,2025-03-06 18:12:08,-5.995702,106.025915,14.2,0.3298
30,K-04,Kamis,2025-03-06 18:13:22,-5.995937,106.024587,12.2,0.3298
30,K-04,Kamis,2025-03-06 18:14:37,-5.99672,106.023599,19.7,0.3298
30,K-04,Kamis,2025-03-06 18:15:51,-5.997503,106.022612,20.5,0.3298
30,K-04,Kamis,2025-03-06 18:17:06,-5.999339,106.022582,10.8,0.3298
30,K-04,Kamis,2025-03-06 18:18:20,-6.001174,106.022552,11.9,0.3298
30,K-04,Kamis,2025-03-06 18:19:35,-6.001934,106.023665,18.6,0.3298
30,K-04,Kamis,2025-03-06 18:20:49,-6.002694,106.024778,11.8,0.3298
30,K-04,Kamis,2025-03-06 18:22:04,-6.002762,106.025294,11.4,0.3298
30,K-04,Kamis,2025-03-06 18:23:18,-6.00283,106.02581,16.4,0.3298
30,K-04,Kamis,2025-03-06 18:24:33,-6.00286,106.025299,14.5,0.3298
30,K-04,Kamis,2025-03-06 18:25:48,-6.00289,106.024787,0.0,0.3298
31,K-07,Kamis,2025-03-06 04:47:00,-6.120401,106.184492,15.0,0.3567
31,K-07,Kamis,2025-03-06 04:47:33,-6.120449,106.182988,35.0,0.3567
31,K-07,Kamis,2025-03-06 04:48:06,-6.120497,106.181485,44.5,0.3567
31,K-07,Kamis,2025-03-06 04:48:39,-6.119015,106.181689,42.6,0.3567
31,K-07,Kamis,2025-03-06 04:49:12,-6.117534,106.181893,44.6,0.3567
31,K-07,Kamis,2025-03-06 04:49:45,-6.116447,106.18275,40.9,0.3567
31,K-07,Kamis,2025-03-06 04:50:18,-6.115361,106.183607,35.2,0.3567
31,K-07,Kamis,2025-03-06 04:50:51,-6.114493,106.183838,44.7,0.3567
31,K-07,Kamis,2025-03-06 04:51:24,-6.113625,106.184069,41.4,0.3567
31,K-07,Kamis,2025-03-06 04:51:58,-6.109409,106.180187,44.2,0.3567
31,K-07,Kamis,2025-03-06 04:52:31,-6.105193,106.176306,42.5,0.3567
31,K-07,Kamis,2025-03-06 04:53:04,-6.100575,106.170921,35.8,0.3567
31,K-07,Kamis,2025-03-06 04:53:37,-6.095958,106.165536,40.2,0.3567
31,K-07,Kamis,2025-03-06 04:54:10,-6.093378,106.158769,35.2,0.3567
31,K-07,Kamis,2025-03-06 04:54:43,-6.090798,106.152001,36.8,0.3567
31,K-07,Kamis,2025-03-06 04:55:16,-6.088704,106.145865,41.4,0.3567
31,K-07,Kamis,2025-03-06 04:55:49,-6.08661,106.139728,34.6,0.3567
31,K-07,Kamis,2025-03-06 04:56:22,-6.081891,106.135638,41.8,0.3567
31,K-07,Kamis,2025-03-06 04:56:56,-6.077171,106.131547,44.5,0.3567
31,K-07,Kamis,2025-03-06 04:57:29,-6.067851,106.126623,44.5,0.3567
31,K-07,Kamis,2025-03-06 04:58:02,-6.058531,106.1217,37.8,0.3567
31,K-07,Kamis,2025-03-06 04:58:35,-6.054898,106.119329,45.0,0.3567
31,K-07,Kamis,2025-03-06 04:59:08,-6.051265,106.116959,44.7,0.3567
31,K-07,Kamis,2025-03-06 04:59:41,-6.047156,106.112505,33.5,0.3567
31,K-07,Kamis,2025-03-06 05:00:14,-6.043048,106.108051,40.3,0.3567
31,K-07,Kamis,2025-03-06 05:00:47,-6.039813,106.105373,44.2,0.3567
31,K-07,Kamis,2025-03-06 05:01:20,-6.036578,106.102696,44.7,0.3567
31,K-07,Kamis,2025-03-06 05:01:54,-6.030036,106.098298,35.8,0.3567
31,K-07,Kamis,2025-03-06 05:02:27,-6.023493,106.093901,39.9,0.3567
31,K-07,Kamis,2025-03-06 05:03:00,-6.022763,106.093069,44.3,0.3567
31,K-07,Kamis,2025-03-06 05:03:33,-6.022034,106.092237,34.8,0.3567
31,K-07,Kamis,2025-03-06 05:04:06,-6.022133,106.091267,42.0,0.3567
31,K-07,Kamis,2025-03-06 05:04:39,-6.022233,106.090297,36.0,0.3567
31,K-07,Kamis,2025-03-06 05:05:12,-6.023358,106.088664,44.9,0.3567
31,K-07,Kamis,2025-03-06 05:05:45,-6.024483,106.087031,35.1,0.3567
31,K-07,Kamis,2025-03-06 05:06:18,-6.025137,106.086275,43.7,0.3567
31,K-07,Kamis,2025-03-06 05:06:52,-6.025791,106.085519,34.2,0.3567
31,K-07,Kamis,2025-03-06 05:07:25,-6.028265,106.085363,41.6,0.3567
31,K-07,Kamis,2025-03-06 05:07:58,-6.03074,106.085206,40.8,0.3567
31,K-07,Kamis,2025-03-06 05:08:31,-6.031801,106.08464,43.7,0.3567
31,K-07,Kamis,2025-03-06 05:09:04,-6.032862,106.084073,38.5,0.3567
31,K-07,Kamis,2025-03-06 05:09:37,-6.033632,106.083619,36.3,0.3567
31,K-07,Kamis,2025-03-06 05:10:10,-6.034402,106.083165,36.1,0.3567
31,K-07,Kamis,2025-03-06 05:10:43,-6.033392,106.081554,33.9,0.3567
31,K-07,Kamis,2025-03-06 05:11:16,-6.032382,106.079943,36.2,0.3567
31,K-07,Kamis,2025-03-06 05:11:50,-6.030944,106.077923,34.4,0.3567
31,K-07,Kamis,2025-03-06 05:12:23,-6.029506,106.075904,33.1,0.3567
31,K-07,Kamis,2025-03-06 05:12:56,-6.027943,106.073596,37.7,0.3567
31,K-07,Kamis,2025-03-06 05:13:29,-6.02638,106.071289,41.9,0.3567
31,K-07,Kamis,2025-03-06 05:14:02,-6.024512,106.068114,44.7,0.3567
31,K-07,Kamis,2025-03-06 05:14:35,-6.022644,106.064939,43.7,0.3567
31,K-07,Kamis,2025-03-06 05:15:08,-6.020935,106.060982,39.0,0.3567
31,K-07,Kamis,2025-03-06 05:15:41,-6.019226,106.057025,37.6,0.3567
31,K-07,Kamis,2025-03-06 05:16:14,-6.017736,106.053745,39.7,0.3567
31,K-07,Kamis,2025-03-06 05:16:48,-6.016247,106.050465,34.3,0.3567
31,K-07,Kamis,2025-03-06 05:17:21,-6.014927,106.048385,38.9,0.3567
31,K-07,Kamis,2025-03-06 05:17:54,-6.013608,106.046306,43.5,0.3567
31,K-07,Kamis,2025-03-06 05:18:27,-6.013208,106.045749,40.9,0.3567
31,K-07,Kamis,2025-03-06 05:19:00,-6.012807,106.045191,41.3,0.3567
31,K-07,Kamis,2025-03-06 05:19:33,-6.012175,106.043406,35.1,0.3567
31,K-07,Kamis,2025-03-06 05:20:06,-6.011543,106.041621,34.0,0.3567
31,K-07,Kamis,2025-03-06 05:20:39,-6.01086,106.037239,43.2,0.3567
31,K-07,Kamis,2025-03-06 05:21:12,-6.010176,106.032856,36.6,0.3567
31,K-07,Kamis,2025-03-06 05:21:46,-6.009626,106.028951,36.9,0.3567
31,K-07,Kamis,2025-03-06 05:22:19,-6.009075,106.025045,44.5,0.3567
31,K-07,Kamis,2025-03-06 05:22:52,-6.009984,106.021793,34.0,0.3567
31,K-07,Kamis,2025-03-06 05:23:25,-6.010892,106.01854,35.1,0.3567
31,K-07,Kamis,2025-03-06 05:23:58,-6.011474,106.0155,37.6,0.3567
31,K-07,Kamis,2025-03-06 05:24:31,-6.012056,106.01246,41.9,0.3567
31,K-07,Kamis,2025-03-06 05:25:04,-6.012134,106.009563,39.7,0.3567
31,K-07,Kamis,2025-03-06 05:25:37,-6.012211,106.006667,43.9,0.3567
31,K-07,Kamis,2025-03-06 05:26:10,-6.01184,106.003198,34.2,0.3567
31,K-07,Kamis,2025-03-06 05:26:44,-6.01147,105.99973,40.2,0.3567
31,K-07,Kamis,2025-03-06 05:27:17,-6.010867,105.996921,40.5,0.3567
31,K-07,Kamis,2025-03-06 05:27:50,-6.010265,105.994113,38.9,0.3567
31,K-07,Kamis,2025-03-06 05:28:23,-6.011052,105.988977,33.5,0.3567
31,K-07,Kamis,2025-03-06 05:28:56,-6.01184,105.983841,44.4,0.3567
31,K-07,Kamis,2025-03-06 05:29:29,-6.013607,105.980132,35.1,0.3567
31,K-07,Kamis,2025-03-06 05:30:02,-6.015375,105.976423,43.8,0.3567
31,K-07,Kamis,2025-03-06 05:30:35,-6.016651,105.973485,35.0,0.3567
31,K-07,Kamis,2025-03-06 05:31:08,-6.017927,105.970547,34.3,0.3567
31,K-07,Kamis,2025-03-06 05:31:42,-6.018326,105.969919,35.6,0.3567
31,K-07,Kamis,2025-03-06 05:32:15,-6.018725,105.969291,35.4,0.3567
31,K-07,Kamis,2025-03-06 05:32:48,-6.02085,105.967025,41.5,0.3567
31,K-07,Kamis,2025-03-06 05:33:21,-6.022975,105.964758,41.8,0.3567
31,K-07,Kamis,2025-03-06 05:33:54,-6.023462,105.963127,41.9,0.3567
31,K-07,Kamis,2025-03-06 05:34:27,-6.023949,105.961495,36.3,0.3567
31,K-07,Kamis,2025-03-06 05:35:00,-6.023233,105.958851,36.5,0.3567
31,K-07,Kamis,2025-03-06 05:35:33,-6.022516,105.956207,36.0,0.3567
31,K-07,Kamis,2025-03-06 05:36:06,-6.02342,105.953825,33.7,0.3567
31,K-07,Kamis,2025-03-06 05:36:40,-6.024323,105.951444,40.0,0.3567
31,K-07,Kamis,2025-03-06 05:37:13,-6.025311,105.950308,43.2,0.3567
31,K-07,Kamis,2025-03-06 05:37:46,-6.0263,105.949172,34.9,0.3567
31,K-07,Kamis,2025-03-06 05:38:19,-6.028849,105.945886,37.4,0.3567
31,K-07,Kamis,2025-03-06 05:38:52,-6.031397,105.9426,38.2,0.3567
31,K-07,Kamis,2025-03-06 05:39:25,-6.033191,105.939526,36.6,0.3567
31,K-07,Kamis,2025-03-06 05:39:58,-6.034985,105.936452,41.0,0.3567
31,K-07,Kamis,2025-03-06 05:40:31,-6.036134,105.933928,40.3,0.3567
31,K-07,Kamis,2025-03-06 05:41:04,-6.037284,105.931403,35.5,0.3567
31,K-07,Kamis,2025-03-06 05:41:38,-6.038605,105.929077,33.4,0.3567
31,K-07,Kamis,2025-03-06 05:42:11,-6.039927,105.92675,35.1,0.3567
31,K-07,Kamis,2025-03-06 05:42:44,-6.040842,105.926202,36.6,0.3567
31,K-07,Kamis,2025-03-06 05:43:17,-6.041757,105.925654,34.1,0.3567
31,K-07,Kamis,2025-03-06 05:43:50,-6.043299,105.925629,43.2,0.3567
31,K-07,Kamis,2025-03-06 05:44:23,-6.044842,105.925605,36.8,0.3567
31,K-07,Kamis,2025-03-06 05:44:56,-6.04665,105.925298,37.9,0.3567
31,K-07,Kamis,2025-03-06 05:45:29,-6.048458,105.924992,39.0,0.3567
31,K-07,Kamis,2025-03-06 05:46:02,-6.050837,105.923865,41.0,0.3567
31,K-07,Kamis,2025-03-06 05:46:36,-6.053216,105.922737,0.0,0.3567
32,K-07,Kamis,2025-03-06 10:16:00,-6.053216,105.922737,15.0,0.3536
32,K-07,Kamis,2025-03-06 10:16:42,-6.050837,105.923865,29.4,0.3536
32,K-07,Kamis,2025-03-06 10:17:25,-6.048458,105.924992,27.3,0.3536
32,K-07,Kamis,2025-03-06 10:18:08,-6.04665,105.925298,29.7,0.3536
32,K-07,Kamis,2025-03-06 10:18:50,-6.044842,105.925605,26.8,0.3536
32,K-07,Kamis,2025-03-06 10:19:33,-6.043299,105.925629,27.3,0.3536
32,K-07,Kamis,2025-03-06 10:20:16,-6.041757,105.925654,24.8,0.3536
32,K-07,Kamis,2025-03-06 10:20:59,-6.040842,105.926202,33.1,0.3536
32,K-07,Kamis,2025-03-06 10:21:41,-6.039927,105.92675,32.1,0.3536
32,K-07,Kamis,2025-03-06 10:22:24,-6.038605,105.929077,25.1,0.3536
32,K-07,Kamis,2025-03-06 10:23:07,-6.037284,105.931403,28.2,0.3536
32,K-07,Kamis,2025-03-06 10:23:49,-6.036134,105.933928,30.6,0.3536
32,K-07,Kamis,2025-03-06 10:24:32,-6.034985,105.936452,35.7,0.3536
32,K-07,Kamis,2025-03-06 10:25:15,-6.033191,105.939526,31.2,0.3536
32,K-07,Kamis,2025-03-06 10:25:58,-6.031397,105.9426,30.7,0.3536
32,K-07,Kamis,2025-03-06 10:26:40,-6.028849,105.945886,34.2,0.3536
32,K-07,Kamis,2025-03-06 10:27:23,-6.0263,105.949172,33.9,0.3536
32,K-07,Kamis,2025-03-06 10:28:06,-6.025311,105.950308,29.1,0.3536
32,K-07,Kamis,2025-03-06 10:28:49,-6.024323,105.951444,30.5,0.3536
32,K-07,Kamis,2025-03-06 10:29:31,-6.02342,105.953825,34.5,0.3536
32,K-07,Kamis,2025-03-06 10:30:14,-6.022516,105.956207,29.8,0.3536
32,K-07,Kamis,2025-03-06 10:30:57,-6.023233,105.958851,34.7,0.3536
32,K-07,Kamis,2025-03-06 10:31:39,-6.023949,105.961495,29.8,0.3536
32,K-07,Kamis,2025-03-06 10:32:22,-6.023462,105.963127,25.0,0.3536
32,K-07,Kamis,2025-03-06 10:33:05,-6.022975,105.964758,34.9,0.3536
32,K-07,Kamis,2025-03-06 10:33:48,-6.02085,105.967025,32.7,0.3536
32,K-07,Kamis,2025-03-06 10:34:30,-6.018725,105.969291,30.1,0.3536
32,K-07,Kamis,2025-03-06 10:35:13,-6.018326,105.969919,34.9,0.3536
32,K-07,Kamis,2025-03-06 10:35:56,-6.017927,105.970547,33.7,0.3536
32,K-07,Kamis,2025-03-06 10:36:38,-6.016651,105.973485,32.2,0.3536
32,K-07,Kamis,2025-03-06 10:37:21,-6.015375,105.976423,31.5,0.3536
32,K-07,Kamis,2025-03-06 10:38:04,-6.013607,105.980132,25.5,0.3536
32,K-07,Kamis,2025-03-06 10:38:47,-6.01184,105.983841,33.2,0.3536
32,K-07,Kamis,2025-03-06 10:39:29,-6.011052,105.988977,26.2,0.3536
32,K-07,Kamis,2025-03-06 10:40:12,-6.010265,105.994113,35.9,0.3536
32,K-07,Kamis,2025-03-06 10:40:55,-6.010867,105.996921,35.8,0.3536
32,K-07,Kamis,2025-03-06 10:41:38,-6.01147,105.99973,33.8,0.3536
32,K-07,Kamis,2025-03-06 10:42:20,-6.01184,106.003198,25.6,0.3536
32,K-07,Kamis,2025-03-06 10:43:03,-6.012211,106.006667,29.2,0.3536
32,K-07,Kamis,2025-03-06 10:43:46,-6.012134,106.009563,36.0,0.3536
32,K-07,Kamis,2025-03-06 10:44:28,-6.012056,106.01246,29.3,0.3536
32,K-07,Kamis,2025-03-06 10:45:11,-6.011474,106.0155,36.1,0.3536
32,K-07,Kamis,2025-03-06 10:45:54,-6.010892,106.01854,31.6,0.3536
32,K-07,Kamis,2025-03-06 10:46:37,-6.009984,106.021793,34.1,0.3536
32,K-07,Kamis,2025-03-06 10:47:19,-6.009075,106.025045,27.2,0.3536
32,K-07,Kamis,2025-03-06 10:48:02,-6.009626,106.028951,35.0,0.3536
32,K-07,Kamis,2025-03-06 10:48:45,-6.010176,106.032856,35.1,0.3536
32,K-07,Kamis,2025-03-06 10:49:27,-6.01086,106.037239,24.9,0.3536
32,K-07,Kamis,2025-03-06 10:50:10,-6.011543,106.041621,28.8,0.3536
32,K-07,Kamis,2025-03-06 10:50:53,-6.012175,106.043406,28.9,0.3536
32,K-07,Kamis,2025-03-06 10:51:36,-6.012807,106.045191,28.0,0.3536
32,K-07,Kamis,2025-03-06 10:52:18,-6.013208,106.045749,27.4,0.3536
32,K-07,Kamis,2025-03-06 10:53:01,-6.013608,106.046306,29.6,0.3536
32,K-07,Kamis,2025-03-06 10:53:44,-6.014927,106.048385,34.6,0.3536
32,K-07,Kamis,2025-03-06 10:54:27,-6.016247,106.050465,33.5,0.3536
32,K-07,Kamis,2025-03-06 10:55:09,-6.017736,106.053745,31.6,0.3536
32,K-07,Kamis,2025-03-06 10:55:52,-6.019226,106.057025,30.4,0.3536
32,K-07,Kamis,2025-03-06 10:56:35,-6.020935,106.060982,29.1,0.3536
32,K-07,Kamis,2025-03-06 10:57:17,-6.022644,106.064939,29.1,0.3536
32,K-07,Kamis,2025-03-06 10:58:00,-6.024512,106.068114,25.9,0.3536
32,K-07,Kamis,2025-03-06 10:58:43,-6.02638,106.071289,31.2,0.3536
32,K-07,Kamis,2025-03-06 10:59:26,-6.027943,106.073596,33.2,0.3536
32,K-07,Kamis,2025-03-06 11:00:08,-6.029506,106.075904,35.4,0.3536
32,K-07,Kamis,2025-03-06 11:00:51,-6.030944,106.077923,35.2,0.3536
32,K-07,Kamis,2025-03-06 11:01:34,-6.032382,106.079943,30.9,0.3536
32,K-07,Kamis,2025-03-06 11:02:16,-6.033392,106.081554,25.3,0.3536
32,K-07,Kamis,2025-03-06 11:02:59,-6.034402,106.083165,27.5,0.3536
32,K-07,Kamis,2025-03-06 11:03:42,-6.033632,106.083619,30.5,0.3536
32,K-07,Kamis,2025-03-06 11:04:25,-6.032862,106.084073,28.2,0.3536
32,K-07,Kamis,2025-03-06 11:05:07,-6.031801,106.08464,29.0,0.3536
32,K-07,Kamis,2025-03-06 11:05:50,-6.03074,106.085206,28.7,0.3536
32,K-07,Kamis,2025-03-06 11:06:33,-6.028265,106.085363,29.9,0.3536
32,K-07,Kamis,2025-03-06 11:07:16,-6.025791,106.085519,31.4,0.3536
32,K-07,Kamis,2025-03-06 11:07:58,-6.025137,106.086275,24.5,0.3536
32,K-07,Kamis,2025-03-06 11:08:41,-6.024483,106.087031,27.4,0.3536
32,K-07,Kamis,2025-03-06 11:09:24,-6.023358,106.088664,25.8,0.3536
32,K-07,Kamis,2025-03-06 11:10:06,-6.022233,106.090297,31.4,0.3536
32,K-07,Kamis,2025-03-06 11:10:49,-6.022133,106.091267,32.4,0.3536
32,K-07,Kamis,2025-03-06 11:11:32,-6.022034,106.092237,24.6,0.3536
32,K-07,Kamis,2025-03-06 11:12:15,-6.022763,106.093069,34.8,0.3536
32,K-07,Kamis,2025-03-06 11:12:57,-6.023493,106.093901,28.1,0.3536
32,K-07,Kamis,2025-03-06 11:13:40,-6.030036,106.098298,27.0,0.3536
32,K-07,Kamis,2025-03-06 11:14:23,-6.036578,106.102696,33.0,0.3536
32,K-07,Kamis,2025-03-06 11:15:05,-6.039813,106.105373,35.2,0.3536
32,K-07,Kamis,2025-03-06 11:15:48,-6.043048,106.108051,34.9,0.3536
32,K-07,Kamis,2025-03-06 11:16:31,-6.047156,106.112505,24.3,0.3536
32,K-07,Kamis,2025-03-06 11:17:14,-6.051265,106.116959,33.9,0.3536
32,K-07,Kamis,2025-03-06 11:17:56,-6.054898,106.119329,27.7,0.3536
32,K-07,Kamis,2025-03-06 11:18:39,-6.058531,106.1217,27.5,0.3536
32,K-07,Kamis,2025-03-06 11:19:22,-6.067851,106.126623,30.0,0.3536
32,K-07,Kamis,2025-03-06 11:20:05,-6.077171,106.131547,32.5,0.3536
32,K-07,Kamis,2025-03-06 11:20:47,-6.081891,106.135638,25.3,0.3536
32,K-07,Kamis,2025-03-06 11:21:30,-6.08661,106.139728,34.5,0.3536
32,K-07,Kamis,2025-03-06 11:22:13,-6.088704,106.145865,25.7,0.3536
32,K-07,Kamis,2025-03-06 11:22:55,-6.090798,106.152001,35.8,0.3536
32,K-07,Kamis,2025-03-06 11:23:38,-6.093378,106.158769,29.4,0.3536
32,K-07,Kamis,2025-03-06 11:24:21,-6.095958,106.165536,34.0,0.3536
32,K-07,Kamis,2025-03-06 11:25:04,-6.100575,106.170921,27.3,0.3536
32,K-07,Kamis,2025-03-06 11:25:46,-6.105193,106.176306,29.1,0.3536
32,K-07,Kamis,2025-03-06 11:26:29,-6.109409,106.180187,31.8,0.3536
32,K-07,Kamis,2025-03-06 11:27:12,-6.113625,106.184069,26.4,0.3536
32,K-07,Kamis,2025-03-06 11:27:54,-6.114493,106.183838,26.6,0.3536
32,K-07,Kamis,2025-03-06 11:28:37,-6.115361,106.183607,34.0,0.3536
32,K-07,Kamis,2025-03-06 11:29:20,-6.116447,106.18275,33.0,0.3536
32,K-07,Kamis,2025-03-06 11:30:03,-6.117534,106.181893,33.2,0.3536
32,K-07,Kamis,2025-03-06 11:30:45,-6.119015,106.181689,34.5,0.3536
32,K-07,Kamis,2025-03-06 11:31:28,-6.120497,106.181485,34.0,0.3536
32,K-07,Kamis,2025-03-06 11:32:11,-6.120449,106.182988,30.3,0.3536
32,K-07,Kamis,2025-03-06 11:32:54,-6.120401,106.184492,0.0,0.3536
33,K-07,Kamis,2025-03-06 16:47:00,-6.120401,106.184492,15.0,0.3538
33,K-07,Kamis,2025-03-06 16:48:21,-6.120449,106.182988,20.4,0.3538
33,K-07,Kamis,2025-03-06 16:49:42,-6.120497,106.181485,10.1,0.3538
33,K-07,Kamis,2025-03-06 16:51:03,-6.119015,106.181689,12.1,0.3538
33,K-07,Kamis,2025-03-06 16:52:24,-6.117534,106.181893,19.8,0.3538
33,K-07,Kamis,2025-03-06 16:53:45,-6.116447,106.18275,19.8,0.3538
33,K-07,Kamis,2025-03-06 16:55:07,-6.115361,106.183607,12.8,0.3538
33,K-07,Kamis,2025-03-06 16:56:28,-6.114493,106.183838,15.3,0.3538
33,K-07,Kamis,2025-03-06 16:57:49,-6.113625,106.184069,20.8,0.3538
33,K-07,Kamis,2025-03-06 16:59:10,-6.109409,106.180187,18.3,0.3538
33,K-07,Kamis,2025-03-06 17:00:31,-6.105193,106.176306,13.1,0.3538
33,K-07,Kamis,2025-03-06 17:01:52,-6.100575,106.170921,19.7,0.3538
33,K-07,Kamis,2025-03-06 17:03:14,-6.095958,106.165536,15.9,0.3538
33,K-07,Kamis,2025-03-06 17:04:35,-6.093378,106.158769,17.4,0.3538
33,K-07,Kamis,2025-03-06 17:05:56,-6.090798,106.152001,11.3,0.3538
33,K-07,Kamis,2025-03-06 17:07:17,-6.088704,106.145865,10.2,0.3538
33,K-07,Kamis,2025-03-06 17:08:38,-6.08661,106.139728,14.3,0.3538
33,K-07,Kamis,2025-03-06 17:09:59,-6.081891,106.135638,16.9,0.3538
33,K-07,Kamis,2025-03-06 17:11:21,-6.077171,106.131547,11.9,0.3538
33,K-07,Kamis,2025-03-06 17:12:42,-6.067851,106.126623,20.2,0.3538
33,K-07,Kamis,2025-03-06 17:14:03,-6.058531,106.1217,16.8,0.3538
33,K-07,Kamis,2025-03-06 17:15:24,-6.054898,106.119329,14.0,0.3538
33,K-07,Kamis,2025-03-06 17:16:45,-6.051265,106.116959,11.8,0.3538
33,K-07,Kamis,2025-03-06 17:18:06,-6.047156,106.112505,20.5,0.3538
33,K-07,Kamis,2025-03-06 17:19:28,-6.043048,106.108051,18.8,0.3538
33,K-07,Kamis,2025-03-06 17:20:49,-6.039813,106.105373,18.1,0.3538
33,K-07,Kamis,2025-03-06 17:22:10,-6.036578,106.102696,13.2,0.3538
33,K-07,Kamis,2025-03-06 17:23:31,-6.030036,106.098298,14.4,0.3538
33,K-07,Kamis,2025-03-06 17:24:52,-6.023493,106.093901,11.8,0.3538
33,K-07,Kamis,2025-03-06 17:26:13,-6.022763,106.093069,16.7,0.3538
33,K-07,Kamis,2025-03-06 17:27:35,-6.022034,106.092237,21.4,0.3538
33,K-07,Kamis,2025-03-06 17:28:56,-6.022133,106.091267,20.1,0.3538
33,K-07,Kamis,2025-03-06 17:30:17,-6.022233,106.090297,17.6,0.3538
33,K-07,Kamis,2025-03-06 17:31:38,-6.023358,106.088664,17.9,0.3538
33,K-07,Kamis,2025-03-06 17:32:59,-6.024483,106.087031,13.0,0.3538
33,K-07,Kamis,2025-03-06 17:34:20,-6.025137,106.086275,14.7,0.3538
33,K-07,Kamis,2025-03-06 17:35:42,-6.025791,106.085519,10.0,0.3538
33,K-07,Kamis,2025-03-06 17:37:03,-6.028265,106.085363,19.2,0.3538
33,K-07,Kamis,2025-03-06 17:38:24,-6.03074,106.085206,19.0,0.3538
33,K-07,Kamis,2025-03-06 17:39:45,-6.031801,106.08464,9.9,0.3538
33,K-07,Kamis,2025-03-06 17:41:06,-6.032862,106.084073,20.7,0.3538
33,K-07,Kamis,2025-03-06 17:42:27,-6.033632,106.083619,17.6,0.3538
33,K-07,Kamis,2025-03-06 17:43:49,-6.034402,106.083165,17.0,0.3538
33,K-07,Kamis,2025-03-06 17:45:10,-6.033392,106.081554,9.9,0.3538
33,K-07,Kamis,2025-03-06 17:46:31,-6.032382,106.079943,12.8,0.3538
33,K-07,Kamis,2025-03-06 17:47:52,-6.030944,106.077923,19.5,0.3538
33,K-07,Kamis,2025-03-06 17:49:13,-6.029506,106.075904,13.5,0.3538
33,K-07,Kamis,2025-03-06 17:50:34,-6.027943,106.073596,21.4,0.3538
33,K-07,Kamis,2025-03-06 17:51:56,-6.02638,106.071289,17.5,0.3538
33,K-07,Kamis,2025-03-06 17:53:17,-6.024512,106.068114,14.9,0.3538
33,K-07,Kamis,2025-03-06 17:54:38,-6.022644,106.064939,14.3,0.3538
33,K-07,Kamis,2025-03-06 17:55:59,-6.020935,106.060982,14.0,0.3538
33,K-07,Kamis,2025-03-06 17:57:20,-6.019226,106.057025,12.8,0.3538
33,K-07,Kamis,2025-03-06 17:58:41,-6.017736,106.053745,15.4,0.3538
33,K-07,Kamis,2025-03-06 18:00:03,-6.016247,106.050465,17.9,0.3538
33,K-07,Kamis,2025-03-06 18:01:24,-6.014927,106.048385,19.7,0.3538
33,K-07,Kamis,2025-03-06 18:02:45,-6.013608,106.046306,14.6,0.3538
33,K-07,Kamis,2025-03-06 18:04:06,-6.013208,106.045749,11.0,0.3538
33,K-07,Kamis,2025-03-06 18:05:27,-6.012807,106.045191,15.9,0.3538
33,K-07,Kamis,2025-03-06 18:06:48,-6.012175,106.043406,17.7,0.3538
33,K-07,Kamis,2025-03-06 18:08:10,-6.011543,106.041621,19.9,0.3538
33,K-07,Kamis,2025-03-06 18:09:31,-6.01086,106.037239,14.3,0.3538
33,K-07,Kamis,2025-03-06 18:10:52,-6.010176,106.032856,17.6,0.3538
33,K-07,Kamis,2025-03-06 18:12:13,-6.009626,106.028951,17.1,0.3538
33,K-07,Kamis,2025-03-06 18:13:34,-6.009075,106.025045,13.4,0.3538
33,K-07,Kamis,2025-03-06 18:14:55,-6.009984,106.021793,11.1,0.3538
33,K-07,Kamis,2025-03-06 18:16:17,-6.010892,106.01854,10.6,0.3538
33,K-07,Kamis,2025-03-06 18:17:38,-6.011474,106.0155,21.7,0.3538
33,K-07,Kamis,2025-03-06 18:18:59,-6.012056,106.01246,17.5,0.3538
33,K-07,Kamis,2025-03-06 18:20:20,-6.012134,106.009563,20.1,0.3538
33,K-07,Kamis,2025-03-06 18:21:41,-6.012211,106.006667,12.9,0.3538
33,K-07,Kamis,2025-03-06 18:23:02,-6.01184,106.003198,18.3,0.3538
33,K-07,Kamis,2025-03-06 18:24:24,-6.01147,105.99973,20.5,0.3538
33,K-07,Kamis,2025-03-06 18:25:45,-6.010867,105.996921,13.4,0.3538
33,K-07,Kamis,2025-03-06 18:27:06,-6.010265,105.994113,11.6,0.3538
33,K-07,Kamis,2025-03-06 18:28:27,-6.011052,105.988977,19.0,0.3538
33,K-07,Kamis,2025-03-06 18:29:48,-6.01184,105.983841,20.6,0.3538
33,K-07,Kamis,2025-03-06 18:31:09,-6.013607,105.980132,19.5,0.3538
33,K-07,Kamis,2025-03-06 18:32:31,-6.015375,105.976423,19.4,0.3538
33,K-07,Kamis,2025-03-06 18:33:52,-6.016651,105.973485,17.0,0.3538
33,K-07,Kamis,2025-03-06 18:35:13,-6.017927,105.970547,17.7,0.3538
33,K-07,Kamis,2025-03-06 18:36:34,-6.018326,105.969919,18.0,0.3538
33,K-07,Kamis,2025-03-06 18:37:55,-6.018725,105.969291,18.5,0.3538
33,K-07,Kamis,2025-03-06 18:39:16,-6.02085,105.967025,17.7,0.3538
33,K-07,Kamis,2025-03-06 18:40:38,-6.022975,105.964758,21.8,0.3538
33,K-07,Kamis,2025-03-06 18:41:59,-6.023462,105.963127,12.9,0.3538
33,K-07,Kamis,2025-03-06 18:43:20,-6.023949,105.961495,14.8,0.3538
33,K-07,Kamis,2025-03-06 18:44:41,-6.023233,105.958851,14.5,0.3538
33,K-07,Kamis,2025-03-06 18:46:02,-6.022516,105.956207,10.2,0.3538
33,K-07,Kamis,2025-03-06 18:47:23,-6.02342,105.953825,18.3,0.3538
33,K-07,Kamis,2025-03-06 18:48:45,-6.024323,105.951444,16.7,0.3538
33,K-07,Kamis,2025-03-06 18:50:06,-6.025311,105.950308,12.1,0.3538
33,K-07,Kamis,2025-03-06 18:51:27,-6.0263,105.949172,18.5,0.3538
33,K-07,Kamis,2025-03-06 18:52:48,-6.028849,105.945886,12.5,0.3538
33,K-07,Kamis,2025-03-06 18:54:09,-6.031397,105.9426,16.2,0.3538
33,K-07,Kamis,2025-03-06 18:55:30,-6.033191,105.939526,19.2,0.3538
33,K-07,Kamis,2025-03-06 18:56:52,-6.034985,105.936452,20.7,0.3538
33,K-07,Kamis,2025-03-06 18:58:13,-6.036134,105.933928,17.9,0.3538
33,K-07,Kamis,2025-03-06 18:59:34,-6.037284,105.931403,15.9,0.3538
33,K-07,Kamis,2025-03-06 19:00:55,-6.038605,105.929077,19.9,0.3538
33,K-07,Kamis,2025-03-06 19:02:16,-6.039927,105.92675,19.9,0.3538
33,K-07,Kamis,2025-03-06 19:03:37,-6.040842,105.926202,20.3,0.3538
33,K-07,Kamis,2025-03-06 19:04:59,-6.041757,105.925654,12.0,0.3538
33,K-07,Kamis,2025-03-06 19:06:20,-6.043299,105.925629,11.0,0.3538
33,K-07,Kamis,2025-03-06 19:07:41,-6.044842,105.925605,11.3,0.3538
33,K-07,Kamis,2025-03-06 19:09:02,-6.04665,105.925298,12.9,0.3538
33,K-07,Kamis,2025-03-06 19:10:23,-6.048458,105.924992,19.5,0.3538
33,K-07,Kamis,2025-03-06 19:11:44,-6.050837,105.923865,19.0,0.3538
33,K-07,Kamis,2025-03-06 19:13:06,-6.053216,105.922737,0.0,0.3538
34,K-12,Kamis,2025-03-06 04:50:00,-6.00289,106.024787,15.0,0.1251
34,K-12,Kamis,2025-03-06 04:50:14,-6.002619,106.023636,35.1,0.1251
34,K-12,Kamis,2025-03-06 04:50:28,-6.002348,106.022484,29.6,0.1251
34,K-12,Kamis,2025-03-06 04:50:43,-5.999045,106.022499,28.7,0.1251
34,K-12,Kamis,2025-03-06 04:50:57,-5.995743,106.022514,29.1,0.1251
34,K-12,Kamis,2025-03-06 04:51:11,-5.995042,106.025236,35.8,0.1251
34,K-12,Kamis,2025-03-06 04:51:26,-5.994341,106.027958,31.2,0.1251
34,K-12,Kamis,2025-03-06 04:51:40,-5.992765,106.027873,36.0,0.1251
34,K-12,Kamis,2025-03-06 04:51:55,-5.991189,106.027789,32.6,0.1251
34,K-12,Kamis,2025-03-06 04:52:09,-5.990295,106.025858,36.9,0.1251
34,K-12,Kamis,2025-03-06 04:52:23,-5.9894,106.023927,26.5,0.1251
34,K-12,Kamis,2025-03-06 04:52:38,-5.988786,106.022945,36.3,0.1251
34,K-12,Kamis,2025-03-06 04:52:52,-5.988172,106.021964,31.6,0.1251
34,K-12,Kamis,2025-03-06 04:53:07,-5.987707,106.020783,36.0,0.1251
34,K-12,Kamis,2025-03-06 04:53:21,-5.987242,106.019603,30.2,0.1251
34,K-12,Kamis,2025-03-06 04:53:35,-5.986827,106.018991,29.2,0.1251
34,K-12,Kamis,2025-03-06 04:53:50,-5.986412,106.018379,26.2,0.1251
34,K-12,Kamis,2025-03-06 04:54:04,-5.985682,106.017923,35.9,0.1251
34,K-12,Kamis,2025-03-06 04:54:18,-5.984952,106.017468,27.2,0.1251
34,K-12,Kamis,2025-03-06 04:54:33,-5.984452,106.016956,28.0,0.1251
34,K-12,Kamis,2025-03-06 04:54:47,-5.983953,106.016445,30.5,0.1251
34,K-12,Kamis,2025-03-06 04:55:02,-5.983546,106.0156,32.4,0.1251
34,K-12,Kamis,2025-03-06 04:55:16,-5.983139,106.014755,36.5,0.1251
34,K-12,Kamis,2025-03-06 04:55:30,-5.983088,106.01394,31.1,0.1251
34,K-12,Kamis,2025-03-06 04:55:45,-5.983037,106.013125,29.4,0.1251
34,K-12,Kamis,2025-03-06 04:55:59,-5.98294,106.012154,34.2,0.1251
34,K-12,Kamis,2025-03-06 04:56:14,-5.982843,106.011183,34.9,0.1251
34,K-12,Kamis,2025-03-06 04:56:28,-5.982596,106.010437,31.5,0.1251
34,K-12,Kamis,2025-03-06 04:56:42,-5.98235,106.009692,33.2,0.1251
34,K-12,Kamis,2025-03-06 04:56:57,-5.982049,106.009352,27.7,0.1251
34,K-12,Kamis,2025-03-06 04:57:11,-5.981748,106.009012,33.2,0.1251
34,K-12,Kamis,2025-03-06 04:57:25,-5.981001,106.008845,25.7,0.1251
34,K-12,Kamis,2025-03-06 04:57:40,-5.980255,106.008678,28.9,0.1251
34,K-12,Kamis,2025-03-06 04:57:54,-5.979058,106.008464,34.7,0.1251
34,K-12,Kamis,2025-03-06 04:58:09,-5.977861,106.008249,27.6,0.1251
34,K-12,Kamis,2025-03-06 04:58:23,-5.977447,106.008246,34.8,0.1251
34,K-12,Kamis,2025-03-06 04:58:37,-5.977033,106.008242,31.5,0.1251
34,K-12,Kamis,2025-03-06 04:58:52,-5.976517,106.008462,34.8,0.1251
34,K-12,Kamis,2025-03-06 04:59:06,-5.976001,106.008682,26.7,0.1251
34,K-12,Kamis,2025-03-06 04:59:21,-5.975195,106.008176,33.0,0.1251
34,K-12,Kamis,2025-03-06 04:59:35,-5.974388,106.007671,33.2,0.1251
34,K-12,Kamis,2025-03-06 04:59:49,-5.97308,106.006949,30.4,0.1251
34,K-12,Kamis,2025-03-06 05:00:04,-5.971771,106.006228,37.2,0.1251
34,K-12,Kamis,2025-03-06 05:00:18,-5.971376,106.006035,30.2,0.1251
34,K-12,Kamis,2025-03-06 05:00:33,-5.97098,106.005842,26.1,0.1251
34,K-12,Kamis,2025-03-06 05:00:47,-5.970118,106.005387,28.0,0.1251
34,K-12,Kamis,2025-03-06 05:01:01,-5.969255,106.004933,30.1,0.1251
34,K-12,Kamis,2025-03-06 05:01:16,-5.968457,106.004582,25.8,0.1251
34,K-12,Kamis,2025-03-06 05:01:30,-5.967658,106.004231,29.5,0.1251
34,K-12,Kamis,2025-03-06 05:01:44,-5.966814,106.003848,35.6,0.1251
34,K-12,Kamis,2025-03-06 05:01:59,-5.965969,106.003464,27.9,0.1251
34,K-12,Kamis,2025-03-06 05:02:13,-5.964886,106.002783,33.7,0.1251
34,K-12,Kamis,2025-03-06 05:02:28,-5.963803,106.002102,33.1,0.1251
34,K-12,Kamis,2025-03-06 05:02:42,-5.962492,106.001184,28.6,0.1251
34,K-12,Kamis,2025-03-06 05:02:56,-5.961181,106.000267,33.9,0.1251
34,K-12,Kamis,2025-03-06 05:03:11,-5.959478,105.999981,29.7,0.1251
34,K-12,Kamis,2025-03-06 05:03:25,-5.957774,105.999696,27.1,0.1251
34,K-12,Kamis,2025-03-06 05:03:40,-5.956166,105.999547,30.2,0.1251
34,K-12,Kamis,2025-03-06 05:03:54,-5.954557,105.999397,32.7,0.1251
34,K-12,Kamis,2025-03-06 05:04:08,-5.952616,106.000428,27.6,0.1251
34,K-12,Kamis,2025-03-06 05:04:23,-5.950676,106.001458,35.5,0.1251
34,K-12,Kamis,2025-03-06 05:04:37,-5.949248,106.002139,29.2,0.1251
34,K-12,Kamis,2025-03-06 05:04:51,-5.94782,106.002819,29.1,0.1251
34,K-12,Kamis,2025-03-06 05:05:06,-5.947029,106.002724,34.3,0.1251
34,K-12,Kamis,2025-03-06 05:05:20,-5.946237,106.00263,32.8,0.1251
34,K-12,Kamis,2025-03-06 05:05:35,-5.945759,106.00257,29.7,0.1251
34,K-12,Kamis,2025-03-06 05:05:49,-5.94528,106.002511,36.3,0.1251
34,K-12,Kamis,2025-03-06 05:06:03,-5.944396,106.00276,37.5,0.1251
34,K-12,Kamis,2025-03-06 05:06:18,-5.943513,106.003009,29.7,0.1251
34,K-12,Kamis,2025-03-06 05:06:32,-5.942709,106.002673,36.4,0.1251
34,K-12,Kamis,2025-03-06 05:06:47,-5.941905,106.002337,29.9,0.1251
34,K-12,Kamis,2025-03-06 05:07:01,-5.941111,106.001881,27.9,0.1251
34,K-12,Kamis,2025-03-06 05:07:15,-5.940317,106.001426,37.0,0.1251
34,K-12,Kamis,2025-03-06 05:07:30,-5.939709,106.001327,36.6,0.1251
34,K-12,Kamis,2025-03-06 05:07:44,-5.9391,106.001228,30.4,0.1251
34,K-12,Kamis,2025-03-06 05:07:58,-5.937857,106.001695,28.3,0.1251
34,K-12,Kamis,2025-03-06 05:08:13,-5.936613,106.002163,34.3,0.1251
34,K-12,Kamis,2025-03-06 05:08:27,-5.93584,106.002003,27.2,0.1251
34,K-12,Kamis,2025-03-06 05:08:42,-5.935067,106.001842,34.4,0.1251
34,K-12,Kamis,2025-03-06 05:08:56,-5.935282,106.00157,32.7,0.1251
34,K-12,Kamis,2025-03-06 05:09:10,-5.935498,106.001298,27.6,0.1251
34,K-12,Kamis,2025-03-06 05:09:25,-5.935544,106.000902,30.0,0.1251
34,K-12,Kamis,2025-03-06 05:09:39,-5.93559,106.000507,33.4,0.1251
34,K-12,Kamis,2025-03-06 05:09:54,-5.935287,106.000125,26.0,0.1251
34,K-12,Kamis,2025-03-06 05:10:08,-5.934983,105.999744,36.1,0.1251
34,K-12,Kamis,2025-03-06 05:10:22,-5.934755,105.999501,28.7,0.1251
34,K-12,Kamis,2025-03-06 05:10:37,-5.934526,105.999257,32.0,0.1251
34,K-12,Kamis,2025-03-06 05:10:51,-5.933298,105.998408,26.2,0.1251
34,K-12,Kamis,2025-03-06 05:11:06,-5.932069,105.99756,0.0,0.1251
35,K-12,Kamis,2025-03-06 10:26:00,-5.932069,105.99756,15.0,0.1281
35,K-12,Kamis,2025-03-06 10:26:20,-5.933298,105.998408,22.0,0.1281
35,K-12,Kamis,2025-03-06 10:26:40,-5.934526,105.999257,21.6,0.1281
35,K-12,Kamis,2025-03-06 10:27:00,-5.934755,105.999501,23.6,0.1281
35,K-12,Kamis,2025-03-06 10:27:21,-5.934983,105.999744,22.7,0.1281
35,K-12,Kamis,2025-03-06 10:27:41,-5.935287,106.000125,18.8,0.1281
35,K-12,Kamis,2025-03-06 10:28:01,-5.93559,106.000507,25.3,0.1281
35,K-12,Kamis,2025-03-06 10:28:21,-5.935544,106.000902,24.6,0.1281
35,K-12,Kamis,2025-03-06 10:28:42,-5.935498,106.001298,20.6,0.1281
35,K-12,Kamis,2025-03-06 10:29:02,-5.935282,106.00157,24.9,0.1281
35,K-12,Kamis,2025-03-06 10:29:22,-5.935067,106.001842,24.9,0.1281
35,K-12,Kamis,2025-03-06 10:29:42,-5.93584,106.002003,20.2,0.1281
35,K-12,Kamis,2025-03-06 10:30:03,-5.936613,106.002163,24.3,0.1281
35,K-12,Kamis,2025-03-06 10:30:23,-5.937857,106.001695,18.6,0.1281
35,K-12,Kamis,2025-03-06 10:30:43,-5.9391,106.001228,27.0,0.1281
35,K-12,Kamis,2025-03-06 10:31:03,-5.939709,106.001327,18.3,0.1281
35,K-12,Kamis,2025-03-06 10:31:24,-5.940317,106.001426,25.6,0.1281
35,K-12,Kamis,2025-03-06 10:31:44,-5.941111,106.001881,18.4,0.1281
35,K-12,Kamis,2025-03-06 10:32:04,-5.941905,106.002337,18.4,0.1281
35,K-12,Kamis,2025-03-06 10:32:24,-5.942709,106.002673,18.3,0.1281
35,K-12,Kamis,2025-03-06 10:32:45,-5.943513,106.003009,19.4,0.1281
35,K-12,Kamis,2025-03-06 10:33:05,-5.944396,106.00276,19.4,0.1281
35,K-12,Kamis,2025-03-06 10:33:25,-5.94528,106.002511,20.2,0.1281
35,K-12,Kamis,2025-03-06 10:33:45,-5.945759,106.00257,23.3,0.1281
35,K-12,Kamis,2025-03-06 10:34:06,-5.946237,106.00263,19.4,0.1281
35,K-12,Kamis,2025-03-06 10:34:26,-5.947029,106.002724,25.4,0.1281
35,K-12,Kamis,2025-03-06 10:34:46,-5.94782,106.002819,20.5,0.1281
35,K-12,Kamis,2025-03-06 10:35:06,-5.949248,106.002139,17.5,0.1281
35,K-12,Kamis,2025-03-06 10:35:27,-5.950676,106.001458,23.0,0.1281
35,K-12,Kamis,2025-03-06 10:35:47,-5.952616,106.000428,19.5,0.1281
35,K-12,Kamis,2025-03-06 10:36:07,-5.954557,105.999397,28.2,0.1281
35,K-12,Kamis,2025-03-06 10:36:27,-5.956166,105.999547,21.0,0.1281
35,K-12,Kamis,2025-03-06 10:36:48,-5.957774,105.999696,17.0,0.1281
35,K-12,Kamis,2025-03-06 10:37:08,-5.959478,105.999981,25.1,0.1281
35,K-12,Kamis,2025-03-06 10:37:28,-5.961181,106.000267,27.9,0.1281
35,K-12,Kamis,2025-03-06 10:37:48,-5.962492,106.001184,27.0,0.1281
35,K-12,Kamis,2025-03-06 10:38:09,-5.963803,106.002102,25.0,0.1281
35,K-12,Kamis,2025-03-06 10:38:29,-5.964886,106.002783,18.8,0.1281
35,K-12,Kamis,2025-03-06 10:38:49,-5.965969,106.003464,18.1,0.1281
35,K-12,Kamis,2025-03-06 10:39:09,-5.966814,106.003848,23.1,0.1281
35,K-12,Kamis,2025-03-06 10:39:30,-5.967658,106.004231,25.7,0.1281
35,K-12,Kamis,2025-03-06 10:39:50,-5.968457,106.004582,18.2,0.1281
35,K-12,Kamis,2025-03-06 10:40:10,-5.969255,106.004933,20.1,0.1281
35,K-12,Kamis,2025-03-06 10:40:30,-5.970118,106.005387,19.8,0.1281
35,K-12,Kamis,2025-03-06 10:40:51,-5.97098,106.005842,28.9,0.1281
35,K-12,Kamis,2025-03-06 10:41:11,-5.971376,106.006035,20.6,0.1281
35,K-12,Kamis,2025-03-06 10:41:31,-5.971771,106.006228,22.6,0.1281
35,K-12,Kamis,2025-03-06 10:41:51,-5.97308,106.006949,18.2,0.1281
35,K-12,Kamis,2025-03-06 10:42:12,-5.974388,106.007671,19.1,0.1281
35,K-12,Kamis,2025-03-06 10:42:32,-5.975195,106.008176,17.5,0.1281
35,K-12,Kamis,2025-03-06 10:42:52,-5.976001,106.008682,20.5,0.1281
35,K-12,Kamis,2025-03-06 10:43:12,-5.976517,106.008462,26.6,0.1281
35,K-12,Kamis,2025-03-06 10:43:33,-5.977033,106.008242,20.8,0.1281
35,K-12,Kamis,2025-03-06 10:43:53,-5.977447,106.008246,25.9,0.1281
35,K-12,Kamis,2025-03-06 10:44:13,-5.977861,106.008249,18.1,0.1281
35,K-12,Kamis,2025-03-06 10:44:33,-5.979058,106.008464,26.1,0.1281
35,K-12,Kamis,2025-03-06 10:44:54,-5.980255,106.008678,17.6,0.1281
35,K-12,Kamis,2025-03-06 10:45:14,-5.981001,106.008845,27.2,0.1281
35,K-12,Kamis,2025-03-06 10:45:34,-5.981748,106.009012,25.0,0.1281
35,K-12,Kamis,2025-03-06 10:45:54,-5.982049,106.009352,19.0,0.1281
35,K-12,Kamis,2025-03-06 10:46:15,-5.98235,106.009692,21.3,0.1281
35,K-12,Kamis,2025-03-06 10:46:35,-5.982596,106.010437,22.3,0.1281
35,K-12,Kamis,2025-03-06 10:46:55,-5.982843,106.011183,24.5,0.1281
35,K-12,Kamis,2025-03-06 10:47:15,-5.98294,106.012154,27.5,0.1281
35,K-12,Kamis,2025-03-06 10:47:36,-5.983037,106.013125,18.1,0.1281
35,K-12,Kamis,2025-03-06 10:47:56,-5.983088,106.01394,26.8,0.1281
35,K-12,Kamis,2025-03-06 10:48:16,-5.983139,106.014755,19.2,0.1281
35,K-12,Kamis,2025-03-06 10:48:36,-5.983546,106.0156,21.8,0.1281
35,K-12,Kamis,2025-03-06 10:48:57,-5.983953,106.016445,28.5,0.1281
35,K-12,Kamis,2025-03-06 10:49:17,-5.984452,106.016956,20.3,0.1281
35,K-12,Kamis,2025-03-06 10:49:37,-5.984952,106.017468,21.6,0.1281
35,K-12,Kamis,2025-03-06 10:49:57,-5.985682,106.017923,27.2,0.1281
35,K-12,Kamis,2025-03-06 10:50:18,-5.986412,106.018379,26.6,0.1281
35,K-12,Kamis,2025-03-06 10:50:38,-5.986827,106.018991,24.8,0.1281
35,K-12,Kamis,2025-03-06 10:50:58,-5.987242,106.019603,26.6,0.1281
35,K-12,Kamis,2025-03-06 10:51:18,-5.987707,106.020783,18.4,0.1281
35,K-12,Kamis,2025-03-06 10:51:39,-5.988172,106.021964,25.4,0.1281
35,K-12,Kamis,2025-03-06 10:51:59,-5.988786,106.022945,17.7,0.1281
35,K-12,Kamis,2025-03-06 10:52:19,-5.9894,106.023927,28.3,0.1281
35,K-12,Kamis,2025-03-06 10:52:39,-5.990295,106.025858,18.9,0.1281
35,K-12,Kamis,2025-03-06 10:53:00,-5.991189,106.027789,22.0,0.1281
35,K-12,Kamis,2025-03-06 10:53:20,-5.992765,106.027873,24.1,0.1281
35,K-12,Kamis,2025-03-06 10:53:40,-5.994341,106.027958,26.6,0.1281
35,K-12,Kamis,2025-03-06 10:54:00,-5.995042,106.025236,25.1,0.1281
35,K-12,Kamis,2025-03-06 10:54:21,-5.995743,106.022514,19.2,0.1281
35,K-12,Kamis,2025-03-06 10:54:41,-5.999045,106.022499,21.6,0.1281
35,K-12,Kamis,2025-03-06 10:55:01,-6.002348,106.022484,21.3,0.1281
35,K-12,Kamis,2025-03-06 10:55:21,-6.002619,106.023636,17.3,0.1281
35,K-12,Kamis,2025-03-06 10:55:42,-6.00289,106.024787,0.0,0.1281
36,K-12,Kamis,2025-03-06 16:53:00,-6.00289,106.024787,15.0,0.1266
36,K-12,Kamis,2025-03-06 16:53:46,-6.002619,106.023636,5.4,0.1266
36,K-12,Kamis,2025-03-06 16:54:32,-6.002348,106.022484,8.9,0.1266
36,K-12,Kamis,2025-03-06 16:55:18,-5.999045,106.022499,5.0,0.1266
36,K-12,Kamis,2025-03-06 16:56:04,-5.995743,106.022514,7.1,0.1266
36,K-12,Kamis,2025-03-06 16:56:50,-5.995042,106.025236,7.8,0.1266
36,K-12,Kamis,2025-03-06 16:57:36,-5.994341,106.027958,12.5,0.1266
36,K-12,Kamis,2025-03-06 16:58:22,-5.992765,106.027873,12.1,0.1266
36,K-12,Kamis,2025-03-06 16:59:08,-5.991189,106.027789,13.2,0.1266
36,K-12,Kamis,2025-03-06 16:59:54,-5.990295,106.025858,10.9,0.1266
36,K-12,Kamis,2025-03-06 17:00:40,-5.9894,106.023927,10.8,0.1266
36,K-12,Kamis,2025-03-06 17:01:26,-5.988786,106.022945,15.7,0.1266
36,K-12,Kamis,2025-03-06 17:02:12,-5.988172,106.021964,12.0,0.1266
36,K-12,Kamis,2025-03-06 17:02:58,-5.987707,106.020783,8.1,0.1266
36,K-12,Kamis,2025-03-06 17:03:44,-5.987242,106.019603,10.3,0.1266
36,K-12,Kamis,2025-03-06 17:04:30,-5.986827,106.018991,12.4,0.1266
36,K-12,Kamis,2025-03-06 17:05:16,-5.986412,106.018379,5.1,0.1266
36,K-12,Kamis,2025-03-06 17:06:02,-5.985682,106.017923,11.9,0.1266
36,K-12,Kamis,2025-03-06 17:06:48,-5.984952,106.017468,7.0,0.1266
36,K-12,Kamis,2025-03-06 17:07:34,-5.984452,106.016956,8.1,0.1266
36,K-12,Kamis,2025-03-06 17:08:20,-5.983953,106.016445,12.1,0.1266
36,K-12,Kamis,2025-03-06 17:09:06,-5.983546,106.0156,8.6,0.1266
36,K-12,Kamis,2025-03-06 17:09:52,-5.983139,106.014755,14.1,0.1266
36,K-12,Kamis,2025-03-06 17:10:38,-5.983088,106.01394,10.7,0.1266
36,K-12,Kamis,2025-03-06 17:11:24,-5.983037,106.013125,15.9,0.1266
36,K-12,Kamis,2025-03-06 17:12:10,-5.98294,106.012154,5.0,0.1266
36,K-12,Kamis,2025-03-06 17:12:56,-5.982843,106.011183,11.7,0.1266
36,K-12,Kamis,2025-03-06 17:13:42,-5.982596,106.010437,5.9,0.1266
36,K-12,Kamis,2025-03-06 17:14:28,-5.98235,106.009692,14.2,0.1266
36,K-12,Kamis,2025-03-06 17:15:14,-5.982049,106.009352,14.2,0.1266
36,K-12,Kamis,2025-03-06 17:16:00,-5.981748,106.009012,14.4,0.1266
36,K-12,Kamis,2025-03-06 17:16:46,-5.981001,106.008845,5.0,0.1266
36,K-12,Kamis,2025-03-06 17:17:32,-5.980255,106.008678,9.9,0.1266
36,K-12,Kamis,2025-03-06 17:18:18,-5.979058,106.008464,6.9,0.1266
36,K-12,Kamis,2025-03-06 17:19:04,-5.977861,106.008249,15.6,0.1266
36,K-12,Kamis,2025-03-06 17:19:50,-5.977447,106.008246,5.0,0.1266
36,K-12,Kamis,2025-03-06 17:20:36,-5.977033,106.008242,6.7,0.1266
36,K-12,Kamis,2025-03-06 17:21:22,-5.976517,106.008462,11.7,0.1266
36,K-12,Kamis,2025-03-06 17:22:08,-5.976001,106.008682,8.8,0.1266
36,K-12,Kamis,2025-03-06 17:22:54,-5.975195,106.008176,6.8,0.1266
36,K-12,Kamis,2025-03-06 17:23:40,-5.974388,106.007671,9.5,0.1266
36,K-12,Kamis,2025-03-06 17:24:26,-5.97308,106.006949,13.6,0.1266
36,K-12,Kamis,2025-03-06 17:25:12,-5.971771,106.006228,9.4,0.1266
36,K-12,Kamis,2025-03-06 17:25:58,-5.971376,106.006035,14.3,0.1266
36,K-12,Kamis,2025-03-06 17:26:45,-5.97098,106.005842,9.4,0.1266
36,K-12,Kamis,2025-03-06 17:27:31,-5.970118,106.005387,5.4,0.1266
36,K-12,Kamis,2025-03-06 17:28:17,-5.969255,106.004933,10.0,0.1266
36,K-12,Kamis,2025-03-06 17:29:03,-5.968457,106.004582,11.8,0.1266
36,K-12,Kamis,2025-03-06 17:29:49,-5.967658,106.004231,5.2,0.1266
36,K-12,Kamis,2025-03-06 17:30:35,-5.966814,106.003848,8.9,0.1266
36,K-12,Kamis,2025-03-06 17:31:21,-5.965969,106.003464,10.7,0.1266
36,K-12,Kamis,2025-03-06 17:32:07,-5.964886,106.002783,5.0,0.1266
36,K-12,Kamis,2025-03-06 17:32:53,-5.963803,106.002102,5.1,0.1266
36,K-12,Kamis,2025-03-06 17:33:39,-5.962492,106.001184,11.3,0.1266
36,K-12,Kamis,2025-03-06 17:34:25,-5.961181,106.000267,11.4,0.1266
36,K-12,Kamis,2025-03-06 17:35:11,-5.959478,105.999981,7.7,0.1266
36,K-12,Kamis,2025-03-06 17:35:57,-5.957774,105.999696,10.1,0.1266
36,K-12,Kamis,2025-03-06 17:36:43,-5.956166,105.999547,6.5,0.1266
36,K-12,Kamis,2025-03-06 17:37:29,-5.954557,105.999397,12.1,0.1266
36,K-12,Kamis,2025-03-06 17:38:15,-5.952616,106.000428,15.4,0.1266
36,K-12,Kamis,2025-03-06 17:39:01,-5.950676,106.001458,8.4,0.1266
36,K-12,Kamis,2025-03-06 17:39:47,-5.949248,106.002139,5.0,0.1266
36,K-12,Kamis,2025-03-06 17:40:33,-5.94782,106.002819,6.7,0.1266
36,K-12,Kamis,2025-03-06 17:41:19,-5.947029,106.002724,9.5,0.1266
36,K-12,Kamis,2025-03-06 17:42:05,-5.946237,106.00263,10.7,0.1266
36,K-12,Kamis,2025-03-06 17:42:51,-5.945759,106.00257,11.4,0.1266
36,K-12,Kamis,2025-03-06 17:43:37,-5.94528,106.002511,9.7,0.1266
36,K-12,Kamis,2025-03-06 17:44:23,-5.944396,106.00276,11.9,0.1266
36,K-12,Kamis,2025-03-06 17:45:09,-5.943513,106.003009,12.6,0.1266
36,K-12,Kamis,2025-03-06 17:45:55,-5.942709,106.002673,5.4,0.1266
36,K-12,Kamis,2025-03-06 17:46:41,-5.941905,106.002337,13.1,0.1266
36,K-12,Kamis,2025-03-06 17:47:27,-5.941111,106.001881,6.7,0.1266
36,K-12,Kamis,2025-03-06 17:48:13,-5.940317,106.001426,8.1,0.1266
36,K-12,Kamis,2025-03-06 17:48:59,-5.939709,106.001327,14.0,0.1266
36,K-12,Kamis,2025-03-06 17:49:45,-5.9391,106.001228,15.6,0.1266
36,K-12,Kamis,2025-03-06 17:50:31,-5.937857,106.001695,7.5,0.1266
36,K-12,Kamis,2025-03-06 17:51:17,-5.936613,106.002163,10.3,0.1266
36,K-12,Kamis,2025-03-06 17:52:03,-5.93584,106.002003,12.4,0.1266
36,K-12,Kamis,2025-03-06 17:52:49,-5.935067,106.001842,5.0,0.1266
36,K-12,Kamis,2025-03-06 17:53:35,-5.935282,106.00157,6.0,0.1266
36,K-12,Kamis,2025-03-06 17:54:21,-5.935498,106.001298,5.7,0.1266
36,K-12,Kamis,2025-03-06 17:55:07,-5.935544,106.000902,12.6,0.1266
36,K-12,Kamis,2025-03-06 17:55:53,-5.93559,106.000507,12.7,0.1266
36,K-12,Kamis,2025-03-06 17:56:39,-5.935287,106.000125,5.3,0.1266
36,K-12,Kamis,2025-03-06 17:57:25,-5.934983,105.999744,11.3,0.1266
36,K-12,Kamis,2025-03-06 17:58:11,-5.934755,105.999501,6.3,0.1266
36,K-12,Kamis,2025-03-06 17:58:57,-5.934526,105.999257,15.2,0.1266
36,K-12,Kamis,2025-03-06 17:59:43,-5.933298,105.998408,8.7,0.1266
36,K-12,Kamis,2025-03-06 18:00:30,-5.932069,105.99756,0.0,0.1266
37,K-04,Jumat,2025-03-07 04:59:00,-6.120401,106.184492,15.0,0.3298
37,K-04,Jumat,2025-03-07 04:59:30,-6.120006,106.18302,40.9,0.3298
37,K-04,Jumat,2025-03-07 05:00:00,-6.119611,106.181548,43.1,0.3298
37,K-04,Jumat,2025-03-07 05:00:30,-6.11819,106.181962,39.2,0.3298
37,K-04,Jumat,2025-03-07 05:01:00,-6.116769,106.182376,41.7,0.3298
37,K-04,Jumat,2025-03-07 05:01:30,-6.11523,106.183165,45.3,0.3298
37,K-04,Jumat,2025-03-07 05:02:00,-6.113691,106.183954,35.4,0.3298
37,K-04,Jumat,2025-03-07 05:02:30,-6.112462,106.182965,39.8,0.3298
37,K-04,Jumat,2025-03-07 05:03:01,-6.111233,106.181977,40.2,0.3298
37,K-04,Jumat,2025-03-07 05:03:31,-6.107071,106.178041,34.4,0.3298
37,K-04,Jumat,2025-03-07 05:04:01,-6.10291,106.174104,45.0,0.3298
37,K-04,Jumat,2025-03-07 05:04:31,-6.101555,106.172775,43.9,0.3298
37,K-04,Jumat,2025-03-07 05:05:01,-6.100201,106.171446,39.6,0.3298
37,K-04,Jumat,2025-03-07 05:05:31,-6.099287,106.170243,39.9,0.3298
37,K-04,Jumat,2025-03-07 05:06:01,-6.098373,106.169039,44.9,0.3298
37,K-04,Jumat,2025-03-07 05:06:32,-6.097544,106.167923,35.9,0.3298
37,K-04,Jumat,2025-03-07 05:07:02,-6.096714,106.166806,40.7,0.3298
37,K-04,Jumat,2025-03-07 05:07:32,-6.095384,106.164179,42.6,0.3298
37,K-04,Jumat,2025-03-07 05:08:02,-6.094054,106.161552,35.3,0.3298
37,K-04,Jumat,2025-03-07 05:08:32,-6.090362,106.150789,38.4,0.3298
37,K-04,Jumat,2025-03-07 05:09:02,-6.086671,106.140026,41.0,0.3298
37,K-04,Jumat,2025-03-07 05:09:32,-6.086009,106.138655,44.4,0.3298
37,K-04,Jumat,2025-03-07 05:10:03,-6.085348,106.137283,39.8,0.3298
37,K-04,Jumat,2025-03-07 05:10:33,-6.084086,106.135965,38.4,0.3298
37,K-04,Jumat,2025-03-07 05:11:03,-6.082823,106.134648,45.6,0.3298
37,K-04,Jumat,2025-03-07 05:11:33,-6.071108,106.128433,44.8,0.3298
37,K-04,Jumat,2025-03-07 05:12:03,-6.059393,106.122219,42.9,0.3298
37,K-04,Jumat,2025-03-07 05:12:33,-6.055872,106.120039,37.1,0.3298
37,K-04,Jumat,2025-03-07 05:13:03,-6.052352,106.11786,45.4,0.3298
37,K-04,Jumat,2025-03-07 05:13:34,-6.050965,106.116649,45.4,0.3298
37,K-04,Jumat,2025-03-07 05:14:04,-6.049578,106.115439,39.2,0.3298
37,K-04,Jumat,2025-03-07 05:14:34,-6.046235,106.111776,35.4,0.3298
37,K-04,Jumat,2025-03-07 05:15:04,-6.042891,106.108113,38.8,0.3298
37,K-04,Jumat,2025-03-07 05:15:34,-6.041576,106.106827,42.2,0.3298
37,K-04,Jumat,2025-03-07 05:16:04,-6.04026,106.10554,42.8,0.3298
37,K-04,Jumat,2025-03-07 05:16:34,-6.037822,106.10378,37.4,0.3298
37,K-04,Jumat,2025-03-07 05:17:05,-6.035384,106.102019,42.2,0.3298
37,K-04,Jumat,2025-03-07 05:17:35,-6.031515,106.099596,44.1,0.3298
37,K-04,Jumat,2025-03-07 05:18:05,-6.027647,106.097174,42.3,0.3298
37,K-04,Jumat,2025-03-07 05:18:35,-6.025531,106.095443,45.0,0.3298
37,K-04,Jumat,2025-03-07 05:19:05,-6.023414,106.093712,41.4,0.3298
37,K-04,Jumat,2025-03-07 05:19:35,-6.022845,106.092225,36.2,0.3298
37,K-04,Jumat,2025-03-07 05:20:05,-6.022276,106.090738,41.3,0.3298
37,K-04,Jumat,2025-03-07 05:20:36,-6.02324,106.089192,37.3,0.3298
37,K-04,Jumat,2025-03-07 05:21:06,-6.024204,106.087646,37.9,0.3298
37,K-04,Jumat,2025-03-07 05:21:36,-6.02497,106.086703,41.9,0.3298
37,K-04,Jumat,2025-03-07 05:22:06,-6.025735,106.085761,45.6,0.3298
37,K-04,Jumat,2025-03-07 05:22:36,-6.028745,106.085247,41.6,0.3298
37,K-04,Jumat,2025-03-07 05:23:06,-6.031754,106.084733,45.3,0.3298
37,K-04,Jumat,2025-03-07 05:23:36,-6.032953,106.083847,39.8,0.3298
37,K-04,Jumat,2025-03-07 05:24:06,-6.034152,106.082962,42.1,0.3298
37,K-04,Jumat,2025-03-07 05:24:37,-6.033387,106.081626,37.7,0.3298
37,K-04,Jumat,2025-03-07 05:25:07,-6.032623,106.080289,35.2,0.3298
37,K-04,Jumat,2025-03-07 05:25:37,-6.031683,106.079026,38.0,0.3298
37,K-04,Jumat,2025-03-07 05:26:07,-6.030743,106.077762,39.6,0.3298
37,K-04,Jumat,2025-03-07 05:26:37,-6.027209,106.072342,40.6,0.3298
37,K-04,Jumat,2025-03-07 05:27:07,-6.023674,106.066922,41.8,0.3298
37,K-04,Jumat,2025-03-07 05:27:37,-6.022251,106.064022,38.8,0.3298
37,K-04,Jumat,2025-03-07 05:28:08,-6.020827,106.061123,42.8,0.3298
37,K-04,Jumat,2025-03-07 05:28:38,-6.018808,106.056438,43.9,0.3298
37,K-04,Jumat,2025-03-07 05:29:08,-6.016789,106.051754,37.2,0.3298
37,K-04,Jumat,2025-03-07 05:29:38,-6.016001,106.050271,44.0,0.3298
37,K-04,Jumat,2025-03-07 05:30:08,-6.015214,106.048787,43.5,0.3298
37,K-04,Jumat,2025-03-07 05:30:38,-6.013647,106.046452,40.1,0.3298
37,K-04,Jumat,2025-03-07 05:31:08,-6.012079,106.044116,34.1,0.3298
37,K-04,Jumat,2025-03-07 05:31:39,-6.011188,106.043044,35.5,0.3298
37,K-04,Jumat,2025-03-07 05:32:09,-6.010297,106.041972,41.8,0.3298
37,K-04,Jumat,2025-03-07 05:32:39,-6.008942,106.0413,36.2,0.3298
37,K-04,Jumat,2025-03-07 05:33:09,-6.007588,106.040627,42.8,0.3298
37,K-04,Jumat,2025-03-07 05:33:39,-6.001115,106.036017,35.7,0.3298
37,K-04,Jumat,2025-03-07 05:34:09,-5.994642,106.031408,37.2,0.3298
37,K-04,Jumat,2025-03-07 05:34:39,-5.994061,106.030219,36.8,0.3298
37,K-04,Jumat,2025-03-07 05:35:10,-5.99348,106.02903,43.9,0.3298
37,K-04,Jumat,2025-03-07 05:35:40,-5.994473,106.028137,42.1,0.3298
37,K-04,Jumat,2025-03-07 05:36:10,-5.995467,106.027244,37.3,0.3298
37,K-04,Jumat,2025-03-07 05:36:40,-5.995702,106.025915,42.8,0.3298
37,K-04,Jumat,2025-03-07 05:37:10,-5.995937,106.024587,34.2,0.3298
37,K-04,Jumat,2025-03-07 05:37:40,-5.99672,106.023599,43.6,0.3298
37,K-04,Jumat,2025-03-07 05:38:10,-5.997503,106.022612,35.0,0.3298
37,K-04,Jumat,2025-03-07 05:38:41,-5.999339,106.022582,44.2,0.3298
37,K-04,Jumat,2025-03-07 05:39:11,-6.001174,106.022552,42.7,0.3298
37,K-04,Jumat,2025-03-07 05:39:41,-6.001934,106.023665,44.2,0.3298
37,K-04,Jumat,2025-03-07 05:40:11,-6.002694,106.024778,42.7,0.3298
37,K-04,Jumat,2025-03-07 05:40:41,-6.002762,106.025294,40.5,0.3298
37,K-04,Jumat,2025-03-07 05:41:11,-6.00283,106.02581,36.7,0.3298
37,K-04,Jumat,2025-03-07 05:41:41,-6.00286,106.025299,43.2,0.3298
37,K-04,Jumat,2025-03-07 05:42:12,-6.00289,106.024787,0.0,0.3298
38,K-04,Jumat,2025-03-07 10:30:00,-6.00289,106.024787,15.0,0.3301
38,K-04,Jumat,2025-03-07 10:30:39,-6.00286,106.025299,35.6,0.3301
38,K-04,Jumat,2025-03-07 10:31:19,-6.00283,106.02581,35.8,0.3301
38,K-04,Jumat,2025-03-07 10:31:59,-6.002762,106.025294,27.9,0.3301
38,K-04,Jumat,2025-03-07 10:32:39,-6.002694,106.024778,30.7,0.3301
38,K-04,Jumat,2025-03-07 10:33:19,-6.001934,106.023665,24.3,0.3301
38,K-04,Jumat,2025-03-07 10:33:59,-6.001174,106.022552,27.1,0.3301
38,K-04,Jumat,2025-03-07 10:34:39,-5.999339,106.022582,31.5,0.3301
38,K-04,Jumat,2025-03-07 10:35:19,-5.997503,106.022612,33.5,0.3301
38,K-04,Jumat,2025-03-07 10:35:59,-5.99672,106.023599,34.5,0.3301
38,K-04,Jumat,2025-03-07 10:36:39,-5.995937,106.024587,34.1,0.3301
38,K-04,Jumat,2025-03-07 10:37:19,-5.995702,106.025915,35.0,0.3301
38,K-04,Jumat,2025-03-07 10:37:59,-5.995467,106.027244,32.6,0.3301
38,K-04,Jumat,2025-03-07 10:38:39,-5.994473,106.028137,31.9,0.3301
38,K-04,Jumat,2025-03-07 10:39:19,-5.99348,106.02903,33.2,0.3301
38,K-04,Jumat,2025-03-07 10:39:59,-5.994061,106.030219,30.7,0.3301
38,K-04,Jumat,2025-03-07 10:40:39,-5.994642,106.031408,31.3,0.3301
38,K-04,Jumat,2025-03-07 10:41:19,-6.001115,106.036017,33.4,0.3301
38,K-04,Jumat,2025-03-07 10:41:59,-6.007588,106.040627,35.7,0.3301
38,K-04,Jumat,2025-03-07 10:42:39,-6.008942,106.0413,27.6,0.3301
38,K-04,Jumat,2025-03-07 10:43:19,-6.010297,106.041972,26.2,0.3301
38,K-04,Jumat,2025-03-07 10:43:59,-6.011188,106.043044,32.3,0.3301
38,K-04,Jumat,2025-03-07 10:44:39,-6.012079,106.044116,26.3,0.3301
38,K-04,Jumat,2025-03-07 10:45:19,-6.013647,106.046452,26.2,0.3301
38,K-04,Jumat,2025-03-07 10:45:59,-6.015214,106.048787,30.3,0.3301
38,K-04,Jumat,2025-03-07 10:46:39,-6.016001,106.050271,28.6,0.3301
38,K-04,Jumat,2025-03-07 10:47:19,-6.016789,106.051754,29.2,0.3301
38,K-04,Jumat,2025-03-07 10:47:59,-6.018808,106.056438,30.8,0.3301
38,K-04,Jumat,2025-03-07 10:48:39,-6.020827,106.061123,25.7,0.3301
38,K-04,Jumat,2025-03-07 10:49:19,-6.022251,106.064022,31.1,0.3301
38,K-04,Jumat,2025-03-07 10:49:59,-6.023674,106.066922,27.2,0.3301
38,K-04,Jumat,2025-03-07 10:50:39,-6.027209,106.072342,28.1,0.3301
38,K-04,Jumat,2025-03-07 10:51:19,-6.030743,106.077762,32.6,0.3301
38,K-04,Jumat,2025-03-07 10:51:59,-6.031683,106.079026,26.0,0.3301
38,K-04,Jumat,2025-03-07 10:52:39,-6.032623,106.080289,25.9,0.3301
38,K-04,Jumat,2025-03-07 10:53:19,-6.033387,106.081626,28.0,0.3301
38,K-04,Jumat,2025-03-07 10:53:59,-6.034152,106.082962,24.7,0.3301
38,K-04,Jumat,2025-03-07 10:54:39,-6.032953,106.083847,35.3,0.3301
38,K-04,Jumat,2025-03-07 10:55:19,-6.031754,106.084733,31.5,0.3301
38,K-04,Jumat,2025-03-07 10:55:59,-6.028745,106.085247,32.0,0.3301
38,K-04,Jumat,2025-03-07 10:56:39,-6.025735,106.085761,30.0,0.3301
38,K-04,Jumat,2025-03-07 10:57:19,-6.02497,106.086703,31.0,0.3301
38,K-04,Jumat,2025-03-07 10:57:59,-6.024204,106.087646,28.4,0.3301
38,K-04,Jumat,2025-03-07 10:58:39,-6.02324,106.089192,33.5,0.3301
38,K-04,Jumat,2025-03-07 10:59:18,-6.022276,106.090738,27.9,0.3301
38,K-04,Jumat,2025-03-07 10:59:58,-6.022845,106.092225,26.7,0.3301
38,K-04,Jumat,2025-03-07 11:00:38,-6.023414,106.093712,26.3,0.3301
38,K-04,Jumat,2025-03-07 11:01:18,-6.025531,106.095443,24.9,0.3301
38,K-04,Jumat,2025-03-07 11:01:58,-6.027647,106.097174,30.2,0.3301
38,K-04,Jumat,2025-03-07 11:02:38,-6.031515,106.099596,29.1,0.3301
38,K-04,Jumat,2025-03-07 11:03:18,-6.035384,106.102019,30.5,0.3301
38,K-04,Jumat,2025-03-07 11:03:58,-6.037822,106.10378,25.2,0.3301
38,K-04,Jumat,2025-03-07 11:04:38,-6.04026,106.10554,26.8,0.3301
38,K-04,Jumat,2025-03-07 11:05:18,-6.041576,106.106827,26.7,0.3301
38,K-04,Jumat,2025-03-07 11:05:58,-6.042891,106.108113,28.1,0.3301
38,K-04,Jumat,2025-03-07 11:06:38,-6.046235,106.111776,28.4,0.3301
38,K-04,Jumat,2025-03-07 11:07:18,-6.049578,106.115439,26.7,0.3301
38,K-04,Jumat,2025-03-07 11:07:58,-6.050965,106.116649,33.1,0.3301
38,K-04,Jumat,2025-03-07 11:08:38,-6.052352,106.11786,30.5,0.3301
38,K-04,Jumat,2025-03-07 11:09:18,-6.055872,106.120039,36.1,0.3301
38,K-04,Jumat,2025-03-07 11:09:58,-6.059393,106.122219,34.0,0.3301
38,K-04,Jumat,2025-03-07 11:10:38,-6.071108,106.128433,35.9,0.3301
38,K-04,Jumat,2025-03-07 11:11:18,-6.082823,106.134648,24.2,0.3301
38,K-04,Jumat,2025-03-07 11:11:58,-6.084086,106.135965,32.1,0.3301
38,K-04,Jumat,2025-03-07 11:12:38,-6.085348,106.137283,29.4,0.3301
38,K-04,Jumat,2025-03-07 11:13:18,-6.086009,106.138655,35.0,0.3301
38,K-04,Jumat,2025-03-07 11:13:58,-6.086671,106.140026,31.5,0.3301
38,K-04,Jumat,2025-03-07 11:14:38,-6.090362,106.150789,31.6,0.3301
38,K-04,Jumat,2025-03-07 11:15:18,-6.094054,106.161552,35.6,0.3301
38,K-04,Jumat,2025-03-07 11:15:58,-6.095384,106.164179,32.3,0.3301
38,K-04,Jumat,2025-03-07 11:16:38,-6.096714,106.166806,28.0,0.3301
38,K-04,Jumat,2025-03-07 11:17:18,-6.097544,106.167923,35.1,0.3301
38,K-04,Jumat,2025-03-07 11:17:58,-6.098373,106.169039,35.4,0.3301
38,K-04,Jumat,2025-03-07 11:18:38,-6.099287,106.170243,28.7,0.3301
38,K-04,Jumat,2025-03-07 11:19:18,-6.100201,106.171446,30.6,0.3301
38,K-04,Jumat,2025-03-07 11:19:58,-6.101555,106.172775,27.5,0.3301
38,K-04,Jumat,2025-03-07 11:20:38,-6.10291,106.174104,35.0,0.3301
38,K-04,Jumat,2025-03-07 11:21:18,-6.107071,106.178041,34.0,0.3301
38,K-04,Jumat,2025-03-07 11:21:58,-6.111233,106.181977,28.6,0.3301
38,K-04,Jumat,2025-03-07 11:22:38,-6.112462,106.182965,33.7,0.3301
38,K-04,Jumat,2025-03-07 11:23:18,-6.113691,106.183954,29.4,0.3301
38,K-04,Jumat,2025-03-07 11:23:58,-6.11523,106.183165,24.6,0.3301
38,K-04,Jumat,2025-03-07 11:24:38,-6.116769,106.182376,34.9,0.3301
38,K-04,Jumat,2025-03-07 11:25:18,-6.11819,106.181962,26.4,0.3301
38,K-04,Jumat,2025-03-07 11:25:58,-6.119611,106.181548,30.3,0.3301
38,K-04,Jumat,2025-03-07 11:26:38,-6.120006,106.18302,35.5,0.3301
38,K-04,Jumat,2025-03-07 11:27:18,-6.120401,106.184492,0.0,0.3301
39,K-04,Jumat,2025-03-07 16:31:00,-6.00289,106.024787,15.0,0.3272
39,K-04,Jumat,2025-03-07 16:32:15,-6.00286,106.025299,17.7,0.3272
39,K-04,Jumat,2025-03-07 16:33:31,-6.00283,106.02581,19.0,0.3272
39,K-04,Jumat,2025-03-07 16:34:47,-6.002762,106.025294,20.1,0.3272
39,K-04,Jumat,2025-03-07 16:36:02,-6.002694,106.024778,14.8,0.3272
39,K-04,Jumat,2025-03-07 16:37:18,-6.001934,106.023665,10.9,0.3272
39,K-04,Jumat,2025-03-07 16:38:34,-6.001174,106.022552,16.2,0.3272
39,K-04,Jumat,2025-03-07 16:39:49,-5.999339,106.022582,18.1,0.3272
39,K-04,Jumat,2025-03-07 16:41:05,-5.997503,106.022612,21.4,0.3272
39,K-04,Jumat,2025-03-07 16:42:21,-5.99672,106.023599,19.0,0.3272
39,K-04,Jumat,2025-03-07 16:43:36,-5.995937,106.024587,17.5,0.3272
39,K-04,Jumat,2025-03-07 16:44:52,-5.995702,106.025915,21.0,0.3272
39,K-04,Jumat,2025-03-07 16:46:08,-5.995467,106.027244,18.7,0.3272
39,K-04,Jumat,2025-03-07 16:47:24,-5.994473,106.028137,11.5,0.3272
39,K-04,Jumat,2025-03-07 16:48:39,-5.99348,106.02903,15.2,0.3272
39,K-04,Jumat,2025-03-07 16:49:55,-5.994061,106.030219,13.7,0.3272
39,K-04,Jumat,2025-03-07 16:51:11,-5.994642,106.031408,10.8,0.3272
39,K-04,Jumat,2025-03-07 16:52:26,-6.001115,106.036017,10.4,0.3272
39,K-04,Jumat,2025-03-07 16:53:42,-6.007588,106.040627,19.2,0.3272
39,K-04,Jumat,2025-03-07 16:54:58,-6.008942,106.0413,16.4,0.3272
39,K-04,Jumat,2025-03-07 16:56:13,-6.010297,106.041972,16.6,0.3272
39,K-04,Jumat,2025-03-07 16:57:29,-6.011188,106.043044,12.4,0.3272
39,K-04,Jumat,2025-03-07 16:58:45,-6.012079,106.044116,12.8,0.3272
39,K-04,Jumat,2025-03-07 17:00:01,-6.013647,106.046452,14.4,0.3272
39,K-04,Jumat,2025-03-07 17:01:16,-6.015214,106.048787,17.3,0.3272
39,K-04,Jumat,2025-03-07 17:02:32,-6.016001,106.050271,14.9,0.3272
39,K-04,Jumat,2025-03-07 17:03:48,-6.016789,106.051754,9.9,0.3272
39,K-04,Jumat,2025-03-07 17:05:03,-6.018808,106.056438,17.8,0.3272
39,K-04,Jumat,2025-03-07 17:06:19,-6.020827,106.061123,16.1,0.3272
39,K-04,Jumat,2025-03-07 17:07:35,-6.022251,106.064022,17.4,0.3272
39,K-04,Jumat,2025-03-07 17:08:50,-6.023674,106.066922,17.1,0.3272
39,K-04,Jumat,2025-03-07 17:10:06,-6.027209,106.072342,18.8,0.3272
39,K-04,Jumat,2025-03-07 17:11:22,-6.030743,106.077762,16.7,0.3272
39,K-04,Jumat,2025-03-07 17:12:38,-6.031683,106.079026,18.1,0.3272
39,K-04,Jumat,2025-03-07 17:13:53,-6.032623,106.080289,10.6,0.3272
39,K-04,Jumat,2025-03-07 17:15:09,-6.033387,106.081626,20.8,0.3272
39,K-04,Jumat,2025-03-07 17:16:25,-6.034152,106.082962,11.0,0.3272
39,K-04,Jumat,2025-03-07 17:17:40,-6.032953,106.083847,19.1,0.3272
39,K-04,Jumat,2025-03-07 17:18:56,-6.031754,106.084733,13.3,0.3272
39,K-04,Jumat,2025-03-07 17:20:12,-6.028745,106.085247,10.7,0.3272
39,K-04,Jumat,2025-03-07 17:21:27,-6.025735,106.085761,18.9,0.3272
39,K-04,Jumat,2025-03-07 17:22:43,-6.02497,106.086703,15.0,0.3272
39,K-04,Jumat,2025-03-07 17:23:59,-6.024204,106.087646,14.4,0.3272
39,K-04,Jumat,2025-03-07 17:25:15,-6.02324,106.089192,17.6,0.3272
39,K-04,Jumat,2025-03-07 17:26:30,-6.022276,106.090738,15.4,0.3272
39,K-04,Jumat,2025-03-07 17:27:46,-6.022845,106.092225,16.1,0.3272
39,K-04,Jumat,2025-03-07 17:29:02,-6.023414,106.093712,11.3,0.3272
39,K-04,Jumat,2025-03-07 17:30:17,-6.025531,106.095443,14.4,0.3272
39,K-04,Jumat,2025-03-07 17:31:33,-6.027647,106.097174,19.3,0.3272
39,K-04,Jumat,2025-03-07 17:32:49,-6.031515,106.099596,16.2,0.3272
39,K-04,Jumat,2025-03-07 17:34:04,-6.035384,106.102019,21.2,0.3272
39,K-04,Jumat,2025-03-07 17:35:20,-6.037822,106.10378,11.4,0.3272
39,K-04,Jumat,2025-03-07 17:36:36,-6.04026,106.10554,17.8,0.3272
39,K-04,Jumat,2025-03-07 17:37:51,-6.041576,106.106827,20.7,0.3272
39,K-04,Jumat,2025-03-07 17:39:07,-6.042891,106.108113,19.2,0.3272
39,K-04,Jumat,2025-03-07 17:40:23,-6.046235,106.111776,18.5,0.3272
39,K-04,Jumat,2025-03-07 17:41:39,-6.049578,106.115439,14.2,0.3272
39,K-04,Jumat,2025-03-07 17:42:54,-6.050965,106.116649,21.1,0.3272
39,K-04,Jumat,2025-03-07 17:44:10,-6.052352,106.11786,16.3,0.3272
39,K-04,Jumat,2025-03-07 17:45:26,-6.055872,106.120039,16.4,0.3272
39,K-04,Jumat,2025-03-07 17:46:41,-6.059393,106.122219,11.2,0.3272
39,K-04,Jumat,2025-03-07 17:47:57,-6.071108,106.128433,9.8,0.3272
39,K-04,Jumat,2025-03-07 17:49:13,-6.082823,106.134648,16.9,0.3272
39,K-04,Jumat,2025-03-07 17:50:28,-6.084086,106.135965,16.1,0.3272
39,K-04,Jumat,2025-03-07 17:51:44,-6.085348,106.137283,21.1,0.3272
39,K-04,Jumat,2025-03-07 17:53:00,-6.086009,106.138655,13.4,0.3272
39,K-04,Jumat,2025-03-07 17:54:16,-6.086671,106.140026,18.7,0.3272
39,K-04,Jumat,2025-03-07 17:55:31,-6.090362,106.150789,20.5,0.3272
39,K-04,Jumat,2025-03-07 17:56:47,-6.094054,106.161552,13.8,0.3272
39,K-04,Jumat,2025-03-07 17:58:03,-6.095384,106.164179,14.7,0.3272
39,K-04,Jumat,2025-03-07 17:59:18,-6.096714,106.166806,17.5,0.3272
39,K-04,Jumat,2025-03-07 18:00:34,-6.097544,106.167923,15.9,0.3272
39,K-04,Jumat,2025-03-07 18:01:50,-6.098373,106.169039,11.6,0.3272
39,K-04,Jumat,2025-03-07 18:03:05,-6.099287,106.170243,12.3,0.3272
39,K-04,Jumat,2025-03-07 18:04:21,-6.100201,106.171446,19.7,0.3272
39,K-04,Jumat,2025-03-07 18:05:37,-6.101555,106.172775,12.0,0.3272
39,K-04,Jumat,2025-03-07 18:06:53,-6.10291,106.174104,11.9,0.3272
39,K-04,Jumat,2025-03-07 18:08:08,-6.107071,106.178041,19.3,0.3272
39,K-04,Jumat,2025-03-07 18:09:24,-6.111233,106.181977,19.9,0.3272
39,K-04,Jumat,2025-03-07 18:10:40,-6.112462,106.182965,19.9,0.3272
39,K-04,Jumat,2025-03-07 18:11:55,-6.113691,106.183954,20.9,0.3272
39,K-04,Jumat,2025-03-07 18:13:11,-6.11523,106.183165,21.6,0.3272
39,K-04,Jumat,2025-03-07 18:14:27,-6.116769,106.182376,15.2,0.3272
39,K-04,Jumat,2025-03-07 18:15:42,-6.11819,106.181962,16.3,0.3272
39,K-04,Jumat,2025-03-07 18:16:58,-6.119611,106.181548,13.2,0.3272
39,K-04,Jumat,2025-03-07 18:18:14,-6.120006,106.18302,10.5,0.3272
39,K-04,Jumat,2025-03-07 18:19:30,-6.120401,106.184492,0.0,0.3272
40,K-07,Jumat,2025-03-07 04:48:00,-6.120401,106.184492,15.0,0.3553
40,K-07,Jumat,2025-03-07 04:48:33,-6.120449,106.182988,36.0,0.3553
40,K-07,Jumat,2025-03-07 04:49:06,-6.120497,106.181485,33.4,0.3553
40,K-07,Jumat,2025-03-07 04:49:40,-6.119015,106.181689,34.9,0.3553
40,K-07,Jumat,2025-03-07 04:50:13,-6.117534,106.181893,38.4,0.3553
40,K-07,Jumat,2025-03-07 04:50:47,-6.116447,106.18275,36.5,0.3553
40,K-07,Jumat,2025-03-07 04:51:20,-6.115361,106.183607,40.5,0.3553
40,K-07,Jumat,2025-03-07 04:51:54,-6.114493,106.183838,40.9,0.3553
40,K-07,Jumat,2025-03-07 04:52:27,-6.113625,106.184069,34.4,0.3553
40,K-07,Jumat,2025-03-07 04:53:01,-6.109409,106.180187,39.4,0.3553
40,K-07,Jumat,2025-03-07 04:53:34,-6.105193,106.176306,42.3,0.3553
40,K-07,Jumat,2025-03-07 04:54:07,-6.100575,106.170921,44.1,0.3553
40,K-07,Jumat,2025-03-07 04:54:41,-6.095958,106.165536,34.6,0.3553
40,K-07,Jumat,2025-03-07 04:55:14,-6.093378,106.158769,36.4,0.3553
40,K-07,Jumat,2025-03-07 04:55:48,-6.090798,106.152001,42.0,0.3553
40,K-07,Jumat,2025-03-07 04:56:21,-6.088704,106.145865,41.1,0.3553
40,K-07,Jumat,2025-03-07 04:56:55,-6.08661,106.139728,40.3,0.3553
40,K-07,Jumat,2025-03-07 04:57:28,-6.081891,106.135638,35.9,0.3553
40,K-07,Jumat,2025-03-07 04:58:02,-6.077171,106.131547,36.9,0.3553
40,K-07,Jumat,2025-03-07 04:58:35,-6.067851,106.126623,40.8,0.3553
40,K-07,Jumat,2025-03-07 04:59:08,-6.058531,106.1217,36.6,0.3553
40,K-07,Jumat,2025-03-07 04:59:42,-6.054898,106.119329,38.4,0.3553
40,K-07,Jumat,2025-03-07 05:00:15,-6.051265,106.116959,37.9,0.3553
40,K-07,Jumat,2025-03-07 05:00:49,-6.047156,106.112505,41.9,0.3553
40,K-07,Jumat,2025-03-07 05:01:22,-6.043048,106.108051,38.4,0.3553
40,K-07,Jumat,2025-03-07 05:01:56,-6.039813,106.105373,33.9,0.3553
40,K-07,Jumat,2025-03-07 05:02:29,-6.036578,106.102696,40.3,0.3553
40,K-07,Jumat,2025-03-07 05:03:03,-6.030036,106.098298,33.6,0.3553
40,K-07,Jumat,2025-03-07 05:03:36,-6.023493,106.093901,36.0,0.3553
40,K-07,Jumat,2025-03-07 05:04:09,-6.022763,106.093069,42.5,0.3553
40,K-07,Jumat,2025-03-07 05:04:43,-6.022034,106.092237,43.3,0.3553
40,K-07,Jumat,2025-03-07 05:05:16,-6.022133,106.091267,35.0,0.3553
40,K-07,Jumat,2025-03-07 05:05:50,-6.022233,106.090297,41.4,0.3553
40,K-07,Jumat,2025-03-07 05:06:23,-6.023358,106.088664,40.1,0.3553
40,K-07,Jumat,2025-03-07 05:06:57,-6.024483,106.087031,41.3,0.3553
40,K-07,Jumat,2025-03-07 05:07:30,-6.025137,106.086275,43.3,0.3553
40,K-07,Jumat,2025-03-07 05:08:04,-6.025791,106.085519,42.8,0.3553
40,K-07,Jumat,2025-03-07 05:08:37,-6.028265,106.085363,40.2,0.3553
40,K-07,Jumat,2025-03-07 05:09:10,-6.03074,106.085206,42.4,0.3553
40,K-07,Jumat,2025-03-07 05:09:44,-6.031801,106.08464,39.5,0.3553
40,K-07,Jumat,2025-03-07 05:10:17,-6.032862,106.084073,41.8,0.3553
40,K-07,Jumat,2025-03-07 05:10:51,-6.033632,106.083619,35.2,0.3553
40,K-07,Jumat,2025-03-07 05:11:24,-6.034402,106.083165,33.0,0.3553
40,K-07,Jumat,2025-03-07 05:11:58,-6.033392,106.081554,35.7,0.3553
40,K-07,Jumat,2025-03-07 05:12:31,-6.032382,106.079943,43.3,0.3553
40,K-07,Jumat,2025-03-07 05:13:05,-6.030944,106.077923,39.1,0.3553
40,K-07,Jumat,2025-03-07 05:13:38,-6.029506,106.075904,40.4,0.3553
40,K-07,Jumat,2025-03-07 05:14:11,-6.027943,106.073596,34.4,0.3553
40,K-07,Jumat,2025-03-07 05:14:45,-6.02638,106.071289,37.3,0.3553
40,K-07,Jumat,2025-03-07 05:15:18,-6.024512,106.068114,43.3,0.3553
40,K-07,Jumat,2025-03-07 05:15:52,-6.022644,106.064939,39.7,0.3553
40,K-07,Jumat,2025-03-07 05:16:25,-6.020935,106.060982,42.9,0.3553
40,K-07,Jumat,2025-03-07 05:16:59,-6.019226,106.057025,34.2,0.3553
40,K-07,Jumat,2025-03-07 05:17:32,-6.017736,106.053745,38.6,0.3553
40,K-07,Jumat,2025-03-07 05:18:06,-6.016247,106.050465,33.7,0.3553
40,K-07,Jumat,2025-03-07 05:18:39,-6.014927,106.048385,37.0,0.3553
40,K-07,Jumat,2025-03-07 05:19:12,-6.013608,106.046306,32.7,0.3553
40,K-07,Jumat,2025-03-07 05:19:46,-6.013208,106.045749,35.5,0.3553
40,K-07,Jumat,2025-03-07 05:20:19,-6.012807,106.045191,44.2,0.3553
40,K-07,Jumat,2025-03-07 05:20:53,-6.012175,106.043406,44.4,0.3553
40,K-07,Jumat,2025-03-07 05:21:26,-6.011543,106.041621,40.8,0.3553
40,K-07,Jumat,2025-03-07 05:22:00,-6.01086,106.037239,41.7,0.3553
40,K-07,Jumat,2025-03-07 05:22:33,-6.010176,106.032856,34.3,0.3553
40,K-07,Jumat,2025-03-07 05:23:07,-6.009626,106.028951,34.5,0.3553
40,K-07,Jumat,2025-03-07 05:23:40,-6.009075,106.025045,39.4,0.3553
40,K-07,Jumat,2025-03-07 05:24:13,-6.009984,106.021793,39.4,0.3553
40,K-07,Jumat,2025-03-07 05:24:47,-6.010892,106.01854,43.1,0.3553
40,K-07,Jumat,2025-03-07 05:25:20,-6.011474,106.0155,34.4,0.3553
40,K-07,Jumat,2025-03-07 05:25:54,-6.012056,106.01246,41.4,0.3553
40,K-07,Jumat,2025-03-07 05:26:27,-6.012134,106.009563,43.9,0.3553
40,K-07,Jumat,2025-03-07 05:27:01,-6.012211,106.006667,33.1,0.3553
40,K-07,Jumat,2025-03-07 05:27:34,-6.01184,106.003198,41.7,0.3553
40,K-07,Jumat,2025-03-07 05:28:08,-6.01147,105.99973,35.4,0.3553
40,K-07,Jumat,2025-03-07 05:28:41,-6.010867,105.996921,35.8,0.3553
40,K-07,Jumat,2025-03-07 05:29:14,-6.010265,105.994113,35.4,0.3553
40,K-07,Jumat,2025-03-07 05:29:48,-6.011052,105.988977,40.6,0.3553
40,K-07,Jumat,2025-03-07 05:30:21,-6.01184,105.983841,38.8,0.3553
40,K-07,Jumat,2025-03-07 05:30:55,-6.013607,105.980132,42.1,0.3553
40,K-07,Jumat,2025-03-07 05:31:28,-6.015375,105.976423,37.3,0.3553
40,K-07,Jumat,2025-03-07 05:32:02,-6.016651,105.973485,43.6,0.3553
40,K-07,Jumat,2025-03-07 05:32:35,-6.017927,105.970547,43.2,0.3553
40,K-07,Jumat,2025-03-07 05:33:09,-6.018326,105.969919,33.1,0.3553
40,K-07,Jumat,2025-03-07 05:33:42,-6.018725,105.969291,40.4,0.3553
40,K-07,Jumat,2025-03-07 05:34:15,-6.02085,105.967025,33.8,0.3553
40,K-07,Jumat,2025-03-07 05:34:49,-6.022975,105.964758,44.2,0.3553
40,K-07,Jumat,2025-03-07 05:35:22,-6.023462,105.963127,40.2,0.3553
40,K-07,Jumat,2025-03-07 05:35:56,-6.023949,105.961495,35.9,0.3553
40,K-07,Jumat,2025-03-07 05:36:29,-6.023233,105.958851,41.5,0.3553
40,K-07,Jumat,2025-03-07 05:37:03,-6.022516,105.956207,39.5,0.3553
40,K-07,Jumat,2025-03-07 05:37:36,-6.02342,105.953825,39.4,0.3553
40,K-07,Jumat,2025-03-07 05:38:10,-6.024323,105.951444,37.1,0.3553
40,K-07,Jumat,2025-03-07 05:38:43,-6.025311,105.950308,37.1,0.3553
40,K-07,Jumat,2025-03-07 05:39:16,-6.0263,105.949172,39.7,0.3553
40,K-07,Jumat,2025-03-07 05:39:50,-6.028849,105.945886,43.4,0.3553
40,K-07,Jumat,2025-03-07 05:40:23,-6.031397,105.9426,33.5,0.3553
40,K-07,Jumat,2025-03-07 05:40:57,-6.033191,105.939526,35.6,0.3553
40,K-07,Jumat,2025-03-07 05:41:30,-6.034985,105.936452,44.3,0.3553
40,K-07,Jumat,2025-03-07 05:42:04,-6.036134,105.933928,35.3,0.3553
40,K-07,Jumat,2025-03-07 05:42:37,-6.037284,105.931403,37.5,0.3553
40,K-07,Jumat,2025-03-07 05:43:11,-6.038605,105.929077,42.4,0.3553
40,K-07,Jumat,2025-03-07 05:43:44,-6.039927,105.92675,36.7,0.3553
40,K-07,Jumat,2025-03-07 05:44:17,-6.040842,105.926202,42.1,0.3553
40,K-07,Jumat,2025-03-07 05:44:51,-6.041757,105.925654,43.2,0.3553
40,K-07,Jumat,2025-03-07 05:45:24,-6.043299,105.925629,32.7,0.3553
40,K-07,Jumat,2025-03-07 05:45:58,-6.044842,105.925605,43.2,0.3553
40,K-07,Jumat,2025-03-07 05:46:31,-6.04665,105.925298,37.9,0.3553
40,K-07,Jumat,2025-03-07 05:47:05,-6.048458,105.924992,35.4,0.3553
40,K-07,Jumat,2025-03-07 05:47:38,-6.050837,105.923865,38.8,0.3553
40,K-07,Jumat,2025-03-07 05:48:12,-6.053216,105.922737,0.0,0.3553
41,K-07,Jumat,2025-03-07 10:11:00,-6.053216,105.922737,15.0,0.3542
41,K-07,Jumat,2025-03-07 10:11:42,-6.050837,105.923865,32.0,0.3542
41,K-07,Jumat,2025-03-07 10:12:25,-6.048458,105.924992,29.1,0.3542
41,K-07,Jumat,2025-03-07 10:13:08,-6.04665,105.925298,28.1,0.3542
41,K-07,Jumat,2025-03-07 10:13:50,-6.044842,105.925605,25.5,0.3542
41,K-07,Jumat,2025-03-07 10:14:33,-6.043299,105.925629,32.2,0.3542
41,K-07,Jumat,2025-03-07 10:15:16,-6.041757,105.925654,29.8,0.3542
41,K-07,Jumat,2025-03-07 10:15:59,-6.040842,105.926202,31.2,0.3542
41,K-07,Jumat,2025-03-07 10:16:41,-6.039927,105.92675,31.9,0.3542
41,K-07,Jumat,2025-03-07 10:17:24,-6.038605,105.929077,29.0,0.3542
41,K-07,Jumat,2025-03-07 10:18:07,-6.037284,105.931403,27.0,0.3542
41,K-07,Jumat,2025-03-07 10:18:49,-6.036134,105.933928,25.6,0.3542
41,K-07,Jumat,2025-03-07 10:19:32,-6.034985,105.936452,31.2,0.3542
41,K-07,Jumat,2025-03-07 10:20:15,-6.033191,105.939526,25.7,0.3542
41,K-07,Jumat,2025-03-07 10:20:58,-6.031397,105.9426,30.3,0.3542
41,K-07,Jumat,2025-03-07 10:21:40,-6.028849,105.945886,34.8,0.3542
41,K-07,Jumat,2025-03-07 10:22:23,-6.0263,105.949172,25.9,0.3542
41,K-07,Jumat,2025-03-07 10:23:06,-6.025311,105.950308,26.1,0.3542
41,K-07,Jumat,2025-03-07 10:23:49,-6.024323,105.951444,35.2,0.3542
41,K-07,Jumat,2025-03-07 10:24:31,-6.02342,105.953825,30.3,0.3542
41,K-07,Jumat,2025-03-07 10:25:14,-6.022516,105.956207,29.0,0.3542
41,K-07,Jumat,2025-03-07 10:25:57,-6.023233,105.958851,35.7,0.3542
41,K-07,Jumat,2025-03-07 10:26:39,-6.023949,105.961495,31.8,0.3542
41,K-07,Jumat,2025-03-07 10:27:22,-6.023462,105.963127,34.6,0.3542
41,K-07,Jumat,2025-03-07 10:28:05,-6.022975,105.964758,32.8,0.3542
41,K-07,Jumat,2025-03-07 10:28:48,-6.02085,105.967025,34.0,0.3542
41,K-07,Jumat,2025-03-07 10:29:30,-6.018725,105.969291,35.5,0.3542
41,K-07,Jumat,2025-03-07 10:30:13,-6.018326,105.969919,26.7,0.3542
41,K-07,Jumat,2025-03-07 10:30:56,-6.017927,105.970547,31.4,0.3542
41,K-07,Jumat,2025-03-07 10:31:38,-6.016651,105.973485,29.8,0.3542
41,K-07,Jumat,2025-03-07 10:32:21,-6.015375,105.976423,29.9,0.3542
41,K-07,Jumat,2025-03-07 10:33:04,-6.013607,105.980132,26.7,0.3542
41,K-07,Jumat,2025-03-07 10:33:47,-6.01184,105.983841,29.0,0.3542
41,K-07,Jumat,2025-03-07 10:34:29,-6.011052,105.988977,25.8,0.3542
41,K-07,Jumat,2025-03-07 10:35:12,-6.010265,105.994113,31.1,0.3542
41,K-07,Jumat,2025-03-07 10:35:55,-6.010867,105.996921,33.3,0.3542
41,K-07,Jumat,2025-03-07 10:36:38,-6.01147,105.99973,31.6,0.3542
41,K-07,Jumat,2025-03-07 10:37:20,-6.01184,106.003198,30.2,0.3542
41,K-07,Jumat,2025-03-07 10:38:03,-6.012211,106.006667,26.1,0.3542
41,K-07,Jumat,2025-03-07 10:38:46,-6.012134,106.009563,32.3,0.3542
41,K-07,Jumat,2025-03-07 10:39:28,-6.012056,106.01246,35.2,0.3542
41,K-07,Jumat,2025-03-07 10:40:11,-6.011474,106.0155,31.3,0.3542
41,K-07,Jumat,2025-03-07 10:40:54,-6.010892,106.01854,24.9,0.3542
41,K-07,Jumat,2025-03-07 10:41:37,-6.009984,106.021793,28.6,0.3542
41,K-07,Jumat,2025-03-07 10:42:19,-6.009075,106.025045,25.7,0.3542
41,K-07,Jumat,2025-03-07 10:43:02,-6.009626,106.028951,24.3,0.3542
41,K-07,Jumat,2025-03-07 10:43:45,-6.010176,106.032856,30.4,0.3542
41,K-07,Jumat,2025-03-07 10:44:27,-6.01086,106.037239,35.0,0.3542
41,K-07,Jumat,2025-03-07 10:45:10,-6.011543,106.041621,32.3,0.3542
41,K-07,Jumat,2025-03-07 10:45:53,-6.012175,106.043406,34.0,0.3542
41,K-07,Jumat,2025-03-07 10:46:36,-6.012807,106.045191,31.4,0.3542
41,K-07,Jumat,2025-03-07 10:47:18,-6.013208,106.045749,26.2,0.3542
41,K-07,Jumat,2025-03-07 10:48:01,-6.013608,106.046306,34.9,0.3542
41,K-07,Jumat,2025-03-07 10:48:44,-6.014927,106.048385,31.3,0.3542
41,K-07,Jumat,2025-03-07 10:49:27,-6.016247,106.050465,34.6,0.3542
41,K-07,Jumat,2025-03-07 10:50:09,-6.017736,106.053745,30.5,0.3542
41,K-07,Jumat,2025-03-07 10:50:52,-6.019226,106.057025,33.1,0.3542
41,K-07,Jumat,2025-03-07 10:51:35,-6.020935,106.060982,25.2,0.3542
41,K-07,Jumat,2025-03-07 10:52:17,-6.022644,106.064939,32.0,0.3542
41,K-07,Jumat,2025-03-07 10:53:00,-6.024512,106.068114,34.9,0.3542
41,K-07,Jumat,2025-03-07 10:53:43,-6.02638,106.071289,30.6,0.3542
41,K-07,Jumat,2025-03-07 10:54:26,-6.027943,106.073596,24.1,0.3542
41,K-07,Jumat,2025-03-07 10:55:08,-6.029506,106.075904,35.4,0.3542
41,K-07,Jumat,2025-03-07 10:55:51,-6.030944,106.077923,32.2,0.3542
41,K-07,Jumat,2025-03-07 10:56:34,-6.032382,106.079943,29.3,0.3542
41,K-07,Jumat,2025-03-07 10:57:16,-6.033392,106.081554,29.1,0.3542
41,K-07,Jumat,2025-03-07 10:57:59,-6.034402,106.083165,34.6,0.3542
41,K-07,Jumat,2025-03-07 10:58:42,-6.033632,106.083619,32.5,0.3542
41,K-07,Jumat,2025-03-07 10:59:25,-6.032862,106.084073,29.2,0.3542
41,K-07,Jumat,2025-03-07 11:00:07,-6.031801,106.08464,35.4,0.3542
41,K-07,Jumat,2025-03-07 11:00:50,-6.03074,106.085206,29.9,0.3542
41,K-07,Jumat,2025-03-07 11:01:33,-6.028265,106.085363,33.3,0.3542
41,K-07,Jumat,2025-03-07 11:02:16,-6.025791,106.085519,28.3,0.3542
41,K-07,Jumat,2025-03-07 11:02:58,-6.025137,106.086275,33.8,0.3542
41,K-07,Jumat,2025-03-07 11:03:41,-6.024483,106.087031,35.0,0.3542
41,K-07,Jumat,2025-03-07 11:04:24,-6.023358,106.088664,34.1,0.3542
41,K-07,Jumat,2025-03-07 11:05:06,-6.022233,106.090297,31.0,0.3542
41,K-07,Jumat,2025-03-07 11:05:49,-6.022133,106.091267,29.2,0.3542
41,K-07,Jumat,2025-03-07 11:06:32,-6.022034,106.092237,27.2,0.3542
41,K-07,Jumat,2025-03-07 11:07:15,-6.022763,106.093069,33.3,0.3542
41,K-07,Jumat,2025-03-07 11:07:57,-6.023493,106.093901,35.0,0.3542
41,K-07,Jumat,2025-03-07 11:08:40,-6.030036,106.098298,25.1,0.3542
41,K-07,Jumat,2025-03-07 11:09:23,-6.036578,106.102696,31.3,0.3542
41,K-07,Jumat,2025-03-07 11:10:05,-6.039813,106.105373,30.6,0.3542
41,K-07,Jumat,2025-03-07 11:10:48,-6.043048,106.108051,27.2,0.3542
41,K-07,Jumat,2025-03-07 11:11:31,-6.047156,106.112505,24.2,0.3542
41,K-07,Jumat,2025-03-07 11:12:14,-6.051265,106.116959,33.0,0.3542
41,K-07,Jumat,2025-03-07 11:12:56,-6.054898,106.119329,24.2,0.3542
41,K-07,Jumat,2025-03-07 11:13:39,-6.058531,106.1217,30.4,0.3542
41,K-07,Jumat,2025-03-07 11:14:22,-6.067851,106.126623,30.3,0.3542
41,K-07,Jumat,2025-03-07 11:15:05,-6.077171,106.131547,28.6,0.3542
41,K-07,Jumat,2025-03-07 11:15:47,-6.081891,106.135638,26.6,0.3542
41,K-07,Jumat,2025-03-07 11:16:30,-6.08661,106.139728,33.8,0.3542
41,K-07,Jumat,2025-03-07 11:17:13,-6.088704,106.145865,29.0,0.3542
41,K-07,Jumat,2025-03-07 11:17:55,-6.090798,106.152001,25.4,0.3542
41,K-07,Jumat,2025-03-07 11:18:38,-6.093378,106.158769,29.2,0.3542
41,K-07,Jumat,2025-03-07 11:19:21,-6.095958,106.165536,31.1,0.3542
41,K-07,Jumat,2025-03-07 11:20:04,-6.100575,106.170921,27.2,0.3542
41,K-07,Jumat,2025-03-07 11:20:46,-6.105193,106.176306,30.5,0.3542
41,K-07,Jumat,2025-03-07 11:21:29,-6.109409,106.180187,30.9,0.3542
41,K-07,Jumat,2025-03-07 11:22:12,-6.113625,106.184069,31.4,0.3542
41,K-07,Jumat,2025-03-07 11:22:54,-6.114493,106.183838,36.0,0.3542
41,K-07,Jumat,2025-03-07 11:23:37,-6.115361,106.183607,28.9,0.3542
41,K-07,Jumat,2025-03-07 11:24:20,-6.116447,106.18275,26.5,0.3542
41,K-07,Jumat,2025-03-07 11:25:03,-6.117534,106.181893,30.7,0.3542
41,K-07,Jumat,2025-03-07 11:25:45,-6.119015,106.181689,30.8,0.3542
41,K-07,Jumat,2025-03-07 11:26:28,-6.120497,106.181485,26.2,0.3542
41,K-07,Jumat,2025-03-07 11:27:11,-6.120449,106.182988,30.8,0.3542
41,K-07,Jumat,2025-03-07 11:27:54,-6.120401,106.184492,0.0,0.3542
42,K-07,Jumat,2025-03-07 16:48:00,-6.053216,105.922737,15.0,0.355
42,K-07,Jumat,2025-03-07 16:49:22,-6.050837,105.923865,11.4,0.355
42,K-07,Jumat,2025-03-07 16:50:44,-6.048458,105.924992,20.1,0.355
42,K-07,Jumat,2025-03-07 16:52:06,-6.04665,105.925298,11.1,0.355
42,K-07,Jumat,2025-03-07 16:53:28,-6.044842,105.925605,12.5,0.355
42,K-07,Jumat,2025-03-07 16:54:50,-6.043299,105.925629,19.1,0.355
42,K-07,Jumat,2025-03-07 16:56:12,-6.041757,105.925654,21.1,0.355
42,K-07,Jumat,2025-03-07 16:57:34,-6.040842,105.926202,10.9,0.355
42,K-07,Jumat,2025-03-07 16:58:56,-6.039927,105.92675,15.8,0.355
42,K-07,Jumat,2025-03-07 17:00:18,-6.038605,105.929077,19.1,0.355
42,K-07,Jumat,2025-03-07 17:01:40,-6.037284,105.931403,19.3,0.355
42,K-07,Jumat,2025-03-07 17:03:02,-6.036134,105.933928,17.1,0.355
42,K-07,Jumat,2025-03-07 17:04:24,-6.034985,105.936452,17.9,0.355
42,K-07,Jumat,2025-03-07 17:05:46,-6.033191,105.939526,10.3,0.355
42,K-07,Jumat,2025-03-07 17:07:08,-6.031397,105.9426,14.4,0.355
42,K-07,Jumat,2025-03-07 17:08:30,-6.028849,105.945886,17.3,0.355
42,K-07,Jumat,2025-03-07 17:09:52,-6.0263,105.949172,19.4,0.355
42,K-07,Jumat,2025-03-07 17:11:14,-6.025311,105.950308,19.6,0.355
42,K-07,Jumat,2025-03-07 17:12:36,-6.024323,105.951444,15.4,0.355
42,K-07,Jumat,2025-03-07 17:13:58,-6.02342,105.953825,16.9,0.355
42,K-07,Jumat,2025-03-07 17:15:20,-6.022516,105.956207,10.8,0.355
42,K-07,Jumat,2025-03-07 17:16:42,-6.023233,105.958851,12.9,0.355
42,K-07,Jumat,2025-03-07 17:18:04,-6.023949,105.961495,14.2,0.355
42,K-07,Jumat,2025-03-07 17:19:26,-6.023462,105.963127,17.0,0.355
42,K-07,Jumat,2025-03-07 17:20:48,-6.022975,105.964758,18.4,0.355
42,K-07,Jumat,2025-03-07 17:22:10,-6.02085,105.967025,20.9,0.355
42,K-07,Jumat,2025-03-07 17:23:32,-6.018725,105.969291,14.5,0.355
42,K-07,Jumat,2025-03-07 17:24:54,-6.018326,105.969919,17.6,0.355
42,K-07,Jumat,2025-03-07 17:26:16,-6.017927,105.970547,13.1,0.355
42,K-07,Jumat,2025-03-07 17:27:38,-6.016651,105.973485,21.3,0.355
42,K-07,Jumat,2025-03-07 17:29:00,-6.015375,105.976423,10.4,0.355
42,K-07,Jumat,2025-03-07 17:30:22,-6.013607,105.980132,19.0,0.355
42,K-07,Jumat,2025-03-07 17:31:44,-6.01184,105.983841,11.8,0.355
42,K-07,Jumat,2025-03-07 17:33:06,-6.011052,105.988977,15.6,0.355
42,K-07,Jumat,2025-03-07 17:34:28,-6.010265,105.994113,9.8,0.355
42,K-07,Jumat,2025-03-07 17:35:50,-6.010867,105.996921,19.9,0.355
42,K-07,Jumat,2025-03-07 17:37:12,-6.01147,105.99973,20.9,0.355
42,K-07,Jumat,2025-03-07 17:38:34,-6.01184,106.003198,15.9,0.355
42,K-07,Jumat,2025-03-07 17:39:56,-6.012211,106.006667,12.0,0.355
42,K-07,Jumat,2025-03-07 17:41:18,-6.012134,106.009563,19.1,0.355
42,K-07,Jumat,2025-03-07 17:42:40,-6.012056,106.01246,15.8,0.355
42,K-07,Jumat,2025-03-07 17:44:02,-6.011474,106.0155,18.1,0.355
42,K-07,Jumat,2025-03-07 17:45:24,-6.010892,106.01854,17.1,0.355
42,K-07,Jumat,2025-03-07 17:46:46,-6.009984,106.021793,17.8,0.355
42,K-07,Jumat,2025-03-07 17:48:08,-6.009075,106.025045,14.0,0.355
42,K-07,Jumat,2025-03-07 17:49:30,-6.009626,106.028951,17.6,0.355
42,K-07,Jumat,2025-03-07 17:50:52,-6.010176,106.032856,21.4,0.355
42,K-07,Jumat,2025-03-07 17:52:14,-6.01086,106.037239,10.7,0.355
42,K-07,Jumat,2025-03-07 17:53:36,-6.011543,106.041621,13.0,0.355
42,K-07,Jumat,2025-03-07 17:54:58,-6.012175,106.043406,14.5,0.355
42,K-07,Jumat,2025-03-07 17:56:20,-6.012807,106.045191,17.7,0.355
42,K-07,Jumat,2025-03-07 17:57:42,-6.013208,106.045749,14.6,0.355
42,K-07,Jumat,2025-03-07 17:59:04,-6.013608,106.046306,12.1,0.355
42,K-07,Jumat,2025-03-07 18:00:26,-6.014927,106.048385,9.9,0.355
42,K-07,Jumat,2025-03-07 18:01:48,-6.016247,106.050465,18.1,0.355
42,K-07,Jumat,2025-03-07 18:03:10,-6.017736,106.053745,20.7,0.355
42,K-07,Jumat,2025-03-07 18:04:32,-6.019226,106.057025,16.3,0.355
42,K-07,Jumat,2025-03-07 18:05:54,-6.020935,106.060982,18.4,0.355
42,K-07,Jumat,2025-03-07 18:07:16,-6.022644,106.064939,16.4,0.355
42,K-07,Jumat,2025-03-07 18:08:38,-6.024512,106.068114,16.7,0.355
42,K-07,Jumat,2025-03-07 18:10:00,-6.02638,106.071289,13.9,0.355
42,K-07,Jumat,2025-03-07 18:11:22,-6.027943,106.073596,19.5,0.355
42,K-07,Jumat,2025-03-07 18:12:44,-6.029506,106.075904,12.4,0.355
42,K-07,Jumat,2025-03-07 18:14:06,-6.030944,106.077923,21.3,0.355
42,K-07,Jumat,2025-03-07 18:15:28,-6.032382,106.079943,15.2,0.355
42,K-07,Jumat,2025-03-07 18:16:50,-6.033392,106.081554,14.5,0.355
42,K-07,Jumat,2025-03-07 18:18:12,-6.034402,106.083165,9.8,0.355
42,K-07,Jumat,2025-03-07 18:19:34,-6.033632,106.083619,11.8,0.355
42,K-07,Jumat,2025-03-07 18:20:56,-6.032862,106.084073,15.8,0.355
42,K-07,Jumat,2025-03-07 18:22:18,-6.031801,106.08464,16.4,0.355
42,K-07,Jumat,2025-03-07 18:23:40,-6.03074,106.085206,15.7,0.355
42,K-07,Jumat,2025-03-07 18:25:02,-6.028265,106.085363,13.8,0.355
42,K-07,Jumat,2025-03-07 18:26:24,-6.025791,106.085519,11.1,0.355
42,K-07,Jumat,2025-03-07 18:27:46,-6.025137,106.086275,15.9,0.355
42,K-07,Jumat,2025-03-07 18:29:08,-6.024483,106.087031,12.8,0.355
42,K-07,Jumat,2025-03-07 18:30:30,-6.023358,106.088664,16.2,0.355
42,K-07,Jumat,2025-03-07 18:31:52,-6.022233,106.090297,19.2,0.355
42,K-07,Jumat,2025-03-07 18:33:14,-6.022133,106.091267,12.7,0.355
42,K-07,Jumat,2025-03-07 18:34:36,-6.022034,106.092237,15.0,0.355
42,K-07,Jumat,2025-03-07 18:35:58,-6.022763,106.093069,14.2,0.355
42,K-07,Jumat,2025-03-07 18:37:20,-6.023493,106.093901,15.5,0.355
42,K-07,Jumat,2025-03-07 18:38:42,-6.030036,106.098298,12.6,0.355
42,K-07,Jumat,2025-03-07 18:40:04,-6.036578,106.102696,13.8,0.355
42,K-07,Jumat,2025-03-07 18:41:26,-6.039813,106.105373,19.0,0.355
42,K-07,Jumat,2025-03-07 18:42:48,-6.043048,106.108051,17.9,0.355
42,K-07,Jumat,2025-03-07 18:44:10,-6.047156,106.112505,20.5,0.355
42,K-07,Jumat,2025-03-07 18:45:32,-6.051265,106.116959,20.0,0.355
42,K-07,Jumat,2025-03-07 18:46:54,-6.054898,106.119329,15.5,0.355
42,K-07,Jumat,2025-03-07 18:48:16,-6.058531,106.1217,12.8,0.355
42,K-07,Jumat,2025-03-07 18:49:38,-6.067851,106.126623,14.3,0.355
42,K-07,Jumat,2025-03-07 18:51:00,-6.077171,106.131547,19.2,0.355
42,K-07,Jumat,2025-03-07 18:52:22,-6.081891,106.135638,12.3,0.355
42,K-07,Jumat,2025-03-07 18:53:44,-6.08661,106.139728,18.1,0.355
42,K-07,Jumat,2025-03-07 18:55:06,-6.088704,106.145865,19.3,0.355
42,K-07,Jumat,2025-03-07 18:56:28,-6.090798,106.152001,14.6,0.355
42,K-07,Jumat,2025-03-07 18:57:50,-6.093378,106.158769,13.9,0.355
42,K-07,Jumat,2025-03-07 18:59:12,-6.095958,106.165536,16.1,0.355
42,K-07,Jumat,2025-03-07 19:00:34,-6.100575,106.170921,18.1,0.355
42,K-07,Jumat,2025-03-07 19:01:56,-6.105193,106.176306,12.9,0.355
42,K-07,Jumat,2025-03-07 19:03:18,-6.109409,106.180187,13.1,0.355
42,K-07,Jumat,2025-03-07 19:04:40,-6.113625,106.184069,14.5,0.355
42,K-07,Jumat,2025-03-07 19:06:02,-6.114493,106.183838,18.7,0.355
42,K-07,Jumat,2025-03-07 19:07:24,-6.115361,106.183607,13.8,0.355
42,K-07,Jumat,2025-03-07 19:08:46,-6.116447,106.18275,16.4,0.355
42,K-07,Jumat,2025-03-07 19:10:08,-6.117534,106.181893,11.8,0.355
42,K-07,Jumat,2025-03-07 19:11:30,-6.119015,106.181689,13.5,0.355
42,K-07,Jumat,2025-03-07 19:12:52,-6.120497,106.181485,12.3,0.355
42,K-07,Jumat,2025-03-07 19:14:14,-6.120449,106.182988,16.6,0.355
42,K-07,Jumat,2025-03-07 19:15:36,-6.120401,106.184492,0.0,0.355
43,K-12,Jumat,2025-03-07 04:50:00,-6.00289,106.024787,15.0,0.1278
43,K-12,Jumat,2025-03-07 04:50:15,-6.002619,106.023636,27.3,0.1278
43,K-12,Jumat,2025-03-07 04:50:30,-6.002348,106.022484,26.9,0.1278
43,K-12,Jumat,2025-03-07 04:50:46,-5.999045,106.022499,34.1,0.1278
43,K-12,Jumat,2025-03-07 04:51:01,-5.995743,106.022514,34.1,0.1278
43,K-12,Jumat,2025-03-07 04:51:17,-5.995042,106.025236,28.4,0.1278
43,K-12,Jumat,2025-03-07 04:51:32,-5.994341,106.027958,33.4,0.1278
43,K-12,Jumat,2025-03-07 04:51:48,-5.992765,106.027873,25.5,0.1278
43,K-12,Jumat,2025-03-07 04:52:03,-5.991189,106.027789,25.0,0.1278
43,K-12,Jumat,2025-03-07 04:52:19,-5.990295,106.025858,35.6,0.1278
43,K-12,Jumat,2025-03-07 04:52:34,-5.9894,106.023927,30.0,0.1278
43,K-12,Jumat,2025-03-07 04:52:50,-5.988786,106.022945,24.2,0.1278
43,K-12,Jumat,2025-03-07 04:53:05,-5.988172,106.021964,34.4,0.1278
43,K-12,Jumat,2025-03-07 04:53:21,-5.987707,106.020783,35.6,0.1278
43,K-12,Jumat,2025-03-07 04:53:36,-5.987242,106.019603,34.3,0.1278
43,K-12,Jumat,2025-03-07 04:53:52,-5.986827,106.018991,28.6,0.1278
43,K-12,Jumat,2025-03-07 04:54:07,-5.986412,106.018379,27.9,0.1278
43,K-12,Jumat,2025-03-07 04:54:23,-5.985682,106.017923,34.9,0.1278
43,K-12,Jumat,2025-03-07 04:54:38,-5.984952,106.017468,34.7,0.1278
43,K-12,Jumat,2025-03-07 04:54:54,-5.984452,106.016956,31.0,0.1278
43,K-12,Jumat,2025-03-07 04:55:09,-5.983953,106.016445,27.4,0.1278
43,K-12,Jumat,2025-03-07 04:55:25,-5.983546,106.0156,26.3,0.1278
43,K-12,Jumat,2025-03-07 04:55:40,-5.983139,106.014755,33.3,0.1278
43,K-12,Jumat,2025-03-07 04:55:55,-5.983088,106.01394,30.2,0.1278
43,K-12,Jumat,2025-03-07 04:56:11,-5.983037,106.013125,28.9,0.1278
43,K-12,Jumat,2025-03-07 04:56:26,-5.98294,106.012154,33.1,0.1278
43,K-12,Jumat,2025-03-07 04:56:42,-5.982843,106.011183,25.6,0.1278
43,K-12,Jumat,2025-03-07 04:56:57,-5.982596,106.010437,30.4,0.1278
43,K-12,Jumat,2025-03-07 04:57:13,-5.98235,106.009692,29.2,0.1278
43,K-12,Jumat,2025-03-07 04:57:28,-5.982049,106.009352,35.4,0.1278
43,K-12,Jumat,2025-03-07 04:57:44,-5.981748,106.009012,24.5,0.1278
43,K-12,Jumat,2025-03-07 04:57:59,-5.981001,106.008845,28.3,0.1278
43,K-12,Jumat,2025-03-07 04:58:15,-5.980255,106.008678,34.4,0.1278
43,K-12,Jumat,2025-03-07 04:58:30,-5.979058,106.008464,33.4,0.1278
43,K-12,Jumat,2025-03-07 04:58:46,-5.977861,106.008249,29.6,0.1278
43,K-12,Jumat,2025-03-07 04:59:01,-5.977447,106.008246,25.5,0.1278
43,K-12,Jumat,2025-03-07 04:59:17,-5.977033,106.008242,30.3,0.1278
43,K-12,Jumat,2025-03-07 04:59:32,-5.976517,106.008462,27.9,0.1278
43,K-12,Jumat,2025-03-07 04:59:48,-5.976001,106.008682,24.2,0.1278
43,K-12,Jumat,2025-03-07 05:00:03,-5.975195,106.008176,32.2,0.1278
43,K-12,Jumat,2025-03-07 05:00:19,-5.974388,106.007671,28.7,0.1278
43,K-12,Jumat,2025-03-07 05:00:34,-5.97308,106.006949,25.3,0.1278
43,K-12,Jumat,2025-03-07 05:00:50,-5.971771,106.006228,28.4,0.1278
43,K-12,Jumat,2025-03-07 05:01:05,-5.971376,106.006035,34.4,0.1278
43,K-12,Jumat,2025-03-07 05:01:21,-5.97098,106.005842,26.3,0.1278
43,K-12,Jumat,2025-03-07 05:01:36,-5.970118,106.005387,27.3,0.1278
43,K-12,Jumat,2025-03-07 05:01:51,-5.969255,106.004933,27.3,0.1278
43,K-12,Jumat,2025-03-07 05:02:07,-5.968457,106.004582,35.6,0.1278
43,K-12,Jumat,2025-03-07 05:02:22,-5.967658,106.004231,28.2,0.1278
43,K-12,Jumat,2025-03-07 05:02:38,-5.966814,106.003848,26.3,0.1278
43,K-12,Jumat,2025-03-07 05:02:53,-5.965969,106.003464,29.2,0.1278
43,K-12,Jumat,2025-03-07 05:03:09,-5.964886,106.002783,29.1,0.1278
43,K-12,Jumat,2025-03-07 05:03:24,-5.963803,106.002102,33.1,0.1278
43,K-12,Jumat,2025-03-07 05:03:40,-5.962492,106.001184,28.5,0.1278
43,K-12,Jumat,2025-03-07 05:03:55,-5.961181,106.000267,28.9,0.1278
43,K-12,Jumat,2025-03-07 05:04:11,-5.959478,105.999981,29.5,0.1278
43,K-12,Jumat,2025-03-07 05:04:26,-5.957774,105.999696,31.0,0.1278
43,K-12,Jumat,2025-03-07 05:04:42,-5.956166,105.999547,35.9,0.1278
43,K-12,Jumat,2025-03-07 05:04:57,-5.954557,105.999397,32.3,0.1278
43,K-12,Jumat,2025-03-07 05:05:13,-5.952616,106.000428,33.9,0.1278
43,K-12,Jumat,2025-03-07 05:05:28,-5.950676,106.001458,32.7,0.1278
43,K-12,Jumat,2025-03-07 05:05:44,-5.949248,106.002139,33.7,0.1278
43,K-12,Jumat,2025-03-07 05:05:59,-5.94782,106.002819,30.8,0.1278
43,K-12,Jumat,2025-03-07 05:06:15,-5.947029,106.002724,34.4,0.1278
43,K-12,Jumat,2025-03-07 05:06:30,-5.946237,106.00263,26.5,0.1278
43,K-12,Jumat,2025-03-07 05:06:46,-5.945759,106.00257,33.7,0.1278
43,K-12,Jumat,2025-03-07 05:07:01,-5.94528,106.002511,33.0,0.1278
43,K-12,Jumat,2025-03-07 05:07:16,-5.944396,106.00276,29.8,0.1278
43,K-12,Jumat,2025-03-07 05:07:32,-5.943513,106.003009,24.2,0.1278
43,K-12,Jumat,2025-03-07 05:07:47,-5.942709,106.002673,29.2,0.1278
43,K-12,Jumat,2025-03-07 05:08:03,-5.941905,106.002337,25.7,0.1278
43,K-12,Jumat,2025-03-07 05:08:18,-5.941111,106.001881,34.8,0.1278
43,K-12,Jumat,2025-03-07 05:08:34,-5.940317,106.001426,31.7,0.1278
43,K-12,Jumat,2025-03-07 05:08:49,-5.939709,106.001327,30.5,0.1278
43,K-12,Jumat,2025-03-07 05:09:05,-5.9391,106.001228,27.9,0.1278
43,K-12,Jumat,2025-03-07 05:09:20,-5.937857,106.001695,29.9,0.1278
43,K-12,Jumat,2025-03-07 05:09:36,-5.936613,106.002163,27.1,0.1278
43,K-12,Jumat,2025-03-07 05:09:51,-5.93584,106.002003,34.4,0.1278
43,K-12,Jumat,2025-03-07 05:10:07,-5.935067,106.001842,24.7,0.1278
43,K-12,Jumat,2025-03-07 05:10:22,-5.935282,106.00157,25.3,0.1278
43,K-12,Jumat,2025-03-07 05:10:38,-5.935498,106.001298,26.1,0.1278
43,K-12,Jumat,2025-03-07 05:10:53,-5.935544,106.000902,26.7,0.1278
43,K-12,Jumat,2025-03-07 05:11:09,-5.93559,106.000507,27.2,0.1278
43,K-12,Jumat,2025-03-07 05:11:24,-5.935287,106.000125,34.2,0.1278
43,K-12,Jumat,2025-03-07 05:11:40,-5.934983,105.999744,25.3,0.1278
43,K-12,Jumat,2025-03-07 05:11:55,-5.934755,105.999501,33.0,0.1278
43,K-12,Jumat,2025-03-07 05:12:11,-5.934526,105.999257,27.2,0.1278
43,K-12,Jumat,2025-03-07 05:12:26,-5.933298,105.998408,28.4,0.1278
43,K-12,Jumat,2025-03-07 05:12:42,-5.932069,105.99756,0.0,0.1278
44,K-12,Jumat,2025-03-07 10:28:00,-5.932069,105.99756,15.0,0.1261
44,K-12,Jumat,2025-03-07 10:28:19,-5.933298,105.998408,26.2,0.1261
44,K-12,Jumat,2025-03-07 10:28:38,-5.934526,105.999257,25.3,0.1261
44,K-12,Jumat,2025-03-07 10:28:57,-5.934755,105.999501,24.9,0.1261
44,K-12,Jumat,2025-03-07 10:29:16,-5.934983,105.999744,25.8,0.1261
44,K-12,Jumat,2025-03-07 10:29:35,-5.935287,106.000125,24.5,0.1261
44,K-12,Jumat,2025-03-07 10:29:54,-5.93559,106.000507,29.8,0.1261
44,K-12,Jumat,2025-03-07 10:30:13,-5.935544,106.000902,21.4,0.1261
44,K-12,Jumat,2025-03-07 10:30:32,-5.935498,106.001298,21.9,0.1261
44,K-12,Jumat,2025-03-07 10:30:51,-5.935282,106.00157,24.1,0.1261
44,K-12,Jumat,2025-03-07 10:31:10,-5.935067,106.001842,27.3,0.1261
44,K-12,Jumat,2025-03-07 10:31:30,-5.93584,106.002003,23.4,0.1261
44,K-12,Jumat,2025-03-07 10:31:49,-5.936613,106.002163,18.9,0.1261
44,K-12,Jumat,2025-03-07 10:32:08,-5.937857,106.001695,25.4,0.1261
44,K-12,Jumat,2025-03-07 10:32:27,-5.9391,106.001228,23.6,0.1261
44,K-12,Jumat,2025-03-07 10:32:46,-5.939709,106.001327,29.5,0.1261
44,K-12,Jumat,2025-03-07 10:33:05,-5.940317,106.001426,28.4,0.1261
44,K-12,Jumat,2025-03-07 10:33:24,-5.941111,106.001881,25.7,0.1261
44,K-12,Jumat,2025-03-07 10:33:43,-5.941905,106.002337,29.1,0.1261
44,K-12,Jumat,2025-03-07 10:34:02,-5.942709,106.002673,23.1,0.1261
44,K-12,Jumat,2025-03-07 10:34:21,-5.943513,106.003009,25.3,0.1261
44,K-12,Jumat,2025-03-07 10:34:40,-5.944396,106.00276,22.9,0.1261
44,K-12,Jumat,2025-03-07 10:35:00,-5.94528,106.002511,28.9,0.1261
44,K-12,Jumat,2025-03-07 10:35:19,-5.945759,106.00257,18.9,0.1261
44,K-12,Jumat,2025-03-07 10:35:38,-5.946237,106.00263,22.1,0.1261
44,K-12,Jumat,2025-03-07 10:35:57,-5.947029,106.002724,21.8,0.1261
44,K-12,Jumat,2025-03-07 10:36:16,-5.94782,106.002819,25.8,0.1261
44,K-12,Jumat,2025-03-07 10:36:35,-5.949248,106.002139,26.5,0.1261
44,K-12,Jumat,2025-03-07 10:36:54,-5.950676,106.001458,25.3,0.1261
44,K-12,Jumat,2025-03-07 10:37:13,-5.952616,106.000428,22.7,0.1261
44,K-12,Jumat,2025-03-07 10:37:32,-5.954557,105.999397,28.7,0.1261
44,K-12,Jumat,2025-03-07 10:37:51,-5.956166,105.999547,27.4,0.1261
44,K-12,Jumat,2025-03-07 10:38:10,-5.957774,105.999696,29.3,0.1261
44,K-12,Jumat,2025-03-07 10:38:30,-5.959478,105.999981,27.0,0.1261
44,K-12,Jumat,2025-03-07 10:38:49,-5.961181,106.000267,24.3,0.1261
44,K-12,Jumat,2025-03-07 10:39:08,-5.962492,106.001184,23.4,0.1261
44,K-12,Jumat,2025-03-07 10:39:27,-5.963803,106.002102,20.0,0.1261
44,K-12,Jumat,2025-03-07 10:39:46,-5.964886,106.002783,28.3,0.1261
44,K-12,Jumat,2025-03-07 10:40:05,-5.965969,106.003464,19.5,0.1261
44,K-12,Jumat,2025-03-07 10:40:24,-5.966814,106.003848,20.8,0.1261
44,K-12,Jumat,2025-03-07 10:40:43,-5.967658,106.004231,21.0,0.1261
44,K-12,Jumat,2025-03-07 10:41:02,-5.968457,106.004582,26.9,0.1261
44,K-12,Jumat,2025-03-07 10:41:21,-5.969255,106.004933,27.0,0.1261
44,K-12,Jumat,2025-03-07 10:41:40,-5.970118,106.005387,20.5,0.1261
44,K-12,Jumat,2025-03-07 10:42:00,-5.97098,106.005842,22.8,0.1261
44,K-12,Jumat,2025-03-07 10:42:19,-5.971376,106.006035,19.1,0.1261
44,K-12,Jumat,2025-03-07 10:42:38,-5.971771,106.006228,29.2,0.1261
44,K-12,Jumat,2025-03-07 10:42:57,-5.97308,106.006949,23.7,0.1261
44,K-12,Jumat,2025-03-07 10:43:16,-5.974388,106.007671,18.6,0.1261
44,K-12,Jumat,2025-03-07 10:43:35,-5.975195,106.008176,27.3,0.1261
44,K-12,Jumat,2025-03-07 10:43:54,-5.976001,106.008682,24.3,0.1261
44,K-12,Jumat,2025-03-07 10:44:13,-5.976517,106.008462,30.0,0.1261
44,K-12,Jumat,2025-03-07 10:44:32,-5.977033,106.008242,19.2,0.1261
44,K-12,Jumat,2025-03-07 10:44:51,-5.977447,106.008246,25.4,0.1261
44,K-12,Jumat,2025-03-07 10:45:10,-5.977861,106.008249,19.0,0.1261
44,K-12,Jumat,2025-03-07 10:45:30,-5.979058,106.008464,29.2,0.1261
44,K-12,Jumat,2025-03-07 10:45:49,-5.980255,106.008678,22.7,0.1261
44,K-12,Jumat,2025-03-07 10:46:08,-5.981001,106.008845,20.8,0.1261
44,K-12,Jumat,2025-03-07 10:46:27,-5.981748,106.009012,26.9,0.1261
44,K-12,Jumat,2025-03-07 10:46:46,-5.982049,106.009352,23.3,0.1261
44,K-12,Jumat,2025-03-07 10:47:05,-5.98235,106.009692,19.5,0.1261
44,K-12,Jumat,2025-03-07 10:47:24,-5.982596,106.010437,24.3,0.1261
44,K-12,Jumat,2025-03-07 10:47:43,-5.982843,106.011183,20.0,0.1261
44,K-12,Jumat,2025-03-07 10:48:02,-5.98294,106.012154,18.4,0.1261
44,K-12,Jumat,2025-03-07 10:48:21,-5.983037,106.013125,22.3,0.1261
44,K-12,Jumat,2025-03-07 10:48:40,-5.983088,106.01394,29.0,0.1261
44,K-12,Jumat,2025-03-07 10:49:00,-5.983139,106.014755,28.4,0.1261
44,K-12,Jumat,2025-03-07 10:49:19,-5.983546,106.0156,23.6,0.1261
44,K-12,Jumat,2025-03-07 10:49:38,-5.983953,106.016445,28.5,0.1261
44,K-12,Jumat,2025-03-07 10:49:57,-5.984452,106.016956,29.2,0.1261
44,K-12,Jumat,2025-03-07 10:50:16,-5.984952,106.017468,24.6,0.1261
44,K-12,Jumat,2025-03-07 10:50:35,-5.985682,106.017923,19.6,0.1261
44,K-12,Jumat,2025-03-07 10:50:54,-5.986412,106.018379,29.4,0.1261
44,K-12,Jumat,2025-03-07 10:51:13,-5.986827,106.018991,24.5,0.1261
44,K-12,Jumat,2025-03-07 10:51:32,-5.987242,106.019603,25.1,0.1261
44,K-12,Jumat,2025-03-07 10:51:51,-5.987707,106.020783,23.5,0.1261
44,K-12,Jumat,2025-03-07 10:52:10,-5.988172,106.021964,27.0,0.1261
44,K-12,Jumat,2025-03-07 10:52:30,-5.988786,106.022945,28.5,0.1261
44,K-12,Jumat,2025-03-07 10:52:49,-5.9894,106.023927,23.2,0.1261
44,K-12,Jumat,2025-03-07 10:53:08,-5.990295,106.025858,25.7,0.1261
44,K-12,Jumat,2025-03-07 10:53:27,-5.991189,106.027789,24.4,0.1261
44,K-12,Jumat,2025-03-07 10:53:46,-5.992765,106.027873,28.9,0.1261
44,K-12,Jumat,2025-03-07 10:54:05,-5.994341,106.027958,23.8,0.1261
44,K-12,Jumat,2025-03-07 10:54:24,-5.995042,106.025236,20.7,0.1261
44,K-12,Jumat,2025-03-07 10:54:43,-5.995743,106.022514,19.1,0.1261
44,K-12,Jumat,2025-03-07 10:55:02,-5.999045,106.022499,21.7,0.1261
44,K-12,Jumat,2025-03-07 10:55:21,-6.002348,106.022484,22.9,0.1261
44,K-12,Jumat,2025-03-07 10:55:40,-6.002619,106.023636,19.9,0.1261
44,K-12,Jumat,2025-03-07 10:56:00,-6.00289,106.024787,0.0,0.1261
45,K-12,Jumat,2025-03-07 16:46:00,-5.932069,105.99756,15.0,0.1236
45,K-12,Jumat,2025-03-07 16:46:43,-5.933298,105.998408,10.8,0.1236
45,K-12,Jumat,2025-03-07 16:47:26,-5.934526,105.999257,12.7,0.1236
45,K-12,Jumat,2025-03-07 16:48:09,-5.934755,105.999501,10.3,0.1236
45,K-12,Jumat,2025-03-07 16:48:52,-5.934983,105.999744,13.5,0.1236
45,K-12,Jumat,2025-03-07 16:49:35,-5.935287,106.000125,8.0,0.1236
45,K-12,Jumat,2025-03-07 16:50:18,-5.93559,106.000507,13.6,0.1236
45,K-12,Jumat,2025-03-07 16:51:02,-5.935544,106.000902,14.0,0.1236
45,K-12,Jumat,2025-03-07 16:51:45,-5.935498,106.001298,11.6,0.1236
45,K-12,Jumat,2025-03-07 16:52:28,-5.935282,106.00157,14.0,0.1236
45,K-12,Jumat,2025-03-07 16:53:11,-5.935067,106.001842,11.0,0.1236
45,K-12,Jumat,2025-03-07 16:53:54,-5.93584,106.002003,6.7,0.1236
45,K-12,Jumat,2025-03-07 16:54:37,-5.936613,106.002163,15.0,0.1236
45,K-12,Jumat,2025-03-07 16:55:21,-5.937857,106.001695,9.6,0.1236
45,K-12,Jumat,2025-03-07 16:56:04,-5.9391,106.001228,7.4,0.1236
45,K-12,Jumat,2025-03-07 16:56:47,-5.939709,106.001327,13.0,0.1236
45,K-12,Jumat,2025-03-07 16:57:30,-5.940317,106.001426,12.2,0.1236
45,K-12,Jumat,2025-03-07 16:58:13,-5.941111,106.001881,14.3,0.1236
45,K-12,Jumat,2025-03-07 16:58:56,-5.941905,106.002337,7.0,0.1236
45,K-12,Jumat,2025-03-07 16:59:40,-5.942709,106.002673,5.4,0.1236
45,K-12,Jumat,2025-03-07 17:00:23,-5.943513,106.003009,11.9,0.1236
45,K-12,Jumat,2025-03-07 17:01:06,-5.944396,106.00276,10.6,0.1236
45,K-12,Jumat,2025-03-07 17:01:49,-5.94528,106.002511,14.0,0.1236
45,K-12,Jumat,2025-03-07 17:02:32,-5.945759,106.00257,11.8,0.1236
45,K-12,Jumat,2025-03-07 17:03:15,-5.946237,106.00263,12.7,0.1236
45,K-12,Jumat,2025-03-07 17:03:58,-5.947029,106.002724,7.7,0.1236
45,K-12,Jumat,2025-03-07 17:04:42,-5.94782,106.002819,12.2,0.1236
45,K-12,Jumat,2025-03-07 17:05:25,-5.949248,106.002139,10.8,0.1236
45,K-12,Jumat,2025-03-07 17:06:08,-5.950676,106.001458,7.6,0.1236
45,K-12,Jumat,2025-03-07 17:06:51,-5.952616,106.000428,6.7,0.1236
45,K-12,Jumat,2025-03-07 17:07:34,-5.954557,105.999397,5.2,0.1236
45,K-12,Jumat,2025-03-07 17:08:17,-5.956166,105.999547,6.0,0.1236
45,K-12,Jumat,2025-03-07 17:09:01,-5.957774,105.999696,5.7,0.1236
45,K-12,Jumat,2025-03-07 17:09:44,-5.959478,105.999981,9.9,0.1236
45,K-12,Jumat,2025-03-07 17:10:27,-5.961181,106.000267,9.8,0.1236
45,K-12,Jumat,2025-03-07 17:11:10,-5.962492,106.001184,12.8,0.1236
45,K-12,Jumat,2025-03-07 17:11:53,-5.963803,106.002102,10.3,0.1236
45,K-12,Jumat,2025-03-07 17:12:36,-5.964886,106.002783,8.2,0.1236
45,K-12,Jumat,2025-03-07 17:13:20,-5.965969,106.003464,6.2,0.1236
45,K-12,Jumat,2025-03-07 17:14:03,-5.966814,106.003848,16.0,0.1236
45,K-12,Jumat,2025-03-07 17:14:46,-5.967658,106.004231,5.0,0.1236
45,K-12,Jumat,2025-03-07 17:15:29,-5.968457,106.004582,16.1,0.1236
45,K-12,Jumat,2025-03-07 17:16:12,-5.969255,106.004933,7.8,0.1236
45,K-12,Jumat,2025-03-07 17:16:55,-5.970118,106.005387,5.9,0.1236
45,K-12,Jumat,2025-03-07 17:17:39,-5.97098,106.005842,9.7,0.1236
45,K-12,Jumat,2025-03-07 17:18:22,-5.971376,106.006035,5.0,0.1236
45,K-12,Jumat,2025-03-07 17:19:05,-5.971771,106.006228,5.5,0.1236
45,K-12,Jumat,2025-03-07 17:19:48,-5.97308,106.006949,5.0,0.1236
45,K-12,Jumat,2025-03-07 17:20:31,-5.974388,106.007671,7.0,0.1236
45,K-12,Jumat,2025-03-07 17:21:14,-5.975195,106.008176,9.4,0.1236
45,K-12,Jumat,2025-03-07 17:21:57,-5.976001,106.008682,13.8,0.1236
45,K-12,Jumat,2025-03-07 17:22:41,-5.976517,106.008462,10.4,0.1236
45,K-12,Jumat,2025-03-07 17:23:24,-5.977033,106.008242,8.9,0.1236
45,K-12,Jumat,2025-03-07 17:24:07,-5.977447,106.008246,12.8,0.1236
45,K-12,Jumat,2025-03-07 17:24:50,-5.977861,106.008249,5.0,0.1236
45,K-12,Jumat,2025-03-07 17:25:33,-5.979058,106.008464,5.4,0.1236
45,K-12,Jumat,2025-03-07 17:26:16,-5.980255,106.008678,13.4,0.1236
45,K-12,Jumat,2025-03-07 17:27:00,-5.981001,106.008845,6.2,0.1236
45,K-12,Jumat,2025-03-07 17:27:43,-5.981748,106.009012,7.6,0.1236
45,K-12,Jumat,2025-03-07 17:28:26,-5.982049,106.009352,9.1,0.1236
45,K-12,Jumat,2025-03-07 17:29:09,-5.98235,106.009692,10.9,0.1236
45,K-12,Jumat,2025-03-07 17:29:52,-5.982596,106.010437,6.6,0.1236
45,K-12,Jumat,2025-03-07 17:30:35,-5.982843,106.011183,15.1,0.1236
45,K-12,Jumat,2025-03-07 17:31:19,-5.98294,106.012154,7.4,0.1236
45,K-12,Jumat,2025-03-07 17:32:02,-5.983037,106.013125,9.0,0.1236
45,K-12,Jumat,2025-03-07 17:32:45,-5.983088,106.01394,5.0,0.1236
45,K-12,Jumat,2025-03-07 17:33:28,-5.983139,106.014755,16.1,0.1236
45,K-12,Jumat,2025-03-07 17:34:11,-5.983546,106.0156,13.0,0.1236
45,K-12,Jumat,2025-03-07 17:34:54,-5.983953,106.016445,9.0,0.1236
45,K-12,Jumat,2025-03-07 17:35:37,-5.984452,106.016956,16.1,0.1236
45,K-12,Jumat,2025-03-07 17:36:21,-5.984952,106.017468,7.4,0.1236
45,K-12,Jumat,2025-03-07 17:37:04,-5.985682,106.017923,16.3,0.1236
45,K-12,Jumat,2025-03-07 17:37:47,-5.986412,106.018379,6.8,0.1236
45,K-12,Jumat,2025-03-07 17:38:30,-5.986827,106.018991,13.2,0.1236
45,K-12,Jumat,2025-03-07 17:39:13,-5.987242,106.019603,5.5,0.1236
45,K-12,Jumat,2025-03-07 17:39:56,-5.987707,106.020783,12.4,0.1236
45,K-12,Jumat,2025-03-07 17:40:40,-5.988172,106.021964,6.9,0.1236
45,K-12,Jumat,2025-03-07 17:41:23,-5.988786,106.022945,9.1,0.1236
45,K-12,Jumat,2025-03-07 17:42:06,-5.9894,106.023927,15.9,0.1236
45,K-12,Jumat,2025-03-07 17:42:49,-5.990295,106.025858,15.6,0.1236
45,K-12,Jumat,2025-03-07 17:43:32,-5.991189,106.027789,6.3,0.1236
45,K-12,Jumat,2025-03-07 17:44:15,-5.992765,106.027873,13.1,0.1236
45,K-12,Jumat,2025-03-07 17:44:59,-5.994341,106.027958,13.3,0.1236
45,K-12,Jumat,2025-03-07 17:45:42,-5.995042,106.025236,11.0,0.1236
45,K-12,Jumat,2025-03-07 17:46:25,-5.995743,106.022514,5.9,0.1236
45,K-12,Jumat,2025-03-07 17:47:08,-5.999045,106.022499,10.2,0.1236
45,K-12,Jumat,2025-03-07 17:47:51,-6.002348,106.022484,8.0,0.1236
45,K-12,Jumat,2025-03-07 17:48:34,-6.002619,106.023636,8.7,0.1236
45,K-12,Jumat,2025-03-07 17:49:18,-6.00289,106.024787,0.0,0.1236
46,K-04,Sabtu,2025-03-08 04:46:00,-6.120401,106.184492,15.0,0.3309
46,K-04,Sabtu,2025-03-08 04:46:30,-6.120006,106.18302,40.8,0.3309
46,K-04,Sabtu,2025-03-08 04:47:00,-6.119611,106.181548,38.5,0.3309
46,K-04,Sabtu,2025-03-08 04:47:30,-6.11819,106.181962,36.7,0.3309
46,K-04,Sabtu,2025-03-08 04:48:01,-6.116769,106.182376,45.4,0.3309
46,K-04,Sabtu,2025-03-08 04:48:31,-6.11523,106.183165,40.8,0.3309
46,K-04,Sabtu,2025-03-08 04:49:01,-6.113691,106.183954,42.1,0.3309
46,K-04,Sabtu,2025-03-08 04:49:31,-6.112462,106.182965,42.1,0.3309
46,K-04,Sabtu,2025-03-08 04:50:02,-6.111233,106.181977,35.7,0.3309
46,K-04,Sabtu,2025-03-08 04:50:32,-6.107071,106.178041,43.0,0.3309
46,K-04,Sabtu,2025-03-08 04:51:02,-6.10291,106.174104,36.8,0.3309
46,K-04,Sabtu,2025-03-08 04:51:33,-6.101555,106.172775,39.8,0.3309
46,K-04,Sabtu,2025-03-08 04:52:03,-6.100201,106.171446,42.0,0.3309
46,K-04,Sabtu,2025-03-08 04:52:33,-6.099287,106.170243,37.9,0.3309
46,K-04,Sabtu,2025-03-08 04:53:03,-6.098373,106.169039,45.4,0.3309
46,K-04,Sabtu,2025-03-08 04:53:34,-6.097544,106.167923,42.9,0.3309
46,K-04,Sabtu,2025-03-08 04:54:04,-6.096714,106.166806,34.5,0.3309
46,K-04,Sabtu,2025-03-08 04:54:34,-6.095384,106.164179,38.1,0.3309
46,K-04,Sabtu,2025-03-08 04:55:05,-6.094054,106.161552,35.6,0.3309
46,K-04,Sabtu,2025-03-08 04:55:35,-6.090362,106.150789,40.2,0.3309
46,K-04,Sabtu,2025-03-08 04:56:05,-6.086671,106.140026,35.1,0.3309
46,K-04,Sabtu,2025-03-08 04:56:35,-6.086009,106.138655,39.7,0.3309
46,K-04,Sabtu,2025-03-08 04:57:06,-6.085348,106.137283,37.6,0.3309
46,K-04,Sabtu,2025-03-08 04:57:36,-6.084086,106.135965,40.5,0.3309
46,K-04,Sabtu,2025-03-08 04:58:06,-6.082823,106.134648,41.5,0.3309
46,K-04,Sabtu,2025-03-08 04:58:36,-6.071108,106.128433,38.0,0.3309
46,K-04,Sabtu,2025-03-08 04:59:07,-6.059393,106.122219,44.5,0.3309
46,K-04,Sabtu,2025-03-08 04:59:37,-6.055872,106.120039,42.6,0.3309
46,K-04,Sabtu,2025-03-08 05:00:07,-6.052352,106.11786,34.1,0.3309
46,K-04,Sabtu,2025-03-08 05:00:38,-6.050965,106.116649,38.3,0.3309
46,K-04,Sabtu,2025-03-08 05:01:08,-6.049578,106.115439,42.5,0.3309
46,K-04,Sabtu,2025-03-08 05:01:38,-6.046235,106.111776,36.8,0.3309
46,K-04,Sabtu,2025-03-08 05:02:08,-6.042891,106.108113,34.3,0.3309
46,K-04,Sabtu,2025-03-08 05:02:39,-6.041576,106.106827,42.3,0.3309
46,K-04,Sabtu,2025-03-08 05:03:09,-6.04026,106.10554,40.5,0.3309
46,K-04,Sabtu,2025-03-08 05:03:39,-6.037822,106.10378,40.3,0.3309
46,K-04,Sabtu,2025-03-08 05:04:10,-6.035384,106.102019,39.7,0.3309
46,K-04,Sabtu,2025-03-08 05:04:40,-6.031515,106.099596,40.6,0.3309
46,K-04,Sabtu,2025-03-08 05:05:10,-6.027647,106.097174,40.3,0.3309
46,K-04,Sabtu,2025-03-08 05:05:40,-6.025531,106.095443,37.7,0.3309
46,K-04,Sabtu,2025-03-08 05:06:11,-6.023414,106.093712,39.4,0.3309
46,K-04,Sabtu,2025-03-08 05:06:41,-6.022845,106.092225,44.2,0.3309
46,K-04,Sabtu,2025-03-08 05:07:11,-6.022276,106.090738,41.0,0.3309
46,K-04,Sabtu,2025-03-08 05:07:42,-6.02324,106.089192,44.1,0.3309
46,K-04,Sabtu,2025-03-08 05:08:12,-6.024204,106.087646,35.7,0.3309
46,K-04,Sabtu,2025-03-08 05:08:42,-6.02497,106.086703,40.2,0.3309
46,K-04,Sabtu,2025-03-08 05:09:12,-6.025735,106.085761,39.2,0.3309
46,K-04,Sabtu,2025-03-08 05:09:43,-6.028745,106.085247,43.6,0.3309
46,K-04,Sabtu,2025-03-08 05:10:13,-6.031754,106.084733,40.3,0.3309
46,K-04,Sabtu,2025-03-08 05:10:43,-6.032953,106.083847,39.2,0.3309
46,K-04,Sabtu,2025-03-08 05:11:13,-6.034152,106.082962,43.1,0.3309
46,K-04,Sabtu,2025-03-08 05:11:44,-6.033387,106.081626,39.9,0.3309
46,K-04,Sabtu,2025-03-08 05:12:14,-6.032623,106.080289,42.6,0.3309
46,K-04,Sabtu,2025-03-08 05:12:44,-6.031683,106.079026,44.4,0.3309
46,K-04,Sabtu,2025-03-08 05:13:15,-6.030743,106.077762,41.2,0.3309
46,K-04,Sabtu,2025-03-08 05:13:45,-6.027209,106.072342,38.2,0.3309
46,K-04,Sabtu,2025-03-08 05:14:15,-6.023674,106.066922,41.2,0.3309
46,K-04,Sabtu,2025-03-08 05:14:45,-6.022251,106.064022,37.6,0.3309
46,K-04,Sabtu,2025-03-08 05:15:16,-6.020827,106.061123,34.6,0.3309
46,K-04,Sabtu,2025-03-08 05:15:46,-6.018808,106.056438,45.4,0.3309
46,K-04,Sabtu,2025-03-08 05:16:16,-6.016789,106.051754,43.6,0.3309
46,K-04,Sabtu,2025-03-08 05:16:47,-6.016001,106.050271,36.1,0.3309
46,K-04,Sabtu,2025-03-08 05:17:17,-6.015214,106.048787,42.0,0.3309
46,K-04,Sabtu,2025-03-08 05:17:47,-6.013647,106.046452,43.0,0.3309
46,K-04,Sabtu,2025-03-08 05:18:17,-6.012079,106.044116,35.6,0.3309
46,K-04,Sabtu,2025-03-08 05:18:48,-6.011188,106.043044,37.2,0.3309
46,K-04,Sabtu,2025-03-08 05:19:18,-6.010297,106.041972,38.7,0.3309
46,K-04,Sabtu,2025-03-08 05:19:48,-6.008942,106.0413,37.7,0.3309
46,K-04,Sabtu,2025-03-08 05:20:18,-6.007588,106.040627,35.0,0.3309
46,K-04,Sabtu,2025-03-08 05:20:49,-6.001115,106.036017,41.7,0.3309
46,K-04,Sabtu,2025-03-08 05:21:19,-5.994642,106.031408,34.3,0.3309
46,K-04,Sabtu,2025-03-08 05:21:49,-5.994061,106.030219,45.1,0.3309
46,K-04,Sabtu,2025-03-08 05:22:20,-5.99348,106.02903,35.9,0.3309
46,K-04,Sabtu,2025-03-08 05:22:50,-5.994473,106.028137,34.2,0.3309
46,K-04,Sabtu,2025-03-08 05:23:20,-5.995467,106.027244,35.1,0.3309
46,K-04,Sabtu,2025-03-08 05:23:50,-5.995702,106.025915,36.1,0.3309
46,K-04,Sabtu,2025-03-08 05:24:21,-5.995937,106.024587,34.2,0.3309
46,K-04,Sabtu,2025-03-08 05:24:51,-5.99672,106.023599,41.5,0.3309
46,K-04,Sabtu,2025-03-08 05:25:21,-5.997503,106.022612,38.5,0.3309
46,K-04,Sabtu,2025-03-08 05:25:52,-5.999339,106.022582,39.7,0.3309
46,K-04,Sabtu,2025-03-08 05:26:22,-6.001174,106.022552,41.3,0.3309
46,K-04,Sabtu,2025-03-08 05:26:52,-6.001934,106.023665,40.9,0.3309
46,K-04,Sabtu,2025-03-08 05:27:22,-6.002694,106.024778,34.4,0.3309
46,K-04,Sabtu,2025-03-08 05:27:53,-6.002762,106.025294,36.4,0.3309
46,K-04,Sabtu,2025-03-08 05:28:23,-6.00283,106.02581,42.4,0.3309
46,K-04,Sabtu,2025-03-08 05:28:53,-6.00286,106.025299,34.0,0.3309
46,K-04,Sabtu,2025-03-08 05:29:24,-6.00289,106.024787,0.0,0.3309
47,K-04,Sabtu,2025-03-08 10:26:00,-6.00289,106.024787,15.0,0.3307
47,K-04,Sabtu,2025-03-08 10:26:40,-6.00286,106.025299,31.3,0.3307
47,K-04,Sabtu,2025-03-08 10:27:21,-6.00283,106.02581,27.9,0.3307
47,K-04,Sabtu,2025-03-08 10:28:02,-6.002762,106.025294,32.5,0.3307
47,K-04,Sabtu,2025-03-08 10:28:42,-6.002694,106.024778,34.3,0.3307
47,K-04,Sabtu,2025-03-08 10:29:23,-6.001934,106.023665,33.5,0.3307
47,K-04,Sabtu,2025-03-08 10:30:04,-6.001174,106.022552,33.1,0.3307
47,K-04,Sabtu,2025-03-08 10:30:45,-5.999339,106.022582,24.3,0.3307
47,K-04,Sabtu,2025-03-08 10:31:25,-5.997503,106.022612,31.0,0.3307
47,K-04,Sabtu,2025-03-08 10:32:06,-5.99672,106.023599,29.9,0.3307
47,K-04,Sabtu,2025-03-08 10:32:47,-5.995937,106.024587,32.4,0.3307
47,K-04,Sabtu,2025-03-08 10:33:28,-5.995702,106.025915,33.6,0.3307
47,K-04,Sabtu,2025-03-08 10:34:08,-5.995467,106.027244,24.5,0.3307
47,K-04,Sabtu,2025-03-08 10:34:49,-5.994473,106.028137,26.2,0.3307
47,K-04,Sabtu,2025-03-08 10:35:30,-5.99348,106.02903,29.8,0.3307
47,K-04,Sabtu,2025-03-08 10:36:11,-5.994061,106.030219,24.8,0.3307
47,K-04,Sabtu,2025-03-08 10:36:51,-5.994642,106.031408,26.4,0.3307
47,K-04,Sabtu,2025-03-08 10:37:32,-6.001115,106.036017,28.2,0.3307
47,K-04,Sabtu,2025-03-08 10:38:13,-6.007588,106.040627,25.9,0.3307
47,K-04,Sabtu,2025-03-08 10:38:54,-6.008942,106.0413,31.5,0.3307
47,K-04,Sabtu,2025-03-08 10:39:34,-6.010297,106.041972,30.4,0.3307
47,K-04,Sabtu,2025-03-08 10:40:15,-6.011188,106.043044,35.0,0.3307
47,K-04,Sabtu,2025-03-08 10:40:56,-6.012079,106.044116,30.3,0.3307
47,K-04,Sabtu,2025-03-08 10:41:37,-6.013647,106.046452,30.3,0.3307
47,K-04,Sabtu,2025-03-08 10:42:17,-6.015214,106.048787,32.6,0.3307
47,K-04,Sabtu,2025-03-08 10:42:58,-6.016001,106.050271,32.8,0.3307
47,K-04,Sabtu,2025-03-08 10:43:39,-6.016789,106.051754,30.5,0.3307
47,K-04,Sabtu,2025-03-08 10:44:20,-6.018808,106.056438,31.7,0.3307
47,K-04,Sabtu,2025-03-08 10:45:00,-6.020827,106.061123,32.0,0.3307
47,K-04,Sabtu,2025-03-08 10:45:41,-6.022251,106.064022,28.7,0.3307
47,K-04,Sabtu,2025-03-08 10:46:22,-6.023674,106.066922,24.8,0.3307
47,K-04,Sabtu,2025-03-08 10:47:03,-6.027209,106.072342,33.1,0.3307
47,K-04,Sabtu,2025-03-08 10:47:43,-6.030743,106.077762,30.2,0.3307
47,K-04,Sabtu,2025-03-08 10:48:24,-6.031683,106.079026,29.7,0.3307
47,K-04,Sabtu,2025-03-08 10:49:05,-6.032623,106.080289,31.5,0.3307
47,K-04,Sabtu,2025-03-08 10:49:46,-6.033387,106.081626,30.0,0.3307
47,K-04,Sabtu,2025-03-08 10:50:26,-6.034152,106.082962,30.8,0.3307
47,K-04,Sabtu,2025-03-08 10:51:07,-6.032953,106.083847,34.8,0.3307
47,K-04,Sabtu,2025-03-08 10:51:48,-6.031754,106.084733,34.4,0.3307
47,K-04,Sabtu,2025-03-08 10:52:29,-6.028745,106.085247,30.2,0.3307
47,K-04,Sabtu,2025-03-08 10:53:09,-6.025735,106.085761,35.6,0.3307
47,K-04,Sabtu,2025-03-08 10:53:50,-6.02497,106.086703,33.7,0.3307
47,K-04,Sabtu,2025-03-08 10:54:31,-6.024204,106.087646,28.5,0.3307
47,K-04,Sabtu,2025-03-08 10:55:12,-6.02324,106.089192,31.2,0.3307
47,K-04,Sabtu,2025-03-08 10:55:52,-6.022276,106.090738,33.5,0.3307
47,K-04,Sabtu,2025-03-08 10:56:33,-6.022845,106.092225,27.5,0.3307
47,K-04,Sabtu,2025-03-08 10:57:14,-6.023414,106.093712,26.5,0.3307
47,K-04,Sabtu,2025-03-08 10:57:54,-6.025531,106.095443,30.1,0.3307
47,K-04,Sabtu,2025-03-08 10:58:35,-6.027647,106.097174,28.1,0.3307
47,K-04,Sabtu,2025-03-08 10:59:16,-6.031515,106.099596,30.2,0.3307
47,K-04,Sabtu,2025-03-08 10:59:57,-6.035384,106.102019,32.5,0.3307
47,K-04,Sabtu,2025-03-08 11:00:37,-6.037822,106.10378,27.9,0.3307
47,K-04,Sabtu,2025-03-08 11:01:18,-6.04026,106.10554,29.0,0.3307
47,K-04,Sabtu,2025-03-08 11:01:59,-6.041576,106.106827,35.1,0.3307
47,K-04,Sabtu,2025-03-08 11:02:40,-6.042891,106.108113,23.6,0.3307
47,K-04,Sabtu,2025-03-08 11:03:20,-6.046235,106.111776,24.0,0.3307
47,K-04,Sabtu,2025-03-08 11:04:01,-6.049578,106.115439,27.0,0.3307
47,K-04,Sabtu,2025-03-08 11:04:42,-6.050965,106.116649,23.8,0.3307
47,K-04,Sabtu,2025-03-08 11:05:23,-6.052352,106.11786,25.2,0.3307
47,K-04,Sabtu,2025-03-08 11:06:03,-6.055872,106.120039,34.3,0.3307
47,K-04,Sabtu,2025-03-08 11:06:44,-6.059393,106.122219,23.7,0.3307
47,K-04,Sabtu,2025-03-08 11:07:25,-6.071108,106.128433,35.4,0.3307
47,K-04,Sabtu,2025-03-08 11:08:06,-6.082823,106.134648,26.2,0.3307
47,K-04,Sabtu,2025-03-08 11:08:46,-6.084086,106.135965,27.4,0.3307
47,K-04,Sabtu,2025-03-08 11:09:27,-6.085348,106.137283,32.9,0.3307
47,K-04,Sabtu,2025-03-08 11:10:08,-6.086009,106.138655,34.9,0.3307
47,K-04,Sabtu,2025-03-08 11:10:49,-6.086671,106.140026,33.5,0.3307
47,K-04,Sabtu,2025-03-08 11:11:29,-6.090362,106.150789,34.6,0.3307
47,K-04,Sabtu,2025-03-08 11:12:10,-6.094054,106.161552,29.7,0.3307
47,K-04,Sabtu,2025-03-08 11:12:51,-6.095384,106.164179,30.4,0.3307
47,K-04,Sabtu,2025-03-08 11:13:32,-6.096714,106.166806,30.5,0.3307
47,K-04,Sabtu,2025-03-08 11:14:12,-6.097544,106.167923,24.7,0.3307
47,K-04,Sabtu,2025-03-08 11:14:53,-6.098373,106.169039,29.1,0.3307
47,K-04,Sabtu,2025-03-08 11:15:34,-6.099287,106.170243,25.5,0.3307
47,K-04,Sabtu,2025-03-08 11:16:15,-6.100201,106.171446,26.8,0.3307
47,K-04,Sabtu,2025-03-08 11:16:55,-6.101555,106.172775,34.3,0.3307
47,K-04,Sabtu,2025-03-08 11:17:36,-6.10291,106.174104,26.6,0.3307
47,K-04,Sabtu,2025-03-08 11:18:17,-6.107071,106.178041,26.7,0.3307
47,K-04,Sabtu,2025-03-08 11:18:58,-6.111233,106.181977,27.2,0.3307
47,K-04,Sabtu,2025-03-08 11:19:38,-6.112462,106.182965,30.4,0.3307
47,K-04,Sabtu,2025-03-08 11:20:19,-6.113691,106.183954,30.4,0.3307
47,K-04,Sabtu,2025-03-08 11:21:00,-6.11523,106.183165,26.2,0.3307
47,K-04,Sabtu,2025-03-08 11:21:41,-6.116769,106.182376,24.5,0.3307
47,K-04,Sabtu,2025-03-08 11:22:21,-6.11819,106.181962,27.5,0.3307
47,K-04,Sabtu,2025-03-08 11:23:02,-6.119611,106.181548,29.4,0.3307
47,K-04,Sabtu,2025-03-08 11:23:43,-6.120006,106.18302,29.5,0.3307
47,K-04,Sabtu,2025-03-08 11:24:24,-6.120401,106.184492,0.0,0.3307
48,K-04,Sabtu,2025-03-08 16:31:00,-6.120401,106.184492,15.0,0.3306
48,K-04,Sabtu,2025-03-08 16:32:19,-6.120006,106.18302,9.6,0.3306
48,K-04,Sabtu,2025-03-08 16:33:38,-6.119611,106.181548,18.9,0.3306
48,K-04,Sabtu,2025-03-08 16:34:57,-6.11819,106.181962,13.8,0.3306
48,K-04,Sabtu,2025-03-08 16:36:17,-6.116769,106.182376,18.6,0.3306
48,K-04,Sabtu,2025-03-08 16:37:36,-6.11523,106.183165,20.3,0.3306
48,K-04,Sabtu,2025-03-08 16:38:55,-6.113691,106.183954,13.2,0.3306
48,K-04,Sabtu,2025-03-08 16:40:14,-6.112462,106.182965,19.8,0.3306
48,K-04,Sabtu,2025-03-08 16:41:34,-6.111233,106.181977,14.4,0.3306
48,K-04,Sabtu,2025-03-08 16:42:53,-6.107071,106.178041,20.4,0.3306
48,K-04,Sabtu,2025-03-08 16:44:12,-6.10291,106.174104,10.6,0.3306
48,K-04,Sabtu,2025-03-08 16:45:31,-6.101555,106.172775,18.4,0.3306
48,K-04,Sabtu,2025-03-08 16:46:51,-6.100201,106.171446,18.2,0.3306
48,K-04,Sabtu,2025-03-08 16:48:10,-6.099287,106.170243,19.4,0.3306
48,K-04,Sabtu,2025-03-08 16:49:29,-6.098373,106.169039,20.3,0.3306
48,K-04,Sabtu,2025-03-08 16:50:48,-6.097544,106.167923,16.8,0.3306
48,K-04,Sabtu,2025-03-08 16:52:08,-6.096714,106.166806,16.8,0.3306
48,K-04,Sabtu,2025-03-08 16:53:27,-6.095384,106.164179,9.8,0.3306
48,K-04,Sabtu,2025-03-08 16:54:46,-6.094054,106.161552,15.5,0.3306
48,K-04,Sabtu,2025-03-08 16:56:05,-6.090362,106.150789,13.0,0.3306
48,K-04,Sabtu,2025-03-08 16:57:25,-6.086671,106.140026,16.0,0.3306
48,K-04,Sabtu,2025-03-08 16:58:44,-6.086009,106.138655,13.1,0.3306
48,K-04,Sabtu,2025-03-08 17:00:03,-6.085348,106.137283,17.6,0.3306
48,K-04,Sabtu,2025-03-08 17:01:22,-6.084086,106.135965,11.0,0.3306
48,K-04,Sabtu,2025-03-08 17:02:42,-6.082823,106.134648,17.3,0.3306
48,K-04,Sabtu,2025-03-08 17:04:01,-6.071108,106.128433,21.2,0.3306
48,K-04,Sabtu,2025-03-08 17:05:20,-6.059393,106.122219,20.9,0.3306
48,K-04,Sabtu,2025-03-08 17:06:39,-6.055872,106.120039,18.2,0.3306
48,K-04,Sabtu,2025-03-08 17:07:59,-6.052352,106.11786,16.1,0.3306
48,K-04,Sabtu,2025-03-08 17:09:18,-6.050965,106.116649,10.3,0.3306
48,K-04,Sabtu,2025-03-08 17:10:37,-6.049578,106.115439,14.4,0.3306
48,K-04,Sabtu,2025-03-08 17:11:56,-6.046235,106.111776,18.6,0.3306
48,K-04,Sabtu,2025-03-08 17:13:16,-6.042891,106.108113,11.0,0.3306
48,K-04,Sabtu,2025-03-08 17:14:35,-6.041576,106.106827,13.2,0.3306
48,K-04,Sabtu,2025-03-08 17:15:54,-6.04026,106.10554,14.9,0.3306
48,K-04,Sabtu,2025-03-08 17:17:13,-6.037822,106.10378,18.1,0.3306
48,K-04,Sabtu,2025-03-08 17:18:33,-6.035384,106.102019,15.8,0.3306
48,K-04,Sabtu,2025-03-08 17:19:52,-6.031515,106.099596,12.4,0.3306
48,K-04,Sabtu,2025-03-08 17:21:11,-6.027647,106.097174,14.0,0.3306
48,K-04,Sabtu,2025-03-08 17:22:30,-6.025531,106.095443,14.4,0.3306
48,K-04,Sabtu,2025-03-08 17:23:50,-6.023414,106.093712,17.6,0.3306
48,K-04,Sabtu,2025-03-08 17:25:09,-6.022845,106.092225,18.3,0.3306
48,K-04,Sabtu,2025-03-08 17:26:28,-6.022276,106.090738,15.0,0.3306
48,K-04,Sabtu,2025-03-08 17:27:48,-6.02324,106.089192,11.6,0.3306
48,K-04,Sabtu,2025-03-08 17:29:07,-6.024204,106.087646,13.9,0.3306
48,K-04,Sabtu,2025-03-08 17:30:26,-6.02497,106.086703,16.1,0.3306
48,K-04,Sabtu,2025-03-08 17:31:45,-6.025735,106.085761,15.9,0.3306
48,K-04,Sabtu,2025-03-08 17:33:05,-6.028745,106.085247,21.2,0.3306
48,K-04,Sabtu,2025-03-08 17:34:24,-6.031754,106.084733,15.5,0.3306
48,K-04,Sabtu,2025-03-08 17:35:43,-6.032953,106.083847,12.1,0.3306
48,K-04,Sabtu,2025-03-08 17:37:02,-6.034152,106.082962,12.4,0.3306
48,K-04,Sabtu,2025-03-08 17:38:22,-6.033387,106.081626,14.4,0.3306
48,K-04,Sabtu,2025-03-08 17:39:41,-6.032623,106.080289,17.4,0.3306
48,K-04,Sabtu,2025-03-08 17:41:00,-6.031683,106.079026,16.1,0.3306
48,K-04,Sabtu,2025-03-08 17:42:19,-6.030743,106.077762,10.6,0.3306
48,K-04,Sabtu,2025-03-08 17:43:39,-6.027209,106.072342,14.2,0.3306
48,K-04,Sabtu,2025-03-08 17:44:58,-6.023674,106.066922,13.6,0.3306
48,K-04,Sabtu,2025-03-08 17:46:17,-6.022251,106.064022,11.5,0.3306
48,K-04,Sabtu,2025-03-08 17:47:36,-6.020827,106.061123,13.3,0.3306
48,K-04,Sabtu,2025-03-08 17:48:56,-6.018808,106.056438,17.1,0.3306
48,K-04,Sabtu,2025-03-08 17:50:15,-6.016789,106.051754,18.4,0.3306
48,K-04,Sabtu,2025-03-08 17:51:34,-6.016001,106.050271,11.2,0.3306
48,K-04,Sabtu,2025-03-08 17:52:53,-6.015214,106.048787,13.4,0.3306
48,K-04,Sabtu,2025-03-08 17:54:13,-6.013647,106.046452,19.1,0.3306
48,K-04,Sabtu,2025-03-08 17:55:32,-6.012079,106.044116,18.8,0.3306
48,K-04,Sabtu,2025-03-08 17:56:51,-6.011188,106.043044,16.7,0.3306
48,K-04,Sabtu,2025-03-08 17:58:10,-6.010297,106.041972,14.5,0.3306
48,K-04,Sabtu,2025-03-08 17:59:30,-6.008942,106.0413,20.3,0.3306
48,K-04,Sabtu,2025-03-08 18:00:49,-6.007588,106.040627,12.0,0.3306
48,K-04,Sabtu,2025-03-08 18:02:08,-6.001115,106.036017,17.4,0.3306
48,K-04,Sabtu,2025-03-08 18:03:27,-5.994642,106.031408,11.1,0.3306
48,K-04,Sabtu,2025-03-08 18:04:47,-5.994061,106.030219,17.9,0.3306
48,K-04,Sabtu,2025-03-08 18:06:06,-5.99348,106.02903,10.2,0.3306
48,K-04,Sabtu,2025-03-08 18:07:25,-5.994473,106.028137,18.1,0.3306
48,K-04,Sabtu,2025-03-08 18:08:44,-5.995467,106.027244,12.1,0.3306
48,K-04,Sabtu,2025-03-08 18:10:04,-5.995702,106.025915,16.7,0.3306
48,K-04,Sabtu,2025-03-08 18:11:23,-5.995937,106.024587,11.0,0.3306
48,K-04,Sabtu,2025-03-08 18:12:42,-5.99672,106.023599,19.2,0.3306
48,K-04,Sabtu,2025-03-08 18:14:01,-5.997503,106.022612,12.7,0.3306
48,K-04,Sabtu,2025-03-08 18:15:21,-5.999339,106.022582,13.3,0.3306
48,K-04,Sabtu,2025-03-08 18:16:40,-6.001174,106.022552,18.9,0.3306
48,K-04,Sabtu,2025-03-08 18:17:59,-6.001934,106.023665,12.9,0.3306
48,K-04,Sabtu,2025-03-08 18:19:18,-6.002694,106.024778,14.9,0.3306
48,K-04,Sabtu,2025-03-08 18:20:38,-6.002762,106.025294,13.2,0.3306
48,K-04,Sabtu,2025-03-08 18:21:57,-6.00283,106.02581,18.1,0.3306
48,K-04,Sabtu,2025-03-08 18:23:16,-6.00286,106.025299,11.7,0.3306
48,K-04,Sabtu,2025-03-08 18:24:36,-6.00289,106.024787,0.0,0.3306
49,K-07,Sabtu,2025-03-08 04:53:00,-6.120401,106.184492,15.0,0.3555
49,K-07,Sabtu,2025-03-08 04:53:34,-6.120449,106.182988,42.9,0.3555
49,K-07,Sabtu,2025-03-08 04:54:08,-6.120497,106.181485,38.3,0.3555
49,K-07,Sabtu,2025-03-08 04:54:42,-6.119015,106.181689,35.1,0.3555
49,K-07,Sabtu,2025-03-08 04:55:16,-6.117534,106.181893,32.7,0.3555
49,K-07,Sabtu,2025-03-08 04:55:50,-6.116447,106.18275,34.4,0.3555
49,K-07,Sabtu,2025-03-08 04:56:24,-6.115361,106.183607,40.4,0.3555
49,K-07,Sabtu,2025-03-08 04:56:58,-6.114493,106.183838,35.3,0.3555
49,K-07,Sabtu,2025-03-08 04:57:32,-6.113625,106.184069,37.6,0.3555
49,K-07,Sabtu,2025-03-08 04:58:06,-6.109409,106.180187,43.3,0.3555
49,K-07,Sabtu,2025-03-08 04:58:40,-6.105193,106.176306,32.8,0.3555
49,K-07,Sabtu,2025-03-08 04:59:14,-6.100575,106.170921,39.9,0.3555
49,K-07,Sabtu,2025-03-08 04:59:48,-6.095958,106.165536,40.0,0.3555
49,K-07,Sabtu,2025-03-08 05:00:22,-6.093378,106.158769,43.0,0.3555
49,K-07,Sabtu,2025-03-08 05:00:56,-6.090798,106.152001,36.3,0.3555
49,K-07,Sabtu,2025-03-08 05:01:30,-6.088704,106.145865,33.3,0.3555
49,K-07,Sabtu,2025-03-08 05:02:04,-6.08661,106.139728,35.5,0.3555
49,K-07,Sabtu,2025-03-08 05:02:38,-6.081891,106.135638,42.6,0.3555
49,K-07,Sabtu,2025-03-08 05:03:12,-6.077171,106.131547,36.6,0.3555
49,K-07,Sabtu,2025-03-08 05:03:46,-6.067851,106.126623,43.8,0.3555
49,K-07,Sabtu,2025-03-08 05:04:20,-6.058531,106.1217,38.1,0.3555
49,K-07,Sabtu,2025-03-08 05:04:54,-6.054898,106.119329,40.5,0.3555
49,K-07,Sabtu,2025-03-08 05:05:28,-6.051265,106.116959,42.8,0.3555
49,K-07,Sabtu,2025-03-08 05:06:02,-6.047156,106.112505,37.8,0.3555
49,K-07,Sabtu,2025-03-08 05:06:36,-6.043048,106.108051,39.2,0.3555
49,K-07,Sabtu,2025-03-08 05:07:10,-6.039813,106.105373,33.1,0.3555
49,K-07,Sabtu,2025-03-08 05:07:44,-6.036578,106.102696,34.4,0.3555
49,K-07,Sabtu,2025-03-08 05:08:18,-6.030036,106.098298,43.6,0.3555
49,K-07,Sabtu,2025-03-08 05:08:52,-6.023493,106.093901,38.7,0.3555
49,K-07,Sabtu,2025-03-08 05:09:26,-6.022763,106.093069,40.5,0.3555
49,K-07,Sabtu,2025-03-08 05:10:00,-6.022034,106.092237,32.5,0.3555
49,K-07,Sabtu,2025-03-08 05:10:34,-6.022133,106.091267,43.1,0.3555
49,K-07,Sabtu,2025-03-08 05:11:08,-6.022233,106.090297,35.7,0.3555
49,K-07,Sabtu,2025-03-08 05:11:42,-6.023358,106.088664,37.9,0.3555
49,K-07,Sabtu,2025-03-08 05:12:16,-6.024483,106.087031,40.9,0.3555
49,K-07,Sabtu,2025-03-08 05:12:50,-6.025137,106.086275,32.2,0.3555
49,K-07,Sabtu,2025-03-08 05:13:24,-6.025791,106.085519,40.2,0.3555
49,K-07,Sabtu,2025-03-08 05:13:58,-6.028265,106.085363,36.3,0.3555
49,K-07,Sabtu,2025-03-08 05:14:32,-6.03074,106.085206,35.6,0.3555
49,K-07,Sabtu,2025-03-08 05:15:06,-6.031801,106.08464,44.0,0.3555
49,K-07,Sabtu,2025-03-08 05:15:40,-6.032862,106.084073,43.7,0.3555
49,K-07,Sabtu,2025-03-08 05:16:14,-6.033632,106.083619,35.3,0.3555
49,K-07,Sabtu,2025-03-08 05:16:48,-6.034402,106.083165,32.7,0.3555
49,K-07,Sabtu,2025-03-08 05:17:22,-6.033392,106.081554,35.1,0.3555
49,K-07,Sabtu,2025-03-08 05:17:56,-6.032382,106.079943,36.6,0.3555
49,K-07,Sabtu,2025-03-08 05:18:30,-6.030944,106.077923,44.0,0.3555
49,K-07,Sabtu,2025-03-08 05:19:04,-6.029506,106.075904,43.9,0.3555
49,K-07,Sabtu,2025-03-08 05:19:38,-6.027943,106.073596,43.3,0.3555
49,K-07,Sabtu,2025-03-08 05:20:12,-6.02638,106.071289,43.4,0.3555
49,K-07,Sabtu,2025-03-08 05:20:46,-6.024512,106.068114,34.7,0.3555
49,K-07,Sabtu,2025-03-08 05:21:20,-6.022644,106.064939,36.1,0.3555
49,K-07,Sabtu,2025-03-08 05:21:54,-6.020935,106.060982,36.7,0.3555
49,K-07,Sabtu,2025-03-08 05:22:28,-6.019226,106.057025,33.6,0.3555
49,K-07,Sabtu,2025-03-08 05:23:02,-6.017736,106.053745,40.8,0.3555
49,K-07,Sabtu,2025-03-08 05:23:36,-6.016247,106.050465,38.2,0.3555
49,K-07,Sabtu,2025-03-08 05:24:10,-6.014927,106.048385,40.1,0.3555
49,K-07,Sabtu,2025-03-08 05:24:44,-6.013608,106.046306,42.5,0.3555
49,K-07,Sabtu,2025-03-08 05:25:18,-6.013208,106.045749,40.2,0.3555
49,K-07,Sabtu,2025-03-08 05:25:52,-6.012807,106.045191,37.0,0.3555
49,K-07,Sabtu,2025-03-08 05:26:26,-6.012175,106.043406,38.9,0.3555
49,K-07,Sabtu,2025-03-08 05:27:00,-6.011543,106.041621,37.1,0.3555
49,K-07,Sabtu,2025-03-08 05:27:34,-6.01086,106.037239,35.7,0.3555
49,K-07,Sabtu,2025-03-08 05:28:08,-6.010176,106.032856,39.3,0.3555
49,K-07,Sabtu,2025-03-08 05:28:42,-6.009626,106.028951,37.4,0.3555
49,K-07,Sabtu,2025-03-08 05:29:16,-6.009075,106.025045,33.6,0.3555
49,K-07,Sabtu,2025-03-08 05:29:50,-6.009984,106.021793,39.8,0.3555
49,K-07,Sabtu,2025-03-08 05:30:24,-6.010892,106.01854,39.0,0.3555
49,K-07,Sabtu,2025-03-08 05:30:58,-6.011474,106.0155,40.2,0.3555
49,K-07,Sabtu,2025-03-08 05:31:32,-6.012056,106.01246,34.4,0.3555
49,K-07,Sabtu,2025-03-08 05:32:06,-6.012134,106.009563,33.7,0.3555
49,K-07,Sabtu,2025-03-08 05:32:40,-6.012211,106.006667,40.3,0.3555
49,K-07,Sabtu,2025-03-08 05:33:14,-6.01184,106.003198,42.8,0.3555
49,K-07,Sabtu,2025-03-08 05:33:48,-6.01147,105.99973,42.9,0.3555
49,K-07,Sabtu,2025-03-08 05:34:22,-6.010867,105.996921,37.2,0.3555
49,K-07,Sabtu,2025-03-08 05:34:56,-6.010265,105.994113,42.9,0.3555
49,K-07,Sabtu,2025-03-08 05:35:30,-6.011052,105.988977,41.2,0.3555
49,K-07,Sabtu,2025-03-08 05:36:04,-6.01184,105.983841,39.9,0.3555
49,K-07,Sabtu,2025-03-08 05:36:38,-6.013607,105.980132,38.8,0.3555
49,K-07,Sabtu,2025-03-08 05:37:12,-6.015375,105.976423,33.9,0.3555
49,K-07,Sabtu,2025-03-08 05:37:46,-6.016651,105.973485,32.8,0.3555
49,K-07,Sabtu,2025-03-08 05:38:20,-6.017927,105.970547,38.4,0.3555
49,K-07,Sabtu,2025-03-08 05:38:54,-6.018326,105.969919,40.6,0.3555
49,K-07,Sabtu,2025-03-08 05:39:28,-6.018725,105.969291,34.2,0.3555
49,K-07,Sabtu,2025-03-08 05:40:02,-6.02085,105.967025,42.1,0.3555
49,K-07,Sabtu,2025-03-08 05:40:36,-6.022975,105.964758,33.7,0.3555
49,K-07,Sabtu,2025-03-08 05:41:10,-6.023462,105.963127,32.4,0.3555
49,K-07,Sabtu,2025-03-08 05:41:44,-6.023949,105.961495,35.8,0.3555
49,K-07,Sabtu,2025-03-08 05:42:18,-6.023233,105.958851,43.7,0.3555
49,K-07,Sabtu,2025-03-08 05:42:52,-6.022516,105.956207,43.5,0.3555
49,K-07,Sabtu,2025-03-08 05:43:26,-6.02342,105.953825,35.6,0.3555
49,K-07,Sabtu,2025-03-08 05:44:00,-6.024323,105.951444,40.9,0.3555
49,K-07,Sabtu,2025-03-08 05:44:34,-6.025311,105.950308,41.9,0.3555
49,K-07,Sabtu,2025-03-08 05:45:08,-6.0263,105.949172,39.6,0.3555
49,K-07,Sabtu,2025-03-08 05:45:42,-6.028849,105.945886,40.9,0.3555
49,K-07,Sabtu,2025-03-08 05:46:16,-6.031397,105.9426,33.8,0.3555
49,K-07,Sabtu,2025-03-08 05:46:50,-6.033191,105.939526,34.3,0.3555
49,K-07,Sabtu,2025-03-08 05:47:24,-6.034985,105.936452,33.6,0.3555
49,K-07,Sabtu,2025-03-08 05:47:58,-6.036134,105.933928,32.3,0.3555
49,K-07,Sabtu,2025-03-08 05:48:32,-6.037284,105.931403,43.8,0.3555
49,K-07,Sabtu,2025-03-08 05:49:06,-6.038605,105.929077,39.4,0.3555
49,K-07,Sabtu,2025-03-08 05:49:40,-6.039927,105.92675,39.3,0.3555
49,K-07,Sabtu,2025-03-08 05:50:14,-6.040842,105.926202,39.3,0.3555
49,K-07,Sabtu,2025-03-08 05:50:48,-6.041757,105.925654,39.2,0.3555
49,K-07,Sabtu,2025-03-08 05:51:22,-6.043299,105.925629,34.8,0.3555
49,K-07,Sabtu,2025-03-08 05:51:56,-6.044842,105.925605,32.3,0.3555
49,K-07,Sabtu,2025-03-08 05:52:30,-6.04665,105.925298,33.0,0.3555
49,K-07,Sabtu,2025-03-08 05:53:04,-6.048458,105.924992,41.4,0.3555
49,K-07,Sabtu,2025-03-08 05:53:38,-6.050837,105.923865,33.6,0.3555
49,K-07,Sabtu,2025-03-08 05:54:12,-6.053216,105.922737,0.0,0.3555
50,K-07,Sabtu,2025-03-08 10:22:00,-6.053216,105.922737,15.0,0.3563
50,K-07,Sabtu,2025-03-08 10:22:44,-6.050837,105.923865,29.1,0.3563
50,K-07,Sabtu,2025-03-08 10:23:28,-6.048458,105.924992,25.4,0.3563
50,K-07,Sabtu,2025-03-08 10:24:12,-6.04665,105.925298,26.1,0.3563
50,K-07,Sabtu,2025-03-08 10:24:56,-6.044842,105.925605,28.3,0.3563
50,K-07,Sabtu,2025-03-08 10:25:40,-6.043299,105.925629,35.0,0.3563
50,K-07,Sabtu,2025-03-08 10:26:24,-6.041757,105.925654,34.5,0.3563
50,K-07,Sabtu,2025-03-08 10:27:08,-6.040842,105.926202,34.8,0.3563
50,K-07,Sabtu,2025-03-08 10:27:52,-6.039927,105.92675,26.1,0.3563
50,K-07,Sabtu,2025-03-08 10:28:36,-6.038605,105.929077,31.5,0.3563
50,K-07,Sabtu,2025-03-08 10:29:20,-6.037284,105.931403,25.8,0.3563
50,K-07,Sabtu,2025-03-08 10:30:04,-6.036134,105.933928,25.9,0.3563
50,K-07,Sabtu,2025-03-08 10:30:48,-6.034985,105.936452,25.5,0.3563
50,K-07,Sabtu,2025-03-08 10:31:32,-6.033191,105.939526,34.9,0.3563
50,K-07,Sabtu,2025-03-08 10:32:16,-6.031397,105.9426,28.7,0.3563
50,K-07,Sabtu,2025-03-08 10:33:00,-6.028849,105.945886,30.8,0.3563
50,K-07,Sabtu,2025-03-08 10:33:44,-6.0263,105.949172,31.7,0.3563
50,K-07,Sabtu,2025-03-08 10:34:28,-6.025311,105.950308,33.8,0.3563
50,K-07,Sabtu,2025-03-08 10:35:13,-6.024323,105.951444,34.1,0.3563
50,K-07,Sabtu,2025-03-08 10:35:57,-6.02342,105.953825,28.5,0.3563
50,K-07,Sabtu,2025-03-08 10:36:41,-6.022516,105.956207,32.7,0.3563
50,K-07,Sabtu,2025-03-08 10:37:25,-6.023233,105.958851,30.7,0.3563
50,K-07,Sabtu,2025-03-08 10:38:09,-6.023949,105.961495,33.3,0.3563
50,K-07,Sabtu,2025-03-08 10:38:53,-6.023462,105.963127,32.0,0.3563
50,K-07,Sabtu,2025-03-08 10:39:37,-6.022975,105.964758,28.1,0.3563
50,K-07,Sabtu,2025-03-08 10:40:21,-6.02085,105.967025,34.7,0.3563
50,K-07,Sabtu,2025-03-08 10:41:05,-6.018725,105.969291,30.3,0.3563
50,K-07,Sabtu,2025-03-08 10:41:49,-6.018326,105.969919,29.8,0.3563
50,K-07,Sabtu,2025-03-08 10:42:33,-6.017927,105.970547,31.1,0.3563
50,K-07,Sabtu,2025-03-08 10:43:17,-6.016651,105.973485,31.8,0.3563
50,K-07,Sabtu,2025-03-08 10:44:01,-6.015375,105.976423,23.9,0.3563
50,K-07,Sabtu,2025-03-08 10:44:45,-6.013607,105.980132,24.7,0.3563
50,K-07,Sabtu,2025-03-08 10:45:29,-6.01184,105.983841,28.9,0.3563
50,K-07,Sabtu,2025-03-08 10:46:13,-6.011052,105.988977,33.9,0.3563
50,K-07,Sabtu,2025-03-08 10:46:57,-6.010265,105.994113,33.9,0.3563
50,K-07,Sabtu,2025-03-08 10:47:41,-6.010867,105.996921,26.3,0.3563
50,K-07,Sabtu,2025-03-08 10:48:26,-6.01147,105.99973,29.9,0.3563
50,K-07,Sabtu,2025-03-08 10:49:10,-6.01184,106.003198,35.2,0.3563
50,K-07,Sabtu,2025-03-08 10:49:54,-6.012211,106.006667,23.9,0.3563
50,K-07,Sabtu,2025-03-08 10:50:38,-6.012134,106.009563,28.0,0.3563
50,K-07,Sabtu,2025-03-08 10:51:22,-6.012056,106.01246,32.6,0.3563
50,K-07,Sabtu,2025-03-08 10:52:06,-6.011474,106.0155,35.0,0.3563
50,K-07,Sabtu,2025-03-08 10:52:50,-6.010892,106.01854,25.7,0.3563
50,K-07,Sabtu,2025-03-08 10:53:34,-6.009984,106.021793,28.7,0.3563
50,K-07,Sabtu,2025-03-08 10:54:18,-6.009075,106.025045,34.0,0.3563
50,K-07,Sabtu,2025-03-08 10:55:02,-6.009626,106.028951,32.7,0.3563
50,K-07,Sabtu,2025-03-08 10:55:46,-6.010176,106.032856,26.8,0.3563
50,K-07,Sabtu,2025-03-08 10:56:30,-6.01086,106.037239,25.4,0.3563
50,K-07,Sabtu,2025-03-08 10:57:14,-6.011543,106.041621,26.9,0.3563
50,K-07,Sabtu,2025-03-08 10:57:58,-6.012175,106.043406,34.4,0.3563
50,K-07,Sabtu,2025-03-08 10:58:42,-6.012807,106.045191,31.7,0.3563
50,K-07,Sabtu,2025-03-08 10:59:26,-6.013208,106.045749,34.2,0.3563
50,K-07,Sabtu,2025-03-08 11:00:10,-6.013608,106.046306,29.0,0.3563
50,K-07,Sabtu,2025-03-08 11:00:54,-6.014927,106.048385,31.2,0.3563
50,K-07,Sabtu,2025-03-08 11:01:39,-6.016247,106.050465,24.5,0.3563
50,K-07,Sabtu,2025-03-08 11:02:23,-6.017736,106.053745,29.4,0.3563
50,K-07,Sabtu,2025-03-08 11:03:07,-6.019226,106.057025,25.6,0.3563
50,K-07,Sabtu,2025-03-08 11:03:51,-6.020935,106.060982,30.4,0.3563
50,K-07,Sabtu,2025-03-08 11:04:35,-6.022644,106.064939,34.1,0.3563
50,K-07,Sabtu,2025-03-08 11:05:19,-6.024512,106.068114,30.0,0.3563
50,K-07,Sabtu,2025-03-08 11:06:03,-6.02638,106.071289,28.1,0.3563
50,K-07,Sabtu,2025-03-08 11:06:47,-6.027943,106.073596,27.3,0.3563
50,K-07,Sabtu,2025-03-08 11:07:31,-6.029506,106.075904,23.7,0.3563
50,K-07,Sabtu,2025-03-08 11:08:15,-6.030944,106.077923,28.8,0.3563
50,K-07,Sabtu,2025-03-08 11:08:59,-6.032382,106.079943,34.2,0.3563
50,K-07,Sabtu,2025-03-08 11:09:43,-6.033392,106.081554,34.1,0.3563
50,K-07,Sabtu,2025-03-08 11:10:27,-6.034402,106.083165,34.0,0.3563
50,K-07,Sabtu,2025-03-08 11:11:11,-6.033632,106.083619,24.5,0.3563
50,K-07,Sabtu,2025-03-08 11:11:55,-6.032862,106.084073,27.3,0.3563
50,K-07,Sabtu,2025-03-08 11:12:39,-6.031801,106.08464,31.2,0.3563
50,K-07,Sabtu,2025-03-08 11:13:23,-6.03074,106.085206,31.9,0.3563
50,K-07,Sabtu,2025-03-08 11:14:07,-6.028265,106.085363,25.4,0.3563
50,K-07,Sabtu,2025-03-08 11:14:52,-6.025791,106.085519,32.2,0.3563
50,K-07,Sabtu,2025-03-08 11:15:36,-6.025137,106.086275,24.5,0.3563
50,K-07,Sabtu,2025-03-08 11:16:20,-6.024483,106.087031,31.9,0.3563
50,K-07,Sabtu,2025-03-08 11:17:04,-6.023358,106.088664,31.0,0.3563
50,K-07,Sabtu,2025-03-08 11:17:48,-6.022233,106.090297,24.4,0.3563
50,K-07,Sabtu,2025-03-08 11:18:32,-6.022133,106.091267,31.9,0.3563
50,K-07,Sabtu,2025-03-08 11:19:16,-6.022034,106.092237,32.1,0.3563
50,K-07,Sabtu,2025-03-08 11:20:00,-6.022763,106.093069,35.1,0.3563
50,K-07,Sabtu,2025-03-08 11:20:44,-6.023493,106.093901,30.7,0.3563
50,K-07,Sabtu,2025-03-08 11:21:28,-6.030036,106.098298,25.3,0.3563
50,K-07,Sabtu,2025-03-08 11:22:12,-6.036578,106.102696,30.0,0.3563
50,K-07,Sabtu,2025-03-08 11:22:56,-6.039813,106.105373,23.9,0.3563
50,K-07,Sabtu,2025-03-08 11:23:40,-6.043048,106.108051,25.5,0.3563
50,K-07,Sabtu,2025-03-08 11:24:24,-6.047156,106.112505,27.4,0.3563
50,K-07,Sabtu,2025-03-08 11:25:08,-6.051265,106.116959,33.9,0.3563
50,K-07,Sabtu,2025-03-08 11:25:52,-6.054898,106.119329,33.8,0.3563
50,K-07,Sabtu,2025-03-08 11:26:36,-6.058531,106.1217,25.3,0.3563
50,K-07,Sabtu,2025-03-08 11:27:20,-6.067851,106.126623,25.1,0.3563
50,K-07,Sabtu,2025-03-08 11:28:05,-6.077171,106.131547,32.6,0.3563
50,K-07,Sabtu,2025-03-08 11:28:49,-6.081891,106.135638,24.0,0.3563
50,K-07,Sabtu,2025-03-08 11:29:33,-6.08661,106.139728,27.1,0.3563
50,K-07,Sabtu,2025-03-08 11:30:17,-6.088704,106.145865,32.2,0.3563
50,K-07,Sabtu,2025-03-08 11:31:01,-6.090798,106.152001,34.9,0.3563
50,K-07,Sabtu,2025-03-08 11:31:45,-6.093378,106.158769,26.9,0.3563
50,K-07,Sabtu,2025-03-08 11:32:29,-6.095958,106.165536,25.6,0.3563
50,K-07,Sabtu,2025-03-08 11:33:13,-6.100575,106.170921,34.2,0.3563
50,K-07,Sabtu,2025-03-08 11:33:57,-6.105193,106.176306,34.9,0.3563
50,K-07,Sabtu,2025-03-08 11:34:41,-6.109409,106.180187,23.4,0.3563
50,K-07,Sabtu,2025-03-08 11:35:25,-6.113625,106.184069,32.6,0.3563
50,K-07,Sabtu,2025-03-08 11:36:09,-6.114493,106.183838,23.5,0.3563
50,K-07,Sabtu,2025-03-08 11:36:53,-6.115361,106.183607,29.4,0.3563
50,K-07,Sabtu,2025-03-08 11:37:37,-6.116447,106.18275,29.4,0.3563
50,K-07,Sabtu,2025-03-08 11:38:21,-6.117534,106.181893,33.1,0.3563
50,K-07,Sabtu,2025-03-08 11:39:05,-6.119015,106.181689,30.7,0.3563
50,K-07,Sabtu,2025-03-08 11:39:49,-6.120497,106.181485,29.3,0.3563
50,K-07,Sabtu,2025-03-08 11:40:33,-6.120449,106.182988,26.0,0.3563
50,K-07,Sabtu,2025-03-08 11:41:18,-6.120401,106.184492,0.0,0.3563
51,K-07,Sabtu,2025-03-08 16:40:00,-6.120401,106.184492,15.0,0.3556
51,K-07,Sabtu,2025-03-08 16:41:21,-6.120449,106.182988,20.6,0.3556
51,K-07,Sabtu,2025-03-08 16:42:42,-6.120497,106.181485,13.3,0.3556
51,K-07,Sabtu,2025-03-08 16:44:03,-6.119015,106.181689,17.5,0.3556
51,K-07,Sabtu,2025-03-08 16:45:24,-6.117534,106.181893,19.8,0.3556
51,K-07,Sabtu,2025-03-08 16:46:45,-6.116447,106.18275,12.5,0.3556
51,K-07,Sabtu,2025-03-08 16:48:06,-6.115361,106.183607,12.2,0.3556
51,K-07,Sabtu,2025-03-08 16:49:27,-6.114493,106.183838,10.7,0.3556
51,K-07,Sabtu,2025-03-08 16:50:48,-6.113625,106.184069,14.2,0.3556
51,K-07,Sabtu,2025-03-08 16:52:09,-6.109409,106.180187,11.7,0.3556
51,K-07,Sabtu,2025-03-08 16:53:30,-6.105193,106.176306,10.4,0.3556
51,K-07,Sabtu,2025-03-08 16:54:51,-6.100575,106.170921,16.9,0.3556
51,K-07,Sabtu,2025-03-08 16:56:12,-6.095958,106.165536,17.2,0.3556
51,K-07,Sabtu,2025-03-08 16:57:33,-6.093378,106.158769,14.0,0.3556
51,K-07,Sabtu,2025-03-08 16:58:54,-6.090798,106.152001,11.1,0.3556
51,K-07,Sabtu,2025-03-08 17:00:15,-6.088704,106.145865,11.3,0.3556
51,K-07,Sabtu,2025-03-08 17:01:36,-6.08661,106.139728,21.9,0.3556
51,K-07,Sabtu,2025-03-08 17:02:57,-6.081891,106.135638,11.9,0.3556
51,K-07,Sabtu,2025-03-08 17:04:18,-6.077171,106.131547,13.4,0.3556
51,K-07,Sabtu,2025-03-08 17:05:39,-6.067851,106.126623,17.9,0.3556
51,K-07,Sabtu,2025-03-08 17:07:00,-6.058531,106.1217,18.4,0.3556
51,K-07,Sabtu,2025-03-08 17:08:21,-6.054898,106.119329,16.9,0.3556
51,K-07,Sabtu,2025-03-08 17:09:42,-6.051265,106.116959,16.7,0.3556
51,K-07,Sabtu,2025-03-08 17:11:03,-6.047156,106.112505,21.6,0.3556
51,K-07,Sabtu,2025-03-08 17:12:24,-6.043048,106.108051,19.0,0.3556
51,K-07,Sabtu,2025-03-08 17:13:45,-6.039813,106.105373,14.3,0.3556
51,K-07,Sabtu,2025-03-08 17:15:06,-6.036578,106.102696,10.4,0.3556
51,K-07,Sabtu,2025-03-08 17:16:27,-6.030036,106.098298,19.2,0.3556
51,K-07,Sabtu,2025-03-08 17:17:48,-6.023493,106.093901,13.9,0.3556
51,K-07,Sabtu,2025-03-08 17:19:09,-6.022763,106.093069,20.8,0.3556
51,K-07,Sabtu,2025-03-08 17:20:30,-6.022034,106.092237,19.8,0.3556
51,K-07,Sabtu,2025-03-08 17:21:51,-6.022133,106.091267,19.1,0.3556
51,K-07,Sabtu,2025-03-08 17:23:12,-6.022233,106.090297,20.1,0.3556
51,K-07,Sabtu,2025-03-08 17:24:33,-6.023358,106.088664,10.8,0.3556
51,K-07,Sabtu,2025-03-08 17:25:54,-6.024483,106.087031,15.6,0.3556
51,K-07,Sabtu,2025-03-08 17:27:15,-6.025137,106.086275,11.5,0.3556
51,K-07,Sabtu,2025-03-08 17:28:36,-6.025791,106.085519,20.3,0.3556
51,K-07,Sabtu,2025-03-08 17:29:57,-6.028265,106.085363,14.0,0.3556
51,K-07,Sabtu,2025-03-08 17:31:18,-6.03074,106.085206,15.0,0.3556
51,K-07,Sabtu,2025-03-08 17:32:39,-6.031801,106.08464,12.5,0.3556
51,K-07,Sabtu,2025-03-08 17:34:00,-6.032862,106.084073,12.5,0.3556
51,K-07,Sabtu,2025-03-08 17:35:21,-6.033632,106.083619,10.7,0.3556
51,K-07,Sabtu,2025-03-08 17:36:42,-6.034402,106.083165,16.9,0.3556
51,K-07,Sabtu,2025-03-08 17:38:03,-6.033392,106.081554,21.8,0.3556
51,K-07,Sabtu,2025-03-08 17:39:24,-6.032382,106.079943,16.3,0.3556
51,K-07,Sabtu,2025-03-08 17:40:45,-6.030944,106.077923,11.1,0.3556
51,K-07,Sabtu,2025-03-08 17:42:06,-6.029506,106.075904,18.7,0.3556
51,K-07,Sabtu,2025-03-08 17:43:27,-6.027943,106.073596,17.3,0.3556
51,K-07,Sabtu,2025-03-08 17:44:48,-6.02638,106.071289,19.5,0.3556
51,K-07,Sabtu,2025-03-08 17:46:09,-6.024512,106.068114,18.5,0.3556
51,K-07,Sabtu,2025-03-08 17:47:30,-6.022644,106.064939,15.1,0.3556
51,K-07,Sabtu,2025-03-08 17:48:51,-6.020935,106.060982,20.2,0.3556
51,K-07,Sabtu,2025-03-08 17:50:12,-6.019226,106.057025,13.1,0.3556
51,K-07,Sabtu,2025-03-08 17:51:33,-6.017736,106.053745,16.9,0.3556
51,K-07,Sabtu,2025-03-08 17:52:54,-6.016247,106.050465,17.5,0.3556
51,K-07,Sabtu,2025-03-08 17:54:15,-6.014927,106.048385,21.1,0.3556
51,K-07,Sabtu,2025-03-08 17:55:36,-6.013608,106.046306,17.4,0.3556
51,K-07,Sabtu,2025-03-08 17:56:57,-6.013208,106.045749,16.0,0.3556
51,K-07,Sabtu,2025-03-08 17:58:18,-6.012807,106.045191,18.8,0.3556
51,K-07,Sabtu,2025-03-08 17:59:39,-6.012175,106.043406,16.0,0.3556
51,K-07,Sabtu,2025-03-08 18:01:00,-6.011543,106.041621,19.7,0.3556
51,K-07,Sabtu,2025-03-08 18:02:21,-6.01086,106.037239,20.6,0.3556
51,K-07,Sabtu,2025-03-08 18:03:42,-6.010176,106.032856,12.8,0.3556
51,K-07,Sabtu,2025-03-08 18:05:03,-6.009626,106.028951,13.5,0.3556
51,K-07,Sabtu,2025-03-08 18:06:24,-6.009075,106.025045,12.3,0.3556
51,K-07,Sabtu,2025-03-08 18:07:45,-6.009984,106.021793,11.4,0.3556
51,K-07,Sabtu,2025-03-08 18:09:06,-6.010892,106.01854,15.6,0.3556
51,K-07,Sabtu,2025-03-08 18:10:27,-6.011474,106.0155,19.6,0.3556
51,K-07,Sabtu,2025-03-08 18:11:48,-6.012056,106.01246,18.8,0.3556
51,K-07,Sabtu,2025-03-08 18:13:09,-6.012134,106.009563,12.5,0.3556
51,K-07,Sabtu,2025-03-08 18:14:30,-6.012211,106.006667,17.4,0.3556
51,K-07,Sabtu,2025-03-08 18:15:51,-6.01184,106.003198,15.0,0.3556
51,K-07,Sabtu,2025-03-08 18:17:12,-6.01147,105.99973,10.5,0.3556
51,K-07,Sabtu,2025-03-08 18:18:33,-6.010867,105.996921,14.2,0.3556
51,K-07,Sabtu,2025-03-08 18:19:54,-6.010265,105.994113,19.7,0.3556
51,K-07,Sabtu,2025-03-08 18:21:15,-6.011052,105.988977,12.5,0.3556
51,K-07,Sabtu,2025-03-08 18:22:36,-6.01184,105.983841,17.7,0.3556
51,K-07,Sabtu,2025-03-08 18:23:57,-6.013607,105.980132,18.3,0.3556
51,K-07,Sabtu,2025-03-08 18:25:18,-6.015375,105.976423,13.1,0.3556
51,K-07,Sabtu,2025-03-08 18:26:39,-6.016651,105.973485,10.8,0.3556
51,K-07,Sabtu,2025-03-08 18:28:00,-6.017927,105.970547,13.6,0.3556
51,K-07,Sabtu,2025-03-08 18:29:21,-6.018326,105.969919,16.6,0.3556
51,K-07,Sabtu,2025-03-08 18:30:42,-6.018725,105.969291,19.2,0.3556
51,K-07,Sabtu,2025-03-08 18:32:03,-6.02085,105.967025,11.4,0.3556
51,K-07,Sabtu,2025-03-08 18:33:24,-6.022975,105.964758,14.0,0.3556
51,K-07,Sabtu,2025-03-08 18:34:45,-6.023462,105.963127,14.8,0.3556
51,K-07,Sabtu,2025-03-08 18:36:06,-6.023949,105.961495,16.8,0.3556
51,K-07,Sabtu,2025-03-08 18:37:27,-6.023233,105.958851,21.5,0.3556
51,K-07,Sabtu,2025-03-08 18:38:48,-6.022516,105.956207,20.0,0.3556
51,K-07,Sabtu,2025-03-08 18:40:09,-6.02342,105.953825,12.3,0.3556
51,K-07,Sabtu,2025-03-08 18:41:30,-6.024323,105.951444,20.0,0.3556
51,K-07,Sabtu,2025-03-08 18:42:51,-6.025311,105.950308,21.1,0.3556
51,K-07,Sabtu,2025-03-08 18:44:12,-6.0263,105.949172,15.7,0.3556
51,K-07,Sabtu,2025-03-08 18:45:33,-6.028849,105.945886,15.7,0.3556
51,K-07,Sabtu,2025-03-08 18:46:54,-6.031397,105.9426,10.4,0.3556
51,K-07,Sabtu,2025-03-08 18:48:15,-6.033191,105.939526,11.6,0.3556
51,K-07,Sabtu,2025-03-08 18:49:36,-6.034985,105.936452,11.9,0.3556
51,K-07,Sabtu,2025-03-08 18:50:57,-6.036134,105.933928,15.5,0.3556
51,K-07,Sabtu,2025-03-08 18:52:18,-6.037284,105.931403,20.4,0.3556
51,K-07,Sabtu,2025-03-08 18:53:39,-6.038605,105.929077,20.8,0.3556
51,K-07,Sabtu,2025-03-08 18:55:00,-6.039927,105.92675,15.5,0.3556
51,K-07,Sabtu,2025-03-08 18:56:21,-6.040842,105.926202,19.8,0.3556
51,K-07,Sabtu,2025-03-08 18:57:42,-6.041757,105.925654,21.1,0.3556
51,K-07,Sabtu,2025-03-08 18:59:03,-6.043299,105.925629,10.7,0.3556
51,K-07,Sabtu,2025-03-08 19:00:24,-6.044842,105.925605,16.3,0.3556
51,K-07,Sabtu,2025-03-08 19:01:45,-6.04665,105.925298,16.8,0.3556
51,K-07,Sabtu,2025-03-08 19:03:06,-6.048458,105.924992,18.1,0.3556
51,K-07,Sabtu,2025-03-08 19:04:27,-6.050837,105.923865,16.7,0.3556
51,K-07,Sabtu,2025-03-08 19:05:48,-6.053216,105.922737,0.0,0.3556
52,K-12,Sabtu,2025-03-08 04:45:00,-6.00289,106.024787,15.0,0.1266
52,K-12,Sabtu,2025-03-08 04:45:15,-6.002619,106.023636,26.8,0.1266
52,K-12,Sabtu,2025-03-08 04:45:31,-6.002348,106.022484,23.8,0.1266
52,K-12,Sabtu,2025-03-08 04:45:47,-5.999045,106.022499,35.2,0.1266
52,K-12,Sabtu,2025-03-08 04:46:02,-5.995743,106.022514,30.9,0.1266
52,K-12,Sabtu,2025-03-08 04:46:18,-5.995042,106.025236,33.5,0.1266
52,K-12,Sabtu,2025-03-08 04:46:34,-5.994341,106.027958,30.3,0.1266
52,K-12,Sabtu,2025-03-08 04:46:49,-5.992765,106.027873,28.1,0.1266
52,K-12,Sabtu,2025-03-08 04:47:05,-5.991189,106.027789,30.5,0.1266
52,K-12,Sabtu,2025-03-08 04:47:21,-5.990295,106.025858,33.8,0.1266
52,K-12,Sabtu,2025-03-08 04:47:36,-5.9894,106.023927,32.4,0.1266
52,K-12,Sabtu,2025-03-08 04:47:52,-5.988786,106.022945,31.9,0.1266
52,K-12,Sabtu,2025-03-08 04:48:08,-5.988172,106.021964,27.2,0.1266
52,K-12,Sabtu,2025-03-08 04:48:23,-5.987707,106.020783,23.8,0.1266
52,K-12,Sabtu,2025-03-08 04:48:39,-5.987242,106.019603,28.4,0.1266
52,K-12,Sabtu,2025-03-08 04:48:55,-5.986827,106.018991,29.4,0.1266
52,K-12,Sabtu,2025-03-08 04:49:10,-5.986412,106.018379,26.3,0.1266
52,K-12,Sabtu,2025-03-08 04:49:26,-5.985682,106.017923,28.8,0.1266
52,K-12,Sabtu,2025-03-08 04:49:42,-5.984952,106.017468,34.8,0.1266
52,K-12,Sabtu,2025-03-08 04:49:57,-5.984452,106.016956,26.0,0.1266
52,K-12,Sabtu,2025-03-08 04:50:13,-5.983953,106.016445,27.0,0.1266
52,K-12,Sabtu,2025-03-08 04:50:29,-5.983546,106.0156,24.7,0.1266
52,K-12,Sabtu,2025-03-08 04:50:45,-5.983139,106.014755,32.8,0.1266
52,K-12,Sabtu,2025-03-08 04:51:00,-5.983088,106.01394,32.7,0.1266
52,K-12,Sabtu,2025-03-08 04:51:16,-5.983037,106.013125,34.4,0.1266
52,K-12,Sabtu,2025-03-08 04:51:32,-5.98294,106.012154,28.7,0.1266
52,K-12,Sabtu,2025-03-08 04:51:47,-5.982843,106.011183,23.7,0.1266
52,K-12,Sabtu,2025-03-08 04:52:03,-5.982596,106.010437,29.2,0.1266
52,K-12,Sabtu,2025-03-08 04:52:19,-5.98235,106.009692,29.4,0.1266
52,K-12,Sabtu,2025-03-08 04:52:34,-5.982049,106.009352,25.7,0.1266
52,K-12,Sabtu,2025-03-08 04:52:50,-5.981748,106.009012,34.5,0.1266
52,K-12,Sabtu,2025-03-08 04:53:06,-5.981001,106.008845,32.2,0.1266
52,K-12,Sabtu,2025-03-08 04:53:21,-5.980255,106.008678,29.7,0.1266
52,K-12,Sabtu,2025-03-08 04:53:37,-5.979058,106.008464,32.7,0.1266
52,K-12,Sabtu,2025-03-08 04:53:53,-5.977861,106.008249,25.1,0.1266
52,K-12,Sabtu,2025-03-08 04:54:08,-5.977447,106.008246,33.9,0.1266
52,K-12,Sabtu,2025-03-08 04:54:24,-5.977033,106.008242,33.3,0.1266
52,K-12,Sabtu,2025-03-08 04:54:40,-5.976517,106.008462,34.7,0.1266
52,K-12,Sabtu,2025-03-08 04:54:55,-5.976001,106.008682,31.5,0.1266
52,K-12,Sabtu,2025-03-08 04:55:11,-5.975195,106.008176,25.0,0.1266
52,K-12,Sabtu,2025-03-08 04:55:27,-5.974388,106.007671,32.1,0.1266
52,K-12,Sabtu,2025-03-08 04:55:42,-5.97308,106.006949,28.9,0.1266
52,K-12,Sabtu,2025-03-08 04:55:58,-5.971771,106.006228,32.0,0.1266
52,K-12,Sabtu,2025-03-08 04:56:14,-5.971376,106.006035,29.7,0.1266
52,K-12,Sabtu,2025-03-08 04:56:30,-5.97098,106.005842,23.4,0.1266
52,K-12,Sabtu,2025-03-08 04:56:45,-5.970118,106.005387,34.6,0.1266
52,K-12,Sabtu,2025-03-08 04:57:01,-5.969255,106.004933,31.6,0.1266
52,K-12,Sabtu,2025-03-08 04:57:17,-5.968457,106.004582,30.5,0.1266
52,K-12,Sabtu,2025-03-08 04:57:32,-5.967658,106.004231,24.4,0.1266
52,K-12,Sabtu,2025-03-08 04:57:48,-5.966814,106.003848,29.0,0.1266
52,K-12,Sabtu,2025-03-08 04:58:04,-5.965969,106.003464,24.0,0.1266
52,K-12,Sabtu,2025-03-08 04:58:19,-5.964886,106.002783,29.6,0.1266
52,K-12,Sabtu,2025-03-08 04:58:35,-5.963803,106.002102,31.3,0.1266
52,K-12,Sabtu,2025-03-08 04:58:51,-5.962492,106.001184,27.1,0.1266
52,K-12,Sabtu,2025-03-08 04:59:06,-5.961181,106.000267,30.3,0.1266
52,K-12,Sabtu,2025-03-08 04:59:22,-5.959478,105.999981,27.1,0.1266
52,K-12,Sabtu,2025-03-08 04:59:38,-5.957774,105.999696,34.1,0.1266
52,K-12,Sabtu,2025-03-08 04:59:53,-5.956166,105.999547,27.3,0.1266
52,K-12,Sabtu,2025-03-08 05:00:09,-5.954557,105.999397,25.7,0.1266
52,K-12,Sabtu,2025-03-08 05:00:25,-5.952616,106.000428,26.7,0.1266
52,K-12,Sabtu,2025-03-08 05:00:40,-5.950676,106.001458,27.2,0.1266
52,K-12,Sabtu,2025-03-08 05:00:56,-5.949248,106.002139,28.7,0.1266
52,K-12,Sabtu,2025-03-08 05:01:12,-5.94782,106.002819,24.8,0.1266
52,K-12,Sabtu,2025-03-08 05:01:27,-5.947029,106.002724,25.2,0.1266
52,K-12,Sabtu,2025-03-08 05:01:43,-5.946237,106.00263,26.7,0.1266
52,K-12,Sabtu,2025-03-08 05:01:59,-5.945759,106.00257,23.6,0.1266
52,K-12,Sabtu,2025-03-08 05:02:15,-5.94528,106.002511,30.9,0.1266
52,K-12,Sabtu,2025-03-08 05:02:30,-5.944396,106.00276,29.6,0.1266
52,K-12,Sabtu,2025-03-08 05:02:46,-5.943513,106.003009,25.9,0.1266
52,K-12,Sabtu,2025-03-08 05:03:02,-5.942709,106.002673,27.6,0.1266
52,K-12,Sabtu,2025-03-08 05:03:17,-5.941905,106.002337,27.2,0.1266
52,K-12,Sabtu,2025-03-08 05:03:33,-5.941111,106.001881,25.1,0.1266
52,K-12,Sabtu,2025-03-08 05:03:49,-5.940317,106.001426,31.9,0.1266
52,K-12,Sabtu,2025-03-08 05:04:04,-5.939709,106.001327,26.8,0.1266
52,K-12,Sabtu,2025-03-08 05:04:20,-5.9391,106.001228,26.3,0.1266
52,K-12,Sabtu,2025-03-08 05:04:36,-5.937857,106.001695,24.3,0.1266
52,K-12,Sabtu,2025-03-08 05:04:51,-5.936613,106.002163,30.8,0.1266
52,K-12,Sabtu,2025-03-08 05:05:07,-5.93584,106.002003,27.5,0.1266
52,K-12,Sabtu,2025-03-08 05:05:23,-5.935067,106.001842,28.7,0.1266
52,K-12,Sabtu,2025-03-08 05:05:38,-5.935282,106.00157,25.0,0.1266
52,K-12,Sabtu,2025-03-08 05:05:54,-5.935498,106.001298,29.0,0.1266
52,K-12,Sabtu,2025-03-08 05:06:10,-5.935544,106.000902,31.5,0.1266
52,K-12,Sabtu,2025-03-08 05:06:25,-5.93559,106.000507,24.7,0.1266
52,K-12,Sabtu,2025-03-08 05:06:41,-5.935287,106.000125,24.0,0.1266
52,K-12,Sabtu,2025-03-08 05:06:57,-5.934983,105.999744,28.5,0.1266
52,K-12,Sabtu,2025-03-08 05:07:12,-5.934755,105.999501,25.5,0.1266
52,K-12,Sabtu,2025-03-08 05:07:28,-5.934526,105.999257,30.6,0.1266
52,K-12,Sabtu,2025-03-08 05:07:44,-5.933298,105.998408,30.5,0.1266
52,K-12,Sabtu,2025-03-08 05:08:00,-5.932069,105.99756,0.0,0.1266
53,K-12,Sabtu,2025-03-08 10:11:00,-5.932069,105.99756,15.0,0.1273
53,K-12,Sabtu,2025-03-08 10:11:20,-5.933298,105.998408,25.7,0.1273
53,K-12,Sabtu,2025-03-08 10:11:40,-5.934526,105.999257,25.2,0.1273
53,K-12,Sabtu,2025-03-08 10:12:00,-5.934755,105.999501,23.5,0.1273
53,K-12,Sabtu,2025-03-08 10:12:20,-5.934983,105.999744,28.8,0.1273
53,K-12,Sabtu,2025-03-08 10:12:40,-5.935287,106.000125,26.2,0.1273
53,K-12,Sabtu,2025-03-08 10:13:00,-5.93559,106.000507,22.7,0.1273
53,K-12,Sabtu,2025-03-08 10:13:20,-5.935544,106.000902,18.7,0.1273
53,K-12,Sabtu,2025-03-08 10:13:40,-5.935498,106.001298,26.9,0.1273
53,K-12,Sabtu,2025-03-08 10:14:00,-5.935282,106.00157,28.1,0.1273
53,K-12,Sabtu,2025-03-08 10:14:20,-5.935067,106.001842,22.7,0.1273
53,K-12,Sabtu,2025-03-08 10:14:40,-5.93584,106.002003,22.6,0.1273
53,K-12,Sabtu,2025-03-08 10:15:00,-5.936613,106.002163,25.3,0.1273
53,K-12,Sabtu,2025-03-08 10:15:20,-5.937857,106.001695,25.6,0.1273
53,K-12,Sabtu,2025-03-08 10:15:40,-5.9391,106.001228,22.7,0.1273
53,K-12,Sabtu,2025-03-08 10:16:00,-5.939709,106.001327,19.9,0.1273
53,K-12,Sabtu,2025-03-08 10:16:20,-5.940317,106.001426,19.8,0.1273
53,K-12,Sabtu,2025-03-08 10:16:40,-5.941111,106.001881,27.4,0.1273
53,K-12,Sabtu,2025-03-08 10:17:00,-5.941905,106.002337,24.5,0.1273
53,K-12,Sabtu,2025-03-08 10:17:20,-5.942709,106.002673,28.1,0.1273
53,K-12,Sabtu,2025-03-08 10:17:40,-5.943513,106.003009,21.8,0.1273
53,K-12,Sabtu,2025-03-08 10:18:00,-5.944396,106.00276,25.5,0.1273
53,K-12,Sabtu,2025-03-08 10:18:21,-5.94528,106.002511,25.1,0.1273
53,K-12,Sabtu,2025-03-08 10:18:41,-5.945759,106.00257,26.6,0.1273
53,K-12,Sabtu,2025-03-08 10:19:01,-5.946237,106.00263,27.7,0.1273
53,K-12,Sabtu,2025-03-08 10:19:21,-5.947029,106.002724,22.5,0.1273
53,K-12,Sabtu,2025-03-08 10:19:41,-5.94782,106.002819,17.5,0.1273
53,K-12,Sabtu,2025-03-08 10:20:01,-5.949248,106.002139,22.8,0.1273
53,K-12,Sabtu,2025-03-08 10:20:21,-5.950676,106.001458,21.3,0.1273
53,K-12,Sabtu,2025-03-08 10:20:41,-5.952616,106.000428,22.6,0.1273
53,K-12,Sabtu,2025-03-08 10:21:01,-5.954557,105.999397,19.1,0.1273
53,K-12,Sabtu,2025-03-08 10:21:21,-5.956166,105.999547,26.3,0.1273
53,K-12,Sabtu,2025-03-08 10:21:41,-5.957774,105.999696,24.4,0.1273
53,K-12,Sabtu,2025-03-08 10:22:01,-5.959478,105.999981,18.6,0.1273
53,K-12,Sabtu,2025-03-08 10:22:21,-5.961181,106.000267,18.3,0.1273
53,K-12,Sabtu,2025-03-08 10:22:41,-5.962492,106.001184,26.9,0.1273
53,K-12,Sabtu,2025-03-08 10:23:01,-5.963803,106.002102,26.7,0.1273
53,K-12,Sabtu,2025-03-08 10:23:21,-5.964886,106.002783,21.0,0.1273
53,K-12,Sabtu,2025-03-08 10:23:41,-5.965969,106.003464,24.9,0.1273
53,K-12,Sabtu,2025-03-08 10:24:01,-5.966814,106.003848,26.6,0.1273
53,K-12,Sabtu,2025-03-08 10:24:21,-5.967658,106.004231,23.5,0.1273
53,K-12,Sabtu,2025-03-08 10:24:41,-5.968457,106.004582,21.9,0.1273
53,K-12,Sabtu,2025-03-08 10:25:01,-5.969255,106.004933,22.1,0.1273
53,K-12,Sabtu,2025-03-08 10:25:21,-5.970118,106.005387,24.6,0.1273
53,K-12,Sabtu,2025-03-08 10:25:42,-5.97098,106.005842,23.7,0.1273
53,K-12,Sabtu,2025-03-08 10:26:02,-5.971376,106.006035,28.8,0.1273
53,K-12,Sabtu,2025-03-08 10:26:22,-5.971771,106.006228,21.7,0.1273
53,K-12,Sabtu,2025-03-08 10:26:42,-5.97308,106.006949,21.2,0.1273
53,K-12,Sabtu,2025-03-08 10:27:02,-5.974388,106.007671,26.9,0.1273
53,K-12,Sabtu,2025-03-08 10:27:22,-5.975195,106.008176,24.2,0.1273
53,K-12,Sabtu,2025-03-08 10:27:42,-5.976001,106.008682,26.5,0.1273
53,K-12,Sabtu,2025-03-08 10:28:02,-5.976517,106.008462,22.3,0.1273
53,K-12,Sabtu,2025-03-08 10:28:22,-5.977033,106.008242,26.5,0.1273
53,K-12,Sabtu,2025-03-08 10:28:42,-5.977447,106.008246,23.6,0.1273
53,K-12,Sabtu,2025-03-08 10:29:02,-5.977861,106.008249,19.9,0.1273
53,K-12,Sabtu,2025-03-08 10:29:22,-5.979058,106.008464,25.1,0.1273
53,K-12,Sabtu,2025-03-08 10:29:42,-5.980255,106.008678,18.0,0.1273
53,K-12,Sabtu,2025-03-08 10:30:02,-5.981001,106.008845,28.3,0.1273
53,K-12,Sabtu,2025-03-08 10:30:22,-5.981748,106.009012,24.0,0.1273
53,K-12,Sabtu,2025-03-08 10:30:42,-5.982049,106.009352,22.9,0.1273
53,K-12,Sabtu,2025-03-08 10:31:02,-5.98235,106.009692,24.2,0.1273
53,K-12,Sabtu,2025-03-08 10:31:22,-5.982596,106.010437,22.7,0.1273
53,K-12,Sabtu,2025-03-08 10:31:42,-5.982843,106.011183,23.8,0.1273
53,K-12,Sabtu,2025-03-08 10:32:02,-5.98294,106.012154,27.0,0.1273
53,K-12,Sabtu,2025-03-08 10:32:22,-5.983037,106.013125,19.2,0.1273
53,K-12,Sabtu,2025-03-08 10:32:42,-5.983088,106.01394,28.6,0.1273
53,K-12,Sabtu,2025-03-08 10:33:03,-5.983139,106.014755,17.9,0.1273
53,K-12,Sabtu,2025-03-08 10:33:23,-5.983546,106.0156,18.4,0.1273
53,K-12,Sabtu,2025-03-08 10:33:43,-5.983953,106.016445,26.9,0.1273
53,K-12,Sabtu,2025-03-08 10:34:03,-5.984452,106.016956,26.4,0.1273
53,K-12,Sabtu,2025-03-08 10:34:23,-5.984952,106.017468,21.6,0.1273
53,K-12,Sabtu,2025-03-08 10:34:43,-5.985682,106.017923,23.0,0.1273
53,K-12,Sabtu,2025-03-08 10:35:03,-5.986412,106.018379,25.0,0.1273
53,K-12,Sabtu,2025-03-08 10:35:23,-5.986827,106.018991,18.2,0.1273
53,K-12,Sabtu,2025-03-08 10:35:43,-5.987242,106.019603,26.9,0.1273
53,K-12,Sabtu,2025-03-08 10:36:03,-5.987707,106.020783,27.7,0.1273
53,K-12,Sabtu,2025-03-08 10:36:23,-5.988172,106.021964,27.9,0.1273
53,K-12,Sabtu,2025-03-08 10:36:43,-5.988786,106.022945,24.7,0.1273
53,K-12,Sabtu,2025-03-08 10:37:03,-5.9894,106.023927,17.1,0.1273
53,K-12,Sabtu,2025-03-08 10:37:23,-5.990295,106.025858,18.9,0.1273
53,K-12,Sabtu,2025-03-08 10:37:43,-5.991189,106.027789,18.9,0.1273
53,K-12,Sabtu,2025-03-08 10:38:03,-5.992765,106.027873,23.5,0.1273
53,K-12,Sabtu,2025-03-08 10:38:23,-5.994341,106.027958,21.8,0.1273
53,K-12,Sabtu,2025-03-08 10:38:43,-5.995042,106.025236,24.0,0.1273
53,K-12,Sabtu,2025-03-08 10:39:03,-5.995743,106.022514,19.4,0.1273
53,K-12,Sabtu,2025-03-08 10:39:23,-5.999045,106.022499,25.3,0.1273
53,K-12,Sabtu,2025-03-08 10:39:43,-6.002348,106.022484,20.9,0.1273
53,K-12,Sabtu,2025-03-08 10:40:03,-6.002619,106.023636,23.9,0.1273
53,K-12,Sabtu,2025-03-08 10:40:24,-6.00289,106.024787,0.0,0.1273
54,K-12,Sabtu,2025-03-08 16:43:00,-6.00289,106.024787,15.0,0.1278
54,K-12,Sabtu,2025-03-08 16:43:46,-6.002619,106.023636,8.2,0.1278
54,K-12,Sabtu,2025-03-08 16:44:32,-6.002348,106.022484,5.2,0.1278
54,K-12,Sabtu,2025-03-08 16:45:18,-5.999045,106.022499,5.0,0.1278
54,K-12,Sabtu,2025-03-08 16:46:04,-5.995743,106.022514,15.9,0.1278
54,K-12,Sabtu,2025-03-08 16:46:50,-5.995042,106.025236,9.0,0.1278
54,K-12,Sabtu,2025-03-08 16:47:36,-5.994341,106.027958,5.6,0.1278
54,K-12,Sabtu,2025-03-08 16:48:22,-5.992765,106.027873,7.6,0.1278
54,K-12,Sabtu,2025-03-08 16:49:08,-5.991189,106.027789,8.5,0.1278
54,K-12,Sabtu,2025-03-08 16:49:54,-5.990295,106.025858,10.7,0.1278
54,K-12,Sabtu,2025-03-08 16:50:40,-5.9894,106.023927,5.0,0.1278
54,K-12,Sabtu,2025-03-08 16:51:26,-5.988786,106.022945,12.5,0.1278
54,K-12,Sabtu,2025-03-08 16:52:12,-5.988172,106.021964,13.9,0.1278
54,K-12,Sabtu,2025-03-08 16:52:58,-5.987707,106.020783,8.4,0.1278
54,K-12,Sabtu,2025-03-08 16:53:44,-5.987242,106.019603,14.4,0.1278
54,K-12,Sabtu,2025-03-08 16:54:30,-5.986827,106.018991,14.5,0.1278
54,K-12,Sabtu,2025-03-08 16:55:16,-5.986412,106.018379,6.9,0.1278
54,K-12,Sabtu,2025-03-08 16:56:02,-5.985682,106.017923,12.5,0.1278
54,K-12,Sabtu,2025-03-08 16:56:48,-5.984952,106.017468,8.8,0.1278
54,K-12,Sabtu,2025-03-08 16:57:34,-5.984452,106.016956,7.9,0.1278
54,K-12,Sabtu,2025-03-08 16:58:20,-5.983953,106.016445,8.7,0.1278
54,K-12,Sabtu,2025-03-08 16:59:06,-5.983546,106.0156,8.7,0.1278
54,K-12,Sabtu,2025-03-08 16:59:52,-5.983139,106.014755,10.6,0.1278
54,K-12,Sabtu,2025-03-08 17:00:38,-5.983088,106.01394,12.0,0.1278
54,K-12,Sabtu,2025-03-08 17:01:24,-5.983037,106.013125,9.8,0.1278
54,K-12,Sabtu,2025-03-08 17:02:10,-5.98294,106.012154,6.4,0.1278
54,K-12,Sabtu,2025-03-08 17:02:56,-5.982843,106.011183,8.7,0.1278
54,K-12,Sabtu,2025-03-08 17:03:42,-5.982596,106.010437,15.2,0.1278
54,K-12,Sabtu,2025-03-08 17:04:28,-5.98235,106.009692,14.2,0.1278
54,K-12,Sabtu,2025-03-08 17:05:14,-5.982049,106.009352,6.0,0.1278
54,K-12,Sabtu,2025-03-08 17:06:00,-5.981748,106.009012,16.1,0.1278
54,K-12,Sabtu,2025-03-08 17:06:46,-5.981001,106.008845,12.1,0.1278
54,K-12,Sabtu,2025-03-08 17:07:32,-5.980255,106.008678,5.7,0.1278
54,K-12,Sabtu,2025-03-08 17:08:18,-5.979058,106.008464,5.0,0.1278
54,K-12,Sabtu,2025-03-08 17:09:04,-5.977861,106.008249,5.0,0.1278
54,K-12,Sabtu,2025-03-08 17:09:50,-5.977447,106.008246,12.8,0.1278
54,K-12,Sabtu,2025-03-08 17:10:36,-5.977033,106.008242,9.9,0.1278
54,K-12,Sabtu,2025-03-08 17:11:22,-5.976517,106.008462,9.3,0.1278
54,K-12,Sabtu,2025-03-08 17:12:08,-5.976001,106.008682,16.0,0.1278
54,K-12,Sabtu,2025-03-08 17:12:54,-5.975195,106.008176,5.1,0.1278
54,K-12,Sabtu,2025-03-08 17:13:40,-5.974388,106.007671,11.8,0.1278
54,K-12,Sabtu,2025-03-08 17:14:26,-5.97308,106.006949,9.1,0.1278
54,K-12,Sabtu,2025-03-08 17:15:12,-5.971771,106.006228,9.6,0.1278
54,K-12,Sabtu,2025-03-08 17:15:58,-5.971376,106.006035,13.6,0.1278
54,K-12,Sabtu,2025-03-08 17:16:45,-5.97098,106.005842,11.4,0.1278
54,K-12,Sabtu,2025-03-08 17:17:31,-5.970118,106.005387,9.2,0.1278
54,K-12,Sabtu,2025-03-08 17:18:17,-5.969255,106.004933,6.3,0.1278
54,K-12,Sabtu,2025-03-08 17:19:03,-5.968457,106.004582,10.2,0.1278
54,K-12,Sabtu,2025-03-08 17:19:49,-5.967658,106.004231,10.7,0.1278
54,K-12,Sabtu,2025-03-08 17:20:35,-5.966814,106.003848,9.5,0.1278
54,K-12,Sabtu,2025-03-08 17:21:21,-5.965969,106.003464,8.4,0.1278
54,K-12,Sabtu,2025-03-08 17:22:07,-5.964886,106.002783,6.3,0.1278
54,K-12,Sabtu,2025-03-08 17:22:53,-5.963803,106.002102,11.4,0.1278
54,K-12,Sabtu,2025-03-08 17:23:39,-5.962492,106.001184,11.0,0.1278
54,K-12,Sabtu,2025-03-08 17:24:25,-5.961181,106.000267,14.3,0.1278
54,K-12,Sabtu,2025-03-08 17:25:11,-5.959478,105.999981,6.9,0.1278
54,K-12,Sabtu,2025-03-08 17:25:57,-5.957774,105.999696,10.1,0.1278
54,K-12,Sabtu,2025-03-08 17:26:43,-5.956166,105.999547,9.0,0.1278
54,K-12,Sabtu,2025-03-08 17:27:29,-5.954557,105.999397,10.7,0.1278
54,K-12,Sabtu,2025-03-08 17:28:15,-5.952616,106.000428,8.5,0.1278
54,K-12,Sabtu,2025-03-08 17:29:01,-5.950676,106.001458,15.8,0.1278
54,K-12,Sabtu,2025-03-08 17:29:47,-5.949248,106.002139,10.9,0.1278
54,K-12,Sabtu,2025-03-08 17:30:33,-5.94782,106.002819,12.6,0.1278
54,K-12,Sabtu,2025-03-08 17:31:19,-5.947029,106.002724,5.5,0.1278
54,K-12,Sabtu,2025-03-08 17:32:05,-5.946237,106.00263,9.9,0.1278
54,K-12,Sabtu,2025-03-08 17:32:51,-5.945759,106.00257,12.4,0.1278
54,K-12,Sabtu,2025-03-08 17:33:37,-5.94528,106.002511,5.8,0.1278
54,K-12,Sabtu,2025-03-08 17:34:23,-5.944396,106.00276,12.9,0.1278
54,K-12,Sabtu,2025-03-08 17:35:09,-5.943513,106.003009,15.9,0.1278
54,K-12,Sabtu,2025-03-08 17:35:55,-5.942709,106.002673,15.9,0.1278
54,K-12,Sabtu,2025-03-08 17:36:41,-5.941905,106.002337,13.4,0.1278
54,K-12,Sabtu,2025-03-08 17:37:27,-5.941111,106.001881,9.7,0.1278
54,K-12,Sabtu,2025-03-08 17:38:13,-5.940317,106.001426,5.0,0.1278
54,K-12,Sabtu,2025-03-08 17:38:59,-5.939709,106.001327,14.8,0.1278
54,K-12,Sabtu,2025-03-08 17:39:45,-5.9391,106.001228,5.2,0.1278
54,K-12,Sabtu,2025-03-08 17:40:31,-5.937857,106.001695,9.8,0.1278
54,K-12,Sabtu,2025-03-08 17:41:17,-5.936613,106.002163,13.0,0.1278
54,K-12,Sabtu,2025-03-08 17:42:03,-5.93584,106.002003,15.6,0.1278
54,K-12,Sabtu,2025-03-08 17:42:49,-5.935067,106.001842,5.0,0.1278
54,K-12,Sabtu,2025-03-08 17:43:35,-5.935282,106.00157,11.7,0.1278
54,K-12,Sabtu,2025-03-08 17:44:21,-5.935498,106.001298,13.7,0.1278
54,K-12,Sabtu,2025-03-08 17:45:07,-5.935544,106.000902,7.8,0.1278
54,K-12,Sabtu,2025-03-08 17:45:53,-5.93559,106.000507,5.0,0.1278
54,K-12,Sabtu,2025-03-08 17:46:39,-5.935287,106.000125,8.2,0.1278
54,K-12,Sabtu,2025-03-08 17:47:25,-5.934983,105.999744,13.4,0.1278
54,K-12,Sabtu,2025-03-08 17:48:11,-5.934755,105.999501,9.7,0.1278
54,K-12,Sabtu,2025-03-08 17:48:57,-5.934526,105.999257,10.3,0.1278
54,K-12,Sabtu,2025-03-08 17:49:43,-5.933298,105.998408,9.7,0.1278
54,K-12,Sabtu,2025-03-08 17:50:30,-5.932069,105.99756,0.0,0.1278
55,K-04,Minggu,2025-03-09 04:55:00,-6.120401,106.184492,15.0,0.3308
55,K-04,Minggu,2025-03-09 04:55:30,-6.120006,106.18302,43.2,0.3308
55,K-04,Minggu,2025-03-09 04:56:00,-6.119611,106.181548,42.9,0.3308
55,K-04,Minggu,2025-03-09 04:56:30,-6.11819,106.181962,41.0,0.3308
55,K-04,Minggu,2025-03-09 04:57:00,-6.116769,106.182376,34.9,0.3308
55,K-04,Minggu,2025-03-09 04:57:30,-6.11523,106.183165,39.9,0.3308
55,K-04,Minggu,2025-03-09 04:58:00,-6.113691,106.183954,36.2,0.3308
55,K-04,Minggu,2025-03-09 04:58:30,-6.112462,106.182965,34.8,0.3308
55,K-04,Minggu,2025-03-09 04:59:00,-6.111233,106.181977,46.1,0.3308
55,K-04,Minggu,2025-03-09 04:59:30,-6.107071,106.178041,43.9,0.3308
55,K-04,Minggu,2025-03-09 05:00:00,-6.10291,106.174104,41.7,0.3308
55,K-04,Minggu,2025-03-09 05:00:30,-6.101555,106.172775,37.6,0.3308
55,K-04,Minggu,2025-03-09 05:01:00,-6.100201,106.171446,35.2,0.3308
55,K-04,Minggu,2025-03-09 05:01:30,-6.099287,106.170243,40.3,0.3308
55,K-04,Minggu,2025-03-09 05:02:00,-6.098373,106.169039,44.4,0.3308
55,K-04,Minggu,2025-03-09 05:02:30,-6.097544,106.167923,37.5,0.3308
55,K-04,Minggu,2025-03-09 05:03:00,-6.096714,106.166806,35.8,0.3308
55,K-04,Minggu,2025-03-09 05:03:30,-6.095384,106.164179,37.6,0.3308
55,K-04,Minggu,2025-03-09 05:04:00,-6.094054,106.161552,44.5,0.3308
55,K-04,Minggu,2025-03-09 05:04:30,-6.090362,106.150789,34.4,0.3308
55,K-04,Minggu,2025-03-09 05:05:00,-6.086671,106.140026,35.5,0.3308
55,K-04,Minggu,2025-03-09 05:05:30,-6.086009,106.138655,36.3,0.3308
55,K-04,Minggu,2025-03-09 05:06:00,-6.085348,106.137283,41.3,0.3308
55,K-04,Minggu,2025-03-09 05:06:30,-6.084086,106.135965,36.0,0.3308
55,K-04,Minggu,2025-03-09 05:07:00,-6.082823,106.134648,39.6,0.3308
55,K-04,Minggu,2025-03-09 05:07:30,-6.071108,106.128433,43.9,0.3308
55,K-04,Minggu,2025-03-09 05:08:00,-6.059393,106.122219,37.3,0.3308
55,K-04,Minggu,2025-03-09 05:08:30,-6.055872,106.120039,42.6,0.3308
55,K-04,Minggu,2025-03-09 05:09:00,-6.052352,106.11786,40.0,0.3308
55,K-04,Minggu,2025-03-09 05:09:30,-6.050965,106.116649,43.8,0.3308
55,K-04,Minggu,2025-03-09 05:10:00,-6.049578,106.115439,44.5,0.3308
55,K-04,Minggu,2025-03-09 05:10:30,-6.046235,106.111776,38.3,0.3308
55,K-04,Minggu,2025-03-09 05:11:00,-6.042891,106.108113,35.2,0.3308
55,K-04,Minggu,2025-03-09 05:11:30,-6.041576,106.106827,35.9,0.3308
55,K-04,Minggu,2025-03-09 05:12:00,-6.04026,106.10554,45.4,0.3308
55,K-04,Minggu,2025-03-09 05:12:30,-6.037822,106.10378,36.0,0.3308
55,K-04,Minggu,2025-03-09 05:13:00,-6.035384,106.102019,40.2,0.3308
55,K-04,Minggu,2025-03-09 05:13:30,-6.031515,106.099596,46.1,0.3308
55,K-04,Minggu,2025-03-09 05:14:00,-6.027647,106.097174,43.4,0.3308
55,K-04,Minggu,2025-03-09 05:14:30,-6.025531,106.095443,37.1,0.3308
55,K-04,Minggu,2025-03-09 05:15:00,-6.023414,106.093712,39.5,0.3308
55,K-04,Minggu,2025-03-09 05:15:30,-6.022845,106.092225,41.9,0.3308
55,K-04,Minggu,2025-03-09 05:16:00,-6.022276,106.090738,36.7,0.3308
55,K-04,Minggu,2025-03-09 05:16:30,-6.02324,106.089192,43.0,0.3308
55,K-04,Minggu,2025-03-09 05:17:00,-6.024204,106.087646,38.3,0.3308
55,K-04,Minggu,2025-03-09 05:17:30,-6.02497,106.086703,41.9,0.3308
55,K-04,Minggu,2025-03-09 05:18:00,-6.025735,106.085761,43.3,0.3308
55,K-04,Minggu,2025-03-09 05:18:30,-6.028745,106.085247,35.6,0.3308
55,K-04,Minggu,2025-03-09 05:19:00,-6.031754,106.084733,36.2,0.3308
55,K-04,Minggu,2025-03-09 05:19:30,-6.032953,106.083847,39.0,0.3308
55,K-04,Minggu,2025-03-09 05:20:00,-6.034152,106.082962,37.8,0.3308
55,K-04,Minggu,2025-03-09 05:20:30,-6.033387,106.081626,43.2,0.3308
55,K-04,Minggu,2025-03-09 05:21:00,-6.032623,106.080289,43.2,0.3308
55,K-04,Minggu,2025-03-09 05:21:30,-6.031683,106.079026,40.6,0.3308
55,K-04,Minggu,2025-03-09 05:22:00,-6.030743,106.077762,38.8,0.3308
55,K-04,Minggu,2025-03-09 05:22:30,-6.027209,106.072342,42.7,0.3308
55,K-04,Minggu,2025-03-09 05:23:00,-6.023674,106.066922,39.9,0.3308
55,K-04,Minggu,2025-03-09 05:23:30,-6.022251,106.064022,35.9,0.3308
55,K-04,Minggu,2025-03-09 05:24:00,-6.020827,106.061123,44.6,0.3308
55,K-04,Minggu,2025-03-09 05:24:30,-6.018808,106.056438,34.3,0.3308
55,K-04,Minggu,2025-03-09 05:25:00,-6.016789,106.051754,45.3,0.3308
55,K-04,Minggu,2025-03-09 05:25:30,-6.016001,106.050271,39.6,0.3308
55,K-04,Minggu,2025-03-09 05:26:00,-6.015214,106.048787,42.3,0.3308
55,K-04,Minggu,2025-03-09 05:26:30,-6.013647,106.046452,45.7,0.3308
55,K-04,Minggu,2025-03-09 05:27:00,-6.012079,106.044116,42.4,0.3308
55,K-04,Minggu,2025-03-09 05:27:30,-6.011188,106.043044,34.7,0.3308
55,K-04,Minggu,2025-03-09 05:28:00,-6.010297,106.041972,45.2,0.3308
55,K-04,Minggu,2025-03-09 05:28:30,-6.008942,106.0413,41.8,0.3308
55,K-04,Minggu,2025-03-09 05:29:00,-6.007588,106.040627,45.7,0.3308
55,K-04,Minggu,2025-03-09 05:29:30,-6.001115,106.036017,39.4,0.3308
55,K-04,Minggu,2025-03-09 05:30:00,-5.994642,106.031408,45.2,0.3308
55,K-04,Minggu,2025-03-09 05:30:30,-5.994061,106.030219,44.5,0.3308
55,K-04,Minggu,2025-03-09 05:31:00,-5.99348,106.02903,38.2,0.3308
55,K-04,Minggu,2025-03-09 05:31:30,-5.994473,106.028137,37.4,0.3308
55,K-04,Minggu,2025-03-09 05:32:00,-5.995467,106.027244,35.4,0.3308
55,K-04,Minggu,2025-03-09 05:32:30,-5.995702,106.025915,42.1,0.3308
55,K-04,Minggu,2025-03-09 05:33:00,-5.995937,106.024587,38.9,0.3308
55,K-04,Minggu,2025-03-09 05:33:30,-5.99672,106.023599,43.5,0.3308
55,K-04,Minggu,2025-03-09 05:34:00,-5.997503,106.022612,43.2,0.3308
55,K-04,Minggu,2025-03-09 05:34:30,-5.999339,106.022582,43.0,0.3308
55,K-04,Minggu,2025-03-09 05:35:00,-6.001174,106.022552,41.3,0.3308
55,K-04,Minggu,2025-03-09 05:35:30,-6.001934,106.023665,36.5,0.3308
55,K-04,Minggu,2025-03-09 05:36:00,-6.002694,106.024778,38.2,0.3308
55,K-04,Minggu,2025-03-09 05:36:30,-6.002762,106.025294,42.5,0.3308
55,K-04,Minggu,2025-03-09 05:37:00,-6.00283,106.02581,36.4,0.3308
55,K-04,Minggu,2025-03-09 05:37:30,-6.00286,106.025299,40.8,0.3308
55,K-04,Minggu,2025-03-09 05:38:00,-6.00289,106.024787,0.0,0.3308
56,K-04,Minggu,2025-03-09 10:18:00,-6.00289,106.024787,15.0,0.3295
56,K-04,Minggu,2025-03-09 10:18:38,-6.00286,106.025299,30.9,0.3295
56,K-04,Minggu,2025-03-09 10:19:16,-6.00283,106.02581,28.1,0.3295
56,K-04,Minggu,2025-03-09 10:19:54,-6.002762,106.025294,28.9,0.3295
56,K-04,Minggu,2025-03-09 10:20:32,-6.002694,106.024778,27.8,0.3295
56,K-04,Minggu,2025-03-09 10:21:10,-6.001934,106.023665,25.8,0.3295
56,K-04,Minggu,2025-03-09 10:21:48,-6.001174,106.022552,26.6,0.3295
56,K-04,Minggu,2025-03-09 10:22:26,-5.999339,106.022582,36.8,0.3295
56,K-04,Minggu,2025-03-09 10:23:04,-5.997503,106.022612,33.4,0.3295
56,K-04,Minggu,2025-03-09 10:23:42,-5.99672,106.023599,35.5,0.3295
56,K-04,Minggu,2025-03-09 10:24:20,-5.995937,106.024587,36.9,0.3295
56,K-04,Minggu,2025-03-09 10:24:59,-5.995702,106.025915,33.2,0.3295
56,K-04,Minggu,2025-03-09 10:25:37,-5.995467,106.027244,34.0,0.3295
56,K-04,Minggu,2025-03-09 10:26:15,-5.994473,106.028137,26.9,0.3295
56,K-04,Minggu,2025-03-09 10:26:53,-5.99348,106.02903,35.8,0.3295
56,K-04,Minggu,2025-03-09 10:27:31,-5.994061,106.030219,27.1,0.3295
56,K-04,Minggu,2025-03-09 10:28:09,-5.994642,106.031408,33.4,0.3295
56,K-04,Minggu,2025-03-09 10:28:47,-6.001115,106.036017,36.3,0.3295
56,K-04,Minggu,2025-03-09 10:29:25,-6.007588,106.040627,32.3,0.3295
56,K-04,Minggu,2025-03-09 10:30:03,-6.008942,106.0413,37.1,0.3295
56,K-04,Minggu,2025-03-09 10:30:41,-6.010297,106.041972,36.3,0.3295
56,K-04,Minggu,2025-03-09 10:31:19,-6.011188,106.043044,33.8,0.3295
56,K-04,Minggu,2025-03-09 10:31:58,-6.012079,106.044116,28.5,0.3295
56,K-04,Minggu,2025-03-09 10:32:36,-6.013647,106.046452,31.1,0.3295
56,K-04,Minggu,2025-03-09 10:33:14,-6.015214,106.048787,36.7,0.3295
56,K-04,Minggu,2025-03-09 10:33:52,-6.016001,106.050271,33.2,0.3295
56,K-04,Minggu,2025-03-09 10:34:30,-6.016789,106.051754,36.6,0.3295
56,K-04,Minggu,2025-03-09 10:35:08,-6.018808,106.056438,28.8,0.3295
56,K-04,Minggu,2025-03-09 10:35:46,-6.020827,106.061123,30.6,0.3295
56,K-04,Minggu,2025-03-09 10:36:24,-6.022251,106.064022,36.3,0.3295
56,K-04,Minggu,2025-03-09 10:37:02,-6.023674,106.066922,34.7,0.3295
56,K-04,Minggu,2025-03-09 10:37:40,-6.027209,106.072342,29.4,0.3295
56,K-04,Minggu,2025-03-09 10:38:18,-6.030743,106.077762,27.4,0.3295
56,K-04,Minggu,2025-03-09 10:38:57,-6.031683,106.079026,26.4,0.3295
56,K-04,Minggu,2025-03-09 10:39:35,-6.032623,106.080289,34.8,0.3295
56,K-04,Minggu,2025-03-09 10:40:13,-6.033387,106.081626,30.1,0.3295
56,K-04,Minggu,2025-03-09 10:40:51,-6.034152,106.082962,29.5,0.3295
56,K-04,Minggu,2025-03-09 10:41:29,-6.032953,106.083847,26.2,0.3295
56,K-04,Minggu,2025-03-09 10:42:07,-6.031754,106.084733,37.0,0.3295
56,K-04,Minggu,2025-03-09 10:42:45,-6.028745,106.085247,28.7,0.3295
56,K-04,Minggu,2025-03-09 10:43:23,-6.025735,106.085761,30.8,0.3295
56,K-04,Minggu,2025-03-09 10:44:01,-6.02497,106.086703,31.4,0.3295
56,K-04,Minggu,2025-03-09 10:44:39,-6.024204,106.087646,36.6,0.3295
56,K-04,Minggu,2025-03-09 10:45:18,-6.02324,106.089192,32.8,0.3295
56,K-04,Minggu,2025-03-09 10:45:56,-6.022276,106.090738,27.6,0.3295
56,K-04,Minggu,2025-03-09 10:46:34,-6.022845,106.092225,31.4,0.3295
56,K-04,Minggu,2025-03-09 10:47:12,-6.023414,106.093712,27.2,0.3295
56,K-04,Minggu,2025-03-09 10:47:50,-6.025531,106.095443,34.7,0.3295
56,K-04,Minggu,2025-03-09 10:48:28,-6.027647,106.097174,28.1,0.3295
56,K-04,Minggu,2025-03-09 10:49:06,-6.031515,106.099596,33.2,0.3295
56,K-04,Minggu,2025-03-09 10:49:44,-6.035384,106.102019,36.5,0.3295
56,K-04,Minggu,2025-03-09 10:50:22,-6.037822,106.10378,34.1,0.3295
56,K-04,Minggu,2025-03-09 10:51:00,-6.04026,106.10554,26.7,0.3295
56,K-04,Minggu,2025-03-09 10:51:38,-6.041576,106.106827,26.4,0.3295
56,K-04,Minggu,2025-03-09 10:52:17,-6.042891,106.108113,32.4,0.3295
56,K-04,Minggu,2025-03-09 10:52:55,-6.046235,106.111776,28.5,0.3295
56,K-04,Minggu,2025-03-09 10:53:33,-6.049578,106.115439,30.9,0.3295
56,K-04,Minggu,2025-03-09 10:54:11,-6.050965,106.116649,36.3,0.3295
56,K-04,Minggu,2025-03-09 10:54:49,-6.052352,106.11786,27.3,0.3295
56,K-04,Minggu,2025-03-09 10:55:27,-6.055872,106.120039,33.2,0.3295
56,K-04,Minggu,2025-03-09 10:56:05,-6.059393,106.122219,36.7,0.3295
56,K-04,Minggu,2025-03-09 10:56:43,-6.071108,106.128433,33.5,0.3295
56,K-04,Minggu,2025-03-09 10:57:21,-6.082823,106.134648,28.7,0.3295
56,K-04,Minggu,2025-03-09 10:57:59,-6.084086,106.135965,33.9,0.3295
56,K-04,Minggu,2025-03-09 10:58:37,-6.085348,106.137283,36.4,0.3295
56,K-04,Minggu,2025-03-09 10:59:16,-6.086009,106.138655,32.4,0.3295
56,K-04,Minggu,2025-03-09 10:59:54,-6.086671,106.140026,31.7,0.3295
56,K-04,Minggu,2025-03-09 11:00:32,-6.090362,106.150789,36.8,0.3295
56,K-04,Minggu,2025-03-09 11:01:10,-6.094054,106.161552,31.4,0.3295
56,K-04,Minggu,2025-03-09 11:01:48,-6.095384,106.164179,30.7,0.3295
56,K-04,Minggu,2025-03-09 11:02:26,-6.096714,106.166806,35.6,0.3295
56,K-04,Minggu,2025-03-09 11:03:04,-6.097544,106.167923,34.9,0.3295
56,K-04,Minggu,2025-03-09 11:03:42,-6.098373,106.169039,34.9,0.3295
56,K-04,Minggu,2025-03-09 11:04:20,-6.099287,106.170243,32.0,0.3295
56,K-04,Minggu,2025-03-09 11:04:58,-6.100201,106.171446,25.5,0.3295
56,K-04,Minggu,2025-03-09 11:05:36,-6.101555,106.172775,36.9,0.3295
56,K-04,Minggu,2025-03-09 11:06:15,-6.10291,106.174104,35.3,0.3295
56,K-04,Minggu,2025-03-09 11:06:53,-6.107071,106.178041,31.3,0.3295
56,K-04,Minggu,2025-03-09 11:07:31,-6.111233,106.181977,32.3,0.3295
56,K-04,Minggu,2025-03-09 11:08:09,-6.112462,106.182965,36.7,0.3295
56,K-04,Minggu,2025-03-09 11:08:47,-6.113691,106.183954,29.8,0.3295
56,K-04,Minggu,2025-03-09 11:09:25,-6.11523,106.183165,33.7,0.3295
56,K-04,Minggu,2025-03-09 11:10:03,-6.116769,106.182376,30.3,0.3295
56,K-04,Minggu,2025-03-09 11:10:41,-6.11819,106.181962,33.1,0.3295
56,K-04,Minggu,2025-03-09 11:11:19,-6.119611,106.181548,37.0,0.3295
56,K-04,Minggu,2025-03-09 11:11:57,-6.120006,106.18302,26.6,0.3295
56,K-04,Minggu,2025-03-09 11:12:36,-6.120401,106.184492,0.0,0.3295
57,K-04,Minggu,2025-03-09 16:36:00,-6.00289,106.024787,15.0,0.3289
57,K-04,Minggu,2025-03-09 16:37:11,-6.00286,106.025299,18.6,0.3289
57,K-04,Minggu,2025-03-09 16:38:22,-6.00283,106.02581,12.9,0.3289
57,K-04,Minggu,2025-03-09 16:39:33,-6.002762,106.025294,11.3,0.3289
57,K-04,Minggu,2025-03-09 16:40:44,-6.002694,106.024778,15.4,0.3289
57,K-04,Minggu,2025-03-09 16:41:55,-6.001934,106.023665,13.1,0.3289
57,K-04,Minggu,2025-03-09 16:43:06,-6.001174,106.022552,19.2,0.3289
57,K-04,Minggu,2025-03-09 16:44:18,-5.999339,106.022582,21.6,0.3289
57,K-04,Minggu,2025-03-09 16:45:29,-5.997503,106.022612,18.4,0.3289
57,K-04,Minggu,2025-03-09 16:46:40,-5.99672,106.023599,15.1,0.3289
57,K-04,Minggu,2025-03-09 16:47:51,-5.995937,106.024587,11.8,0.3289
57,K-04,Minggu,2025-03-09 16:49:02,-5.995702,106.025915,18.4,0.3289
57,K-04,Minggu,2025-03-09 16:50:13,-5.995467,106.027244,19.6,0.3289
57,K-04,Minggu,2025-03-09 16:51:25,-5.994473,106.028137,12.5,0.3289
57,K-04,Minggu,2025-03-09 16:52:36,-5.99348,106.02903,13.1,0.3289
57,K-04,Minggu,2025-03-09 16:53:47,-5.994061,106.030219,19.4,0.3289
57,K-04,Minggu,2025-03-09 16:54:58,-5.994642,106.031408,17.9,0.3289
57,K-04,Minggu,2025-03-09 16:56:09,-6.001115,106.036017,16.7,0.3289
57,K-04,Minggu,2025-03-09 16:57:20,-6.007588,106.040627,11.6,0.3289
57,K-04,Minggu,2025-03-09 16:58:32,-6.008942,106.0413,17.3,0.3289
57,K-04,Minggu,2025-03-09 16:59:43,-6.010297,106.041972,14.5,0.3289
57,K-04,Minggu,2025-03-09 17:00:54,-6.011188,106.043044,17.2,0.3289
57,K-04,Minggu,2025-03-09 17:02:05,-6.012079,106.044116,20.8,0.3289
57,K-04,Minggu,2025-03-09 17:03:16,-6.013647,106.046452,16.2,0.3289
57,K-04,Minggu,2025-03-09 17:04:27,-6.015214,106.048787,22.8,0.3289
57,K-04,Minggu,2025-03-09 17:05:39,-6.016001,106.050271,11.2,0.3289
57,K-04,Minggu,2025-03-09 17:06:50,-6.016789,106.051754,11.5,0.3289
57,K-04,Minggu,2025-03-09 17:08:01,-6.018808,106.056438,20.3,0.3289
57,K-04,Minggu,2025-03-09 17:09:12,-6.020827,106.061123,11.3,0.3289
57,K-04,Minggu,2025-03-09 17:10:23,-6.022251,106.064022,12.2,0.3289
57,K-04,Minggu,2025-03-09 17:11:34,-6.023674,106.066922,20.5,0.3289
57,K-04,Minggu,2025-03-09 17:12:46,-6.027209,106.072342,18.8,0.3289
57,K-04,Minggu,2025-03-09 17:13:57,-6.030743,106.077762,16.3,0.3289
57,K-04,Minggu,2025-03-09 17:15:08,-6.031683,106.079026,18.9,0.3289
57,K-04,Minggu,2025-03-09 17:16:19,-6.032623,106.080289,21.3,0.3289
57,K-04,Minggu,2025-03-09 17:17:30,-6.033387,106.081626,12.6,0.3289
57,K-04,Minggu,2025-03-09 17:18:41,-6.034152,106.082962,17.8,0.3289
57,K-04,Minggu,2025-03-09 17:19:53,-6.032953,106.083847,21.9,0.3289
57,K-04,Minggu,2025-03-09 17:21:04,-6.031754,106.084733,11.2,0.3289
57,K-04,Minggu,2025-03-09 17:22:15,-6.028745,106.085247,12.5,0.3289
57,K-04,Minggu,2025-03-09 17:23:26,-6.025735,106.085761,18.6,0.3289
57,K-04,Minggu,2025-03-09 17:24:37,-6.02497,106.086703,16.5,0.3289
57,K-04,Minggu,2025-03-09 17:25:48,-6.024204,106.087646,21.8,0.3289
57,K-04,Minggu,2025-03-09 17:27:00,-6.02324,106.089192,11.3,0.3289
57,K-04,Minggu,2025-03-09 17:28:11,-6.022276,106.090738,19.2,0.3289
57,K-04,Minggu,2025-03-09 17:29:22,-6.022845,106.092225,12.4,0.3289
57,K-04,Minggu,2025-03-09 17:30:33,-6.023414,106.093712,12.9,0.3289
57,K-04,Minggu,2025-03-09 17:31:44,-6.025531,106.095443,11.4,0.3289
57,K-04,Minggu,2025-03-09 17:32:55,-6.027647,106.097174,14.5,0.3289
57,K-04,Minggu,2025-03-09 17:34:06,-6.031515,106.099596,20.3,0.3289
57,K-04,Minggu,2025-03-09 17:35:18,-6.035384,106.102019,16.3,0.3289
57,K-04,Minggu,2025-03-09 17:36:29,-6.037822,106.10378,12.8,0.3289
57,K-04,Minggu,2025-03-09 17:37:40,-6.04026,106.10554,17.9,0.3289
57,K-04,Minggu,2025-03-09 17:38:51,-6.041576,106.106827,20.6,0.3289
57,K-04,Minggu,2025-03-09 17:40:02,-6.042891,106.108113,12.1,0.3289
57,K-04,Minggu,2025-03-09 17:41:13,-6.046235,106.111776,16.8,0.3289
57,K-04,Minggu,2025-03-09 17:42:25,-6.049578,106.115439,20.4,0.3289
57,K-04,Minggu,2025-03-09 17:43:36,-6.050965,106.116649,13.4,0.3289
57,K-04,Minggu,2025-03-09 17:44:47,-6.052352,106.11786,20.5,0.3289
57,K-04,Minggu,2025-03-09 17:45:58,-6.055872,106.120039,15.9,0.3289
57,K-04,Minggu,2025-03-09 17:47:09,-6.059393,106.122219,20.5,0.3289
57,K-04,Minggu,2025-03-09 17:48:20,-6.071108,106.128433,22.6,0.3289
57,K-04,Minggu,2025-03-09 17:49:32,-6.082823,106.134648,18.9,0.3289
57,K-04,Minggu,2025-03-09 17:50:43,-6.084086,106.135965,14.7,0.3289
57,K-04,Minggu,2025-03-09 17:51:54,-6.085348,106.137283,22.5,0.3289
57,K-04,Minggu,2025-03-09 17:53:05,-6.086009,106.138655,17.7,0.3289
57,K-04,Minggu,2025-03-09 17:54:16,-6.086671,106.140026,12.4,0.3289
57,K-04,Minggu,2025-03-09 17:55:27,-6.090362,106.150789,20.8,0.3289
57,K-04,Minggu,2025-03-09 17:56:39,-6.094054,106.161552,20.3,0.3289
57,K-04,Minggu,2025-03-09 17:57:50,-6.095384,106.164179,20.0,0.3289
57,K-04,Minggu,2025-03-09 17:59:01,-6.096714,106.166806,17.9,0.3289
57,K-04,Minggu,2025-03-09 18:00:12,-6.097544,106.167923,14.8,0.3289
57,K-04,Minggu,2025-03-09 18:01:23,-6.098373,106.169039,12.2,0.3289
57,K-04,Minggu,2025-03-09 18:02:34,-6.099287,106.170243,12.5,0.3289
57,K-04,Minggu,2025-03-09 18:03:46,-6.100201,106.171446,15.8,0.3289
57,K-04,Minggu,2025-03-09 18:04:57,-6.101555,106.172775,19.2,0.3289
57,K-04,Minggu,2025-03-09 18:06:08,-6.10291,106.174104,17.4,0.3289
57,K-04,Minggu,2025-03-09 18:07:19,-6.107071,106.178041,16.1,0.3289
57,K-04,Minggu,2025-03-09 18:08:30,-6.111233,106.181977,21.9,0.3289
57,K-04,Minggu,2025-03-09 18:09:41,-6.112462,106.182965,11.3,0.3289
57,K-04,Minggu,2025-03-09 18:10:53,-6.113691,106.183954,12.0,0.3289
57,K-04,Minggu,2025-03-09 18:12:04,-6.11523,106.183165,21.0,0.3289
57,K-04,Minggu,2025-03-09 18:13:15,-6.116769,106.182376,18.1,0.3289
57,K-04,Minggu,2025-03-09 18:14:26,-6.11819,106.181962,20.1,0.3289
57,K-04,Minggu,2025-03-09 18:15:37,-6.119611,106.181548,11.0,0.3289
57,K-04,Minggu,2025-03-09 18:16:48,-6.120006,106.18302,16.6,0.3289
57,K-04,Minggu,2025-03-09 18:18:00,-6.120401,106.184492,0.0,0.3289
58,K-07,Minggu,2025-03-09 04:45:00,-6.120401,106.184492,15.0,0.3566
58,K-07,Minggu,2025-03-09 04:45:33,-6.120449,106.182988,41.7,0.3566
58,K-07,Minggu,2025-03-09 04:46:07,-6.120497,106.181485,37.9,0.3566
58,K-07,Minggu,2025-03-09 04:46:41,-6.119015,106.181689,33.7,0.3566
58,K-07,Minggu,2025-03-09 04:47:15,-6.117534,106.181893,33.9,0.3566
58,K-07,Minggu,2025-03-09 04:47:49,-6.116447,106.18275,35.5,0.3566
58,K-07,Minggu,2025-03-09 04:48:23,-6.115361,106.183607,37.6,0.3566
58,K-07,Minggu,2025-03-09 04:48:57,-6.114493,106.183838,35.1,0.3566
58,K-07,Minggu,2025-03-09 04:49:31,-6.113625,106.184069,34.3,0.3566
58,K-07,Minggu,2025-03-09 04:50:05,-6.109409,106.180187,40.5,0.3566
58,K-07,Minggu,2025-03-09 04:50:39,-6.105193,106.176306,39.4,0.3566
58,K-07,Minggu,2025-03-09 04:51:13,-6.100575,106.170921,40.8,0.3566
58,K-07,Minggu,2025-03-09 04:51:47,-6.095958,106.165536,39.5,0.3566
58,K-07,Minggu,2025-03-09 04:52:21,-6.093378,106.158769,33.3,0.3566
58,K-07,Minggu,2025-03-09 04:52:55,-6.090798,106.152001,42.1,0.3566
58,K-07,Minggu,2025-03-09 04:53:29,-6.088704,106.145865,35.8,0.3566
58,K-07,Minggu,2025-03-09 04:54:03,-6.08661,106.139728,37.2,0.3566
58,K-07,Minggu,2025-03-09 04:54:37,-6.081891,106.135638,38.9,0.3566
58,K-07,Minggu,2025-03-09 04:55:11,-6.077171,106.131547,34.5,0.3566
58,K-07,Minggu,2025-03-09 04:55:44,-6.067851,106.126623,44.0,0.3566
58,K-07,Minggu,2025-03-09 04:56:18,-6.058531,106.1217,43.9,0.3566
58,K-07,Minggu,2025-03-09 04:56:52,-6.054898,106.119329,39.6,0.3566
58,K-07,Minggu,2025-03-09 04:57:26,-6.051265,106.116959,42.6,0.3566
58,K-07,Minggu,2025-03-09 04:58:00,-6.047156,106.112505,44.0,0.3566
58,K-07,Minggu,2025-03-09 04:58:34,-6.043048,106.108051,38.3,0.3566
58,K-07,Minggu,2025-03-09 04:59:08,-6.039813,106.105373,37.8,0.3566
58,K-07,Minggu,2025-03-09 04:59:42,-6.036578,106.102696,39.7,0.3566
58,K-07,Minggu,2025-03-09 05:00:16,-6.030036,106.098298,34.7,0.3566
58,K-07,Minggu,2025-03-09 05:00:50,-6.023493,106.093901,32.8,0.3566
58,K-07,Minggu,2025-03-09 05:01:24,-6.022763,106.093069,33.6,0.3566
58,K-07,Minggu,2025-03-09 05:01:58,-6.022034,106.092237,34.0,0.3566
58,K-07,Minggu,2025-03-09 05:02:32,-6.022133,106.091267,42.3,0.3566
58,K-07,Minggu,2025-03-09 05:03:06,-6.022233,106.090297,43.1,0.3566
58,K-07,Minggu,2025-03-09 05:03:40,-6.023358,106.088664,38.2,0.3566
58,K-07,Minggu,2025-03-09 05:04:14,-6.024483,106.087031,34.1,0.3566
58,K-07,Minggu,2025-03-09 05:04:48,-6.025137,106.086275,43.3,0.3566
58,K-07,Minggu,2025-03-09 05:05:22,-6.025791,106.085519,32.8,0.3566
58,K-07,Minggu,2025-03-09 05:05:55,-6.028265,106.085363,36.6,0.3566
58,K-07,Minggu,2025-03-09 05:06:29,-6.03074,106.085206,34.7,0.3566
58,K-07,Minggu,2025-03-09 05:07:03,-6.031801,106.08464,35.2,0.3566
58,K-07,Minggu,2025-03-09 05:07:37,-6.032862,106.084073,39.6,0.3566
58,K-07,Minggu,2025-03-09 05:08:11,-6.033632,106.083619,42.9,0.3566
58,K-07,Minggu,2025-03-09 05:08:45,-6.034402,106.083165,37.6,0.3566
58,K-07,Minggu,2025-03-09 05:09:19,-6.033392,106.081554,33.5,0.3566
58,K-07,Minggu,2025-03-09 05:09:53,-6.032382,106.079943,32.8,0.3566
58,K-07,Minggu,2025-03-09 05:10:27,-6.030944,106.077923,38.6,0.3566
58,K-07,Minggu,2025-03-09 05:11:01,-6.029506,106.075904,34.1,0.3566
58,K-07,Minggu,2025-03-09 05:11:35,-6.027943,106.073596,32.5,0.3566
58,K-07,Minggu,2025-03-09 05:12:09,-6.02638,106.071289,38.4,0.3566
58,K-07,Minggu,2025-03-09 05:12:43,-6.024512,106.068114,33.1,0.3566
58,K-07,Minggu,2025-03-09 05:13:17,-6.022644,106.064939,35.0,0.3566
58,K-07,Minggu,2025-03-09 05:13:51,-6.020935,106.060982,37.5,0.3566
58,K-07,Minggu,2025-03-09 05:14:25,-6.019226,106.057025,39.2,0.3566
58,K-07,Minggu,2025-03-09 05:14:59,-6.017736,106.053745,37.2,0.3566
58,K-07,Minggu,2025-03-09 05:15:33,-6.016247,106.050465,41.2,0.3566
58,K-07,Minggu,2025-03-09 05:16:06,-6.014927,106.048385,43.0,0.3566
58,K-07,Minggu,2025-03-09 05:16:40,-6.013608,106.046306,35.0,0.3566
58,K-07,Minggu,2025-03-09 05:17:14,-6.013208,106.045749,33.5,0.3566
58,K-07,Minggu,2025-03-09 05:17:48,-6.012807,106.045191,34.9,0.3566
58,K-07,Minggu,2025-03-09 05:18:22,-6.012175,106.043406,35.0,0.3566
58,K-07,Minggu,2025-03-09 05:18:56,-6.011543,106.041621,37.2,0.3566
58,K-07,Minggu,2025-03-09 05:19:30,-6.01086,106.037239,34.6,0.3566
58,K-07,Minggu,2025-03-09 05:20:04,-6.010176,106.032856,42.9,0.3566
58,K-07,Minggu,2025-03-09 05:20:38,-6.009626,106.028951,33.1,0.3566
58,K-07,Minggu,2025-03-09 05:21:12,-6.009075,106.025045,39.2,0.3566
58,K-07,Minggu,2025-03-09 05:21:46,-6.009984,106.021793,32.9,0.3566
58,K-07,Minggu,2025-03-09 05:22:20,-6.010892,106.01854,37.4,0.3566
58,K-07,Minggu,2025-03-09 05:22:54,-6.011474,106.0155,34.8,0.3566
58,K-07,Minggu,2025-03-09 05:23:28,-6.012056,106.01246,39.5,0.3566
58,K-07,Minggu,2025-03-09 05:24:02,-6.012134,106.009563,34.3,0.3566
58,K-07,Minggu,2025-03-09 05:24:36,-6.012211,106.006667,36.7,0.3566
58,K-07,Minggu,2025-03-09 05:25:10,-6.01184,106.003198,37.7,0.3566
58,K-07,Minggu,2025-03-09 05:25:44,-6.01147,105.99973,34.5,0.3566
58,K-07,Minggu,2025-03-09 05:26:17,-6.010867,105.996921,36.5,0.3566
58,K-07,Minggu,2025-03-09 05:26:51,-6.010265,105.994113,35.4,0.3566
58,K-07,Minggu,2025-03-09 05:27:25,-6.011052,105.988977,36.2,0.3566
58,K-07,Minggu,2025-03-09 05:27:59,-6.01184,105.983841,32.6,0.3566
58,K-07,Minggu,2025-03-09 05:28:33,-6.013607,105.980132,39.0,0.3566
58,K-07,Minggu,2025-03-09 05:29:07,-6.015375,105.976423,35.6,0.3566
58,K-07,Minggu,2025-03-09 05:29:41,-6.016651,105.973485,33.5,0.3566
58,K-07,Minggu,2025-03-09 05:30:15,-6.017927,105.970547,37.8,0.3566
58,K-07,Minggu,2025-03-09 05:30:49,-6.018326,105.969919,37.2,0.3566
58,K-07,Minggu,2025-03-09 05:31:23,-6.018725,105.969291,41.3,0.3566
58,K-07,Minggu,2025-03-09 05:31:57,-6.02085,105.967025,34.8,0.3566
58,K-07,Minggu,2025-03-09 05:32:31,-6.022975,105.964758,35.7,0.3566
58,K-07,Minggu,2025-03-09 05:33:05,-6.023462,105.963127,34.1,0.3566
58,K-07,Minggu,2025-03-09 05:33:39,-6.023949,105.961495,41.7,0.3566
58,K-07,Minggu,2025-03-09 05:34:13,-6.023233,105.958851,43.6,0.3566
58,K-07,Minggu,2025-03-09 05:34:47,-6.022516,105.956207,43.1,0.3566
58,K-07,Minggu,2025-03-09 05:35:21,-6.02342,105.953825,39.1,0.3566
58,K-07,Minggu,2025-03-09 05:35:55,-6.024323,105.951444,38.8,0.3566
58,K-07,Minggu,2025-03-09 05:36:28,-6.025311,105.950308,35.0,0.3566
58,K-07,Minggu,2025-03-09 05:37:02,-6.0263,105.949172,37.1,0.3566
58,K-07,Minggu,2025-03-09 05:37:36,-6.028849,105.945886,38.5,0.3566
58,K-07,Minggu,2025-03-09 05:38:10,-6.031397,105.9426,42.5,0.3566
58,K-07,Minggu,2025-03-09 05:38:44,-6.033191,105.939526,34.8,0.3566
58,K-07,Minggu,2025-03-09 05:39:18,-6.034985,105.936452,37.9,0.3566
58,K-07,Minggu,2025-03-09 05:39:52,-6.036134,105.933928,37.8,0.3566
58,K-07,Minggu,2025-03-09 05:40:26,-6.037284,105.931403,32.4,0.3566
58,K-07,Minggu,2025-03-09 05:41:00,-6.038605,105.929077,37.3,0.3566
58,K-07,Minggu,2025-03-09 05:41:34,-6.039927,105.92675,42.7,0.3566
58,K-07,Minggu,2025-03-09 05:42:08,-6.040842,105.926202,35.2,0.3566
58,K-07,Minggu,2025-03-09 05:42:42,-6.041757,105.925654,37.4,0.3566
58,K-07,Minggu,2025-03-09 05:43:16,-6.043299,105.925629,34.9,0.3566
58,K-07,Minggu,2025-03-09 05:43:50,-6.044842,105.925605,43.3,0.3566
58,K-07,Minggu,2025-03-09 05:44:24,-6.04665,105.925298,43.6,0.3566
58,K-07,Minggu,2025-03-09 05:44:58,-6.048458,105.924992,43.2,0.3566
58,K-07,Minggu,2025-03-09 05:45:32,-6.050837,105.923865,43.0,0.3566
58,K-07,Minggu,2025-03-09 05:46:06,-6.053216,105.922737,0.0,0.3566
59,K-07,Minggu,2025-03-09 10:05:00,-6.053216,105.922737,15.0,0.3548
59,K-07,Minggu,2025-03-09 10:05:44,-6.050837,105.923865,28.0,0.3548
59,K-07,Minggu,2025-03-09 10:06:29,-6.048458,105.924992,27.6,0.3548
59,K-07,Minggu,2025-03-09 10:07:13,-6.04665,105.925298,32.6,0.3548
59,K-07,Minggu,2025-03-09 10:07:58,-6.044842,105.925605,31.3,0.3548
59,K-07,Minggu,2025-03-09 10:08:43,-6.043299,105.925629,24.1,0.3548
59,K-07,Minggu,2025-03-09 10:09:27,-6.041757,105.925654,28.8,0.3548
59,K-07,Minggu,2025-03-09 10:10:12,-6.040842,105.926202,23.9,0.3548
59,K-07,Minggu,2025-03-09 10:10:56,-6.039927,105.92675,31.9,0.3548
59,K-07,Minggu,2025-03-09 10:11:41,-6.038605,105.929077,31.2,0.3548
59,K-07,Minggu,2025-03-09 10:12:26,-6.037284,105.931403,27.8,0.3548
59,K-07,Minggu,2025-03-09 10:13:10,-6.036134,105.933928,25.5,0.3548
59,K-07,Minggu,2025-03-09 10:13:55,-6.034985,105.936452,27.2,0.3548
59,K-07,Minggu,2025-03-09 10:14:39,-6.033191,105.939526,25.8,0.3548
59,K-07,Minggu,2025-03-09 10:15:24,-6.031397,105.9426,34.9,0.3548
59,K-07,Minggu,2025-03-09 10:16:09,-6.028849,105.945886,23.1,0.3548
59,K-07,Minggu,2025-03-09 10:16:53,-6.0263,105.949172,30.9,0.3548
59,K-07,Minggu,2025-03-09 10:17:38,-6.025311,105.950308,24.8,0.3548
59,K-07,Minggu,2025-03-09 10:18:23,-6.024323,105.951444,28.4,0.3548
59,K-07,Minggu,2025-03-09 10:19:07,-6.02342,105.953825,29.7,0.3548
59,K-07,Minggu,2025-03-09 10:19:52,-6.022516,105.956207,29.9,0.3548
59,K-07,Minggu,2025-03-09 10:20:36,-6.023233,105.958851,34.6,0.3548
59,K-07,Minggu,2025-03-09 10:21:21,-6.023949,105.961495,28.5,0.3548
59,K-07,Minggu,2025-03-09 10:22:06,-6.023462,105.963127,24.6,0.3548
59,K-07,Minggu,2025-03-09 10:22:50,-6.022975,105.964758,31.3,0.3548
59,K-07,Minggu,2025-03-09 10:23:35,-6.02085,105.967025,25.1,0.3548
59,K-07,Minggu,2025-03-09 10:24:19,-6.018725,105.969291,33.4,0.3548
59,K-07,Minggu,2025-03-09 10:25:04,-6.018326,105.969919,30.4,0.3548
59,K-07,Minggu,2025-03-09 10:25:49,-6.017927,105.970547,31.3,0.3548
59,K-07,Minggu,2025-03-09 10:26:33,-6.016651,105.973485,22.9,0.3548
59,K-07,Minggu,2025-03-09 10:27:18,-6.015375,105.976423,30.4,0.3548
59,K-07,Minggu,2025-03-09 10:28:02,-6.013607,105.980132,27.5,0.3548
59,K-07,Minggu,2025-03-09 10:28:47,-6.01184,105.983841,31.2,0.3548
59,K-07,Minggu,2025-03-09 10:29:32,-6.011052,105.988977,29.3,0.3548
59,K-07,Minggu,2025-03-09 10:30:16,-6.010265,105.994113,26.5,0.3548
59,K-07,Minggu,2025-03-09 10:31:01,-6.010867,105.996921,31.9,0.3548
59,K-07,Minggu,2025-03-09 10:31:46,-6.01147,105.99973,31.3,0.3548
59,K-07,Minggu,2025-03-09 10:32:30,-6.01184,106.003198,30.3,0.3548
59,K-07,Minggu,2025-03-09 10:33:15,-6.012211,106.006667,29.8,0.3548
59,K-07,Minggu,2025-03-09 10:33:59,-6.012134,106.009563,25.4,0.3548
59,K-07,Minggu,2025-03-09 10:34:44,-6.012056,106.01246,31.1,0.3548
59,K-07,Minggu,2025-03-09 10:35:29,-6.011474,106.0155,30.3,0.3548
59,K-07,Minggu,2025-03-09 10:36:13,-6.010892,106.01854,26.9,0.3548
59,K-07,Minggu,2025-03-09 10:36:58,-6.009984,106.021793,34.1,0.3548
59,K-07,Minggu,2025-03-09 10:37:42,-6.009075,106.025045,29.1,0.3548
59,K-07,Minggu,2025-03-09 10:38:27,-6.009626,106.028951,33.8,0.3548
59,K-07,Minggu,2025-03-09 10:39:12,-6.010176,106.032856,27.3,0.3548
59,K-07,Minggu,2025-03-09 10:39:56,-6.01086,106.037239,23.5,0.3548
59,K-07,Minggu,2025-03-09 10:40:41,-6.011543,106.041621,27.5,0.3548
59,K-07,Minggu,2025-03-09 10:41:25,-6.012175,106.043406,28.5,0.3548
59,K-07,Minggu,2025-03-09 10:42:10,-6.012807,106.045191,23.4,0.3548
59,K-07,Minggu,2025-03-09 10:42:55,-6.013208,106.045749,27.3,0.3548
59,K-07,Minggu,2025-03-09 10:43:39,-6.013608,106.046306,30.7,0.3548
59,K-07,Minggu,2025-03-09 10:44:24,-6.014927,106.048385,31.4,0.3548
59,K-07,Minggu,2025-03-09 10:45:09,-6.016247,106.050465,29.6,0.3548
59,K-07,Minggu,2025-03-09 10:45:53,-6.017736,106.053745,32.2,0.3548
59,K-07,Minggu,2025-03-09 10:46:38,-6.019226,106.057025,24.6,0.3548
59,K-07,Minggu,2025-03-09 10:47:22,-6.020935,106.060982,26.9,0.3548
59,K-07,Minggu,2025-03-09 10:48:07,-6.022644,106.064939,29.4,0.3548
59,K-07,Minggu,2025-03-09 10:48:52,-6.024512,106.068114,30.7,0.3548
59,K-07,Minggu,2025-03-09 10:49:36,-6.02638,106.071289,31.7,0.3548
59,K-07,Minggu,2025-03-09 10:50:21,-6.027943,106.073596,31.9,0.3548
59,K-07,Minggu,2025-03-09 10:51:05,-6.029506,106.075904,33.4,0.3548
59,K-07,Minggu,2025-03-09 10:51:50,-6.030944,106.077923,31.3,0.3548
59,K-07,Minggu,2025-03-09 10:52:35,-6.032382,106.079943,31.9,0.3548
59,K-07,Minggu,2025-03-09 10:53:19,-6.033392,106.081554,32.0,0.3548
59,K-07,Minggu,2025-03-09 10:54:04,-6.034402,106.083165,26.7,0.3548
59,K-07,Minggu,2025-03-09 10:54:48,-6.033632,106.083619,33.7,0.3548
59,K-07,Minggu,2025-03-09 10:55:33,-6.032862,106.084073,28.9,0.3548
59,K-07,Minggu,2025-03-09 10:56:18,-6.031801,106.08464,28.0,0.3548
59,K-07,Minggu,2025-03-09 10:57:02,-6.03074,106.085206,23.6,0.3548
59,K-07,Minggu,2025-03-09 10:57:47,-6.028265,106.085363,27.4,0.3548
59,K-07,Minggu,2025-03-09 10:58:32,-6.025791,106.085519,28.3,0.3548
59,K-07,Minggu,2025-03-09 10:59:16,-6.025137,106.086275,28.9,0.3548
59,K-07,Minggu,2025-03-09 11:00:01,-6.024483,106.087031,32.9,0.3548
59,K-07,Minggu,2025-03-09 11:00:45,-6.023358,106.088664,28.5,0.3548
59,K-07,Minggu,2025-03-09 11:01:30,-6.022233,106.090297,29.3,0.3548
59,K-07,Minggu,2025-03-09 11:02:15,-6.022133,106.091267,32.8,0.3548
59,K-07,Minggu,2025-03-09 11:02:59,-6.022034,106.092237,33.7,0.3548
59,K-07,Minggu,2025-03-09 11:03:44,-6.022763,106.093069,28.3,0.3548
59,K-07,Minggu,2025-03-09 11:04:28,-6.023493,106.093901,27.3,0.3548
59,K-07,Minggu,2025-03-09 11:05:13,-6.030036,106.098298,31.0,0.3548
59,K-07,Minggu,2025-03-09 11:05:58,-6.036578,106.102696,31.2,0.3548
59,K-07,Minggu,2025-03-09 11:06:42,-6.039813,106.105373,34.6,0.3548
59,K-07,Minggu,2025-03-09 11:07:27,-6.043048,106.108051,33.5,0.3548
59,K-07,Minggu,2025-03-09 11:08:11,-6.047156,106.112505,25.2,0.3548
59,K-07,Minggu,2025-03-09 11:08:56,-6.051265,106.116959,33.5,0.3548
59,K-07,Minggu,2025-03-09 11:09:41,-6.054898,106.119329,23.9,0.3548
59,K-07,Minggu,2025-03-09 11:10:25,-6.058531,106.1217,27.6,0.3548
59,K-07,Minggu,2025-03-09 11:11:10,-6.067851,106.126623,25.0,0.3548
59,K-07,Minggu,2025-03-09 11:11:55,-6.077171,106.131547,34.4,0.3548
59,K-07,Minggu,2025-03-09 11:12:39,-6.081891,106.135638,23.8,0.3548
59,K-07,Minggu,2025-03-09 11:13:24,-6.08661,106.139728,24.9,0.3548
59,K-07,Minggu,2025-03-09 11:14:08,-6.088704,106.145865,24.2,0.3548
59,K-07,Minggu,2025-03-09 11:14:53,-6.090798,106.152001,24.7,0.3548
59,K-07,Minggu,2025-03-09 11:15:38,-6.093378,106.158769,24.7,0.3548
59,K-07,Minggu,2025-03-09 11:16:22,-6.095958,106.165536,25.4,0.3548
59,K-07,Minggu,2025-03-09 11:17:07,-6.100575,106.170921,34.3,0.3548
59,K-07,Minggu,2025-03-09 11:17:51,-6.105193,106.176306,23.2,0.3548
59,K-07,Minggu,2025-03-09 11:18:36,-6.109409,106.180187,27.9,0.3548
59,K-07,Minggu,2025-03-09 11:19:21,-6.113625,106.184069,31.1,0.3548
59,K-07,Minggu,2025-03-09 11:20:05,-6.114493,106.183838,34.1,0.3548
59,K-07,Minggu,2025-03-09 11:20:50,-6.115361,106.183607,28.6,0.3548
59,K-07,Minggu,2025-03-09 11:21:34,-6.116447,106.18275,27.9,0.3548
59,K-07,Minggu,2025-03-09 11:22:19,-6.117534,106.181893,31.8,0.3548
59,K-07,Minggu,2025-03-09 11:23:04,-6.119015,106.181689,23.2,0.3548
59,K-07,Minggu,2025-03-09 11:23:48,-6.120497,106.181485,25.2,0.3548
59,K-07,Minggu,2025-03-09 11:24:33,-6.120449,106.182988,23.2,0.3548
59,K-07,Minggu,2025-03-09 11:25:18,-6.120401,106.184492,0.0,0.3548
60,K-07,Minggu,2025-03-09 16:30:00,-6.053216,105.922737,15.0,0.3561
60,K-07,Minggu,2025-03-09 16:31:21,-6.050837,105.923865,17.7,0.3561
60,K-07,Minggu,2025-03-09 16:32:43,-6.048458,105.924992,19.2,0.3561
60,K-07,Minggu,2025-03-09 16:34:05,-6.04665,105.925298,15.6,0.3561
60,K-07,Minggu,2025-03-09 16:35:27,-6.044842,105.925605,17.8,0.3561
60,K-07,Minggu,2025-03-09 16:36:48,-6.043299,105.925629,16.2,0.3561
60,K-07,Minggu,2025-03-09 16:38:10,-6.041757,105.925654,16.4,0.3561
60,K-07,Minggu,2025-03-09 16:39:32,-6.040842,105.926202,15.3,0.3561
60,K-07,Minggu,2025-03-09 16:40:54,-6.039927,105.92675,16.6,0.3561
60,K-07,Minggu,2025-03-09 16:42:16,-6.038605,105.929077,20.6,0.3561
60,K-07,Minggu,2025-03-09 16:43:37,-6.037284,105.931403,13.5,0.3561
60,K-07,Minggu,2025-03-09 16:44:59,-6.036134,105.933928,19.3,0.3561
60,K-07,Minggu,2025-03-09 16:46:21,-6.034985,105.936452,12.5,0.3561
60,K-07,Minggu,2025-03-09 16:47:43,-6.033191,105.939526,14.3,0.3561
60,K-07,Minggu,2025-03-09 16:49:04,-6.031397,105.9426,13.3,0.3561
60,K-07,Minggu,2025-03-09 16:50:26,-6.028849,105.945886,19.9,0.3561
60,K-07,Minggu,2025-03-09 16:51:48,-6.0263,105.949172,11.6,0.3561
60,K-07,Minggu,2025-03-09 16:53:10,-6.025311,105.950308,13.2,0.3561
60,K-07,Minggu,2025-03-09 16:54:32,-6.024323,105.951444,21.3,0.3561
60,K-07,Minggu,2025-03-09 16:55:53,-6.02342,105.953825,17.2,0.3561
60,K-07,Minggu,2025-03-09 16:57:15,-6.022516,105.956207,11.7,0.3561
60,K-07,Minggu,2025-03-09 16:58:37,-6.023233,105.958851,16.2,0.3561
60,K-07,Minggu,2025-03-09 16:59:59,-6.023949,105.961495,12.0,0.3561
60,K-07,Minggu,2025-03-09 17:01:20,-6.023462,105.963127,11.9,0.3561
60,K-07,Minggu,2025-03-09 17:02:42,-6.022975,105.964758,18.3,0.3561
60,K-07,Minggu,2025-03-09 17:04:04,-6.02085,105.967025,20.7,0.3561
60,K-07,Minggu,2025-03-09 17:05:26,-6.018725,105.969291,19.3,0.3561
60,K-07,Minggu,2025-03-09 17:06:48,-6.018326,105.969919,11.7,0.3561
60,K-07,Minggu,2025-03-09 17:08:09,-6.017927,105.970547,11.2,0.3561
60,K-07,Minggu,2025-03-09 17:09:31,-6.016651,105.973485,21.7,0.3561
60,K-07,Minggu,2025-03-09 17:10:53,-6.015375,105.976423,16.7,0.3561
60,K-07,Minggu,2025-03-09 17:12:15,-6.013607,105.980132,15.1,0.3561
60,K-07,Minggu,2025-03-09 17:13:36,-6.01184,105.983841,14.2,0.3561
60,K-07,Minggu,2025-03-09 17:14:58,-6.011052,105.988977,12.3,0.3561
60,K-07,Minggu,2025-03-09 17:16:20,-6.010265,105.994113,18.3,0.3561
60,K-07,Minggu,2025-03-09 17:17:42,-6.010867,105.996921,17.8,0.3561
60,K-07,Minggu,2025-03-09 17:19:04,-6.01147,105.99973,21.5,0.3561
60,K-07,Minggu,2025-03-09 17:20:25,-6.01184,106.003198,11.6,0.3561
60,K-07,Minggu,2025-03-09 17:21:47,-6.012211,106.006667,15.2,0.3561
60,K-07,Minggu,2025-03-09 17:23:09,-6.012134,106.009563,21.5,0.3561
60,K-07,Minggu,2025-03-09 17:24:31,-6.012056,106.01246,16.2,0.3561
60,K-07,Minggu,2025-03-09 17:25:52,-6.011474,106.0155,11.3,0.3561
60,K-07,Minggu,2025-03-09 17:27:14,-6.010892,106.01854,10.1,0.3561
60,K-07,Minggu,2025-03-09 17:28:36,-6.009984,106.021793,21.0,0.3561
60,K-07,Minggu,2025-03-09 17:29:58,-6.009075,106.025045,19.0,0.3561
60,K-07,Minggu,2025-03-09 17:31:19,-6.009626,106.028951,21.2,0.3561
60,K-07,Minggu,2025-03-09 17:32:41,-6.010176,106.032856,20.9,0.3561
60,K-07,Minggu,2025-03-09 17:34:03,-6.01086,106.037239,11.7,0.3561
60,K-07,Minggu,2025-03-09 17:35:25,-6.011543,106.041621,21.4,0.3561
60,K-07,Minggu,2025-03-09 17:36:47,-6.012175,106.043406,16.4,0.3561
60,K-07,Minggu,2025-03-09 17:38:08,-6.012807,106.045191,15.9,0.3561
60,K-07,Minggu,2025-03-09 17:39:30,-6.013208,106.045749,17.6,0.3561
60,K-07,Minggu,2025-03-09 17:40:52,-6.013608,106.046306,13.3,0.3561
60,K-07,Minggu,2025-03-09 17:42:14,-6.014927,106.048385,20.6,0.3561
60,K-07,Minggu,2025-03-09 17:43:36,-6.016247,106.050465,21.4,0.3561
60,K-07,Minggu,2025-03-09 17:44:57,-6.017736,106.053745,18.8,0.3561
60,K-07,Minggu,2025-03-09 17:46:19,-6.019226,106.057025,21.7,0.3561
60,K-07,Minggu,2025-03-09 17:47:41,-6.020935,106.060982,17.8,0.3561
60,K-07,Minggu,2025-03-09 17:49:03,-6.022644,106.064939,19.4,0.3561
60,K-07,Minggu,2025-03-09 17:50:24,-6.024512,106.068114,18.5,0.3561
60,K-07,Minggu,2025-03-09 17:51:46,-6.02638,106.071289,20.9,0.3561
60,K-07,Minggu,2025-03-09 17:53:08,-6.027943,106.073596,13.9,0.3561
60,K-07,Minggu,2025-03-09 17:54:30,-6.029506,106.075904,11.1,0.3561
60,K-07,Minggu,2025-03-09 17:55:52,-6.030944,106.077923,15.5,0.3561
60,K-07,Minggu,2025-03-09 17:57:13,-6.032382,106.079943,10.3,0.3561
60,K-07,Minggu,2025-03-09 17:58:35,-6.033392,106.081554,17.9,0.3561
60,K-07,Minggu,2025-03-09 17:59:57,-6.034402,106.083165,11.2,0.3561
60,K-07,Minggu,2025-03-09 18:01:19,-6.033632,106.083619,10.1,0.3561
60,K-07,Minggu,2025-03-09 18:02:40,-6.032862,106.084073,17.2,0.3561
60,K-07,Minggu,2025-03-09 18:04:02,-6.031801,106.08464,12.4,0.3561
60,K-07,Minggu,2025-03-09 18:05:24,-6.03074,106.085206,14.1,0.3561
60,K-07,Minggu,2025-03-09 18:06:46,-6.028265,106.085363,13.7,0.3561
60,K-07,Minggu,2025-03-09 18:08:08,-6.025791,106.085519,17.1,0.3561
60,K-07,Minggu,2025-03-09 18:09:29,-6.025137,106.086275,12.1,0.3561
60,K-07,Minggu,2025-03-09 18:10:51,-6.024483,106.087031,16.1,0.3561
60,K-07,Minggu,2025-03-09 18:12:13,-6.023358,106.088664,19.2,0.3561
60,K-07,Minggu,2025-03-09 18:13:35,-6.022233,106.090297,19.0,0.3561
60,K-07,Minggu,2025-03-09 18:14:56,-6.022133,106.091267,12.1,0.3561
60,K-07,Minggu,2025-03-09 18:16:18,-6.022034,106.092237,10.8,0.3561
60,K-07,Minggu,2025-03-09 18:17:40,-6.022763,106.093069,20.0,0.3561
60,K-07,Minggu,2025-03-09 18:19:02,-6.023493,106.093901,17.9,0.3561
60,K-07,Minggu,2025-03-09 18:20:23,-6.030036,106.098298,21.3,0.3561
60,K-07,Minggu,2025-03-09 18:21:45,-6.036578,106.102696,21.5,0.3561
60,K-07,Minggu,2025-03-09 18:23:07,-6.039813,106.105373,14.5,0.3561
60,K-07,Minggu,2025-03-09 18:24:29,-6.043048,106.108051,15.7,0.3561
60,K-07,Minggu,2025-03-09 18:25:51,-6.047156,106.112505,17.0,0.3561
60,K-07,Minggu,2025-03-09 18:27:12,-6.051265,106.116959,15.9,0.3561
60,K-07,Minggu,2025-03-09 18:28:34,-6.054898,106.119329,10.5,0.3561
60,K-07,Minggu,2025-03-09 18:29:56,-6.058531,106.1217,17.8,0.3561
60,K-07,Minggu,2025-03-09 18:31:18,-6.067851,106.126623,14.6,0.3561
60,K-07,Minggu,2025-03-09 18:32:39,-6.077171,106.131547,18.4,0.3561
60,K-07,Minggu,2025-03-09 18:34:01,-6.081891,106.135638,14.9,0.3561
60,K-07,Minggu,2025-03-09 18:35:23,-6.08661,106.139728,14.4,0.3561
60,K-07,Minggu,2025-03-09 18:36:45,-6.088704,106.145865,9.9,0.3561
60,K-07,Minggu,2025-03-09 18:38:07,-6.090798,106.152001,13.9,0.3561
60,K-07,Minggu,2025-03-09 18:39:28,-6.093378,106.158769,13.5,0.3561
60,K-07,Minggu,2025-03-09 18:40:50,-6.095958,106.165536,15.1,0.3561
60,K-07,Minggu,2025-03-09 18:42:12,-6.100575,106.170921,16.5,0.3561
60,K-07,Minggu,2025-03-09 18:43:34,-6.105193,106.176306,12.4,0.3561
60,K-07,Minggu,2025-03-09 18:44:55,-6.109409,106.180187,20.5,0.3561
60,K-07,Minggu,2025-03-09 18:46:17,-6.113625,106.184069,18.7,0.3561
60,K-07,Minggu,2025-03-09 18:47:39,-6.114493,106.183838,14.8,0.3561
60,K-07,Minggu,2025-03-09 18:49:01,-6.115361,106.183607,15.1,0.3561
60,K-07,Minggu,2025-03-09 18:50:23,-6.116447,106.18275,11.8,0.3561
60,K-07,Minggu,2025-03-09 18:51:44,-6.117534,106.181893,18.5,0.3561
60,K-07,Minggu,2025-03-09 18:53:06,-6.119015,106.181689,20.6,0.3561
60,K-07,Minggu,2025-03-09 18:54:28,-6.120497,106.181485,18.5,0.3561
60,K-07,Minggu,2025-03-09 18:55:50,-6.120449,106.182988,14.8,0.3561
60,K-07,Minggu,2025-03-09 18:57:12,-6.120401,106.184492,0.0,0.3561
61,K-12,Minggu,2025-03-09 04:47:00,-6.00289,106.024787,15.0,0.1249
61,K-12,Minggu,2025-03-09 04:47:14,-6.002619,106.023636,32.0,0.1249
61,K-12,Minggu,2025-03-09 04:47:29,-6.002348,106.022484,29.4,0.1249
61,K-12,Minggu,2025-03-09 04:47:44,-5.999045,106.022499,25.0,0.1249
61,K-12,Minggu,2025-03-09 04:47:58,-5.995743,106.022514,32.6,0.1249
61,K-12,Minggu,2025-03-09 04:48:13,-5.995042,106.025236,28.2,0.1249
61,K-12,Minggu,2025-03-09 04:48:28,-5.994341,106.027958,27.0,0.1249
61,K-12,Minggu,2025-03-09 04:48:43,-5.992765,106.027873,30.4,0.1249
61,K-12,Minggu,2025-03-09 04:48:57,-5.991189,106.027789,31.7,0.1249
61,K-12,Minggu,2025-03-09 04:49:12,-5.990295,106.025858,35.9,0.1249
61,K-12,Minggu,2025-03-09 04:49:27,-5.9894,106.023927,27.3,0.1249
61,K-12,Minggu,2025-03-09 04:49:42,-5.988786,106.022945,34.9,0.1249
61,K-12,Minggu,2025-03-09 04:49:56,-5.988172,106.021964,28.4,0.1249
61,K-12,Minggu,2025-03-09 04:50:11,-5.987707,106.020783,30.8,0.1249
61,K-12,Minggu,2025-03-09 04:50:26,-5.987242,106.019603,34.8,0.1249
61,K-12,Minggu,2025-03-09 04:50:40,-5.986827,106.018991,28.5,0.1249
61,K-12,Minggu,2025-03-09 04:50:55,-5.986412,106.018379,31.9,0.1249
61,K-12,Minggu,2025-03-09 04:51:10,-5.985682,106.017923,30.8,0.1249
61,K-12,Minggu,2025-03-09 04:51:25,-5.984952,106.017468,33.8,0.1249
61,K-12,Minggu,2025-03-09 04:51:39,-5.984452,106.016956,27.6,0.1249
61,K-12,Minggu,2025-03-09 04:51:54,-5.983953,106.016445,34.4,0.1249
61,K-12,Minggu,2025-03-09 04:52:09,-5.983546,106.0156,26.7,0.1249
61,K-12,Minggu,2025-03-09 04:52:24,-5.983139,106.014755,28.5,0.1249
61,K-12,Minggu,2025-03-09 04:52:38,-5.983088,106.01394,32.6,0.1249
61,K-12,Minggu,2025-03-09 04:52:53,-5.983037,106.013125,32.5,0.1249
61,K-12,Minggu,2025-03-09 04:53:08,-5.98294,106.012154,26.4,0.1249
61,K-12,Minggu,2025-03-09 04:53:22,-5.982843,106.011183,32.9,0.1249
61,K-12,Minggu,2025-03-09 04:53:37,-5.982596,106.010437,28.4,0.1249
61,K-12,Minggu,2025-03-09 04:53:52,-5.98235,106.009692,27.1,0.1249
61,K-12,Minggu,2025-03-09 04:54:07,-5.982049,106.009352,35.8,0.1249
61,K-12,Minggu,2025-03-09 04:54:21,-5.981748,106.009012,32.6,0.1249
61,K-12,Minggu,2025-03-09 04:54:36,-5.981001,106.008845,25.2,0.1249
61,K-12,Minggu,2025-03-09 04:54:51,-5.980255,106.008678,34.1,0.1249
61,K-12,Minggu,2025-03-09 04:55:06,-5.979058,106.008464,30.8,0.1249
61,K-12,Minggu,2025-03-09 04:55:20,-5.977861,106.008249,36.5,0.1249
61,K-12,Minggu,2025-03-09 04:55:35,-5.977447,106.008246,32.1,0.1249
61,K-12,Minggu,2025-03-09 04:55:50,-5.977033,106.008242,29.2,0.1249
61,K-12,Minggu,2025-03-09 04:56:04,-5.976517,106.008462,30.7,0.1249
61,K-12,Minggu,2025-03-09 04:56:19,-5.976001,106.008682,30.1,0.1249
61,K-12,Minggu,2025-03-09 04:56:34,-5.975195,106.008176,28.0,0.1249
61,K-12,Minggu,2025-03-09 04:56:49,-5.974388,106.007671,33.1,0.1249
61,K-12,Minggu,2025-03-09 04:57:03,-5.97308,106.006949,36.6,0.1249
61,K-12,Minggu,2025-03-09 04:57:18,-5.971771,106.006228,34.7,0.1249
61,K-12,Minggu,2025-03-09 04:57:33,-5.971376,106.006035,29.4,0.1249
61,K-12,Minggu,2025-03-09 04:57:48,-5.97098,106.005842,33.7,0.1249
61,K-12,Minggu,2025-03-09 04:58:02,-5.970118,106.005387,25.1,0.1249
61,K-12,Minggu,2025-03-09 04:58:17,-5.969255,106.004933,28.0,0.1249
61,K-12,Minggu,2025-03-09 04:58:32,-5.968457,106.004582,31.9,0.1249
61,K-12,Minggu,2025-03-09 04:58:46,-5.967658,106.004231,26.7,0.1249
61,K-12,Minggu,2025-03-09 04:59:01,-5.966814,106.003848,30.4,0.1249
61,K-12,Minggu,2025-03-09 04:59:16,-5.965969,106.003464,33.2,0.1249
61,K-12,Minggu,2025-03-09 04:59:31,-5.964886,106.002783,29.2,0.1249
61,K-12,Minggu,2025-03-09 04:59:45,-5.963803,106.002102,25.5,0.1249
61,K-12,Minggu,2025-03-09 05:00:00,-5.962492,106.001184,29.2,0.1249
61,K-12,Minggu,2025-03-09 05:00:15,-5.961181,106.000267,32.5,0.1249
61,K-12,Minggu,2025-03-09 05:00:30,-5.959478,105.999981,36.4,0.1249
61,K-12,Minggu,2025-03-09 05:00:44,-5.957774,105.999696,25.5,0.1249
61,K-12,Minggu,2025-03-09 05:00:59,-5.956166,105.999547,28.4,0.1249
61,K-12,Minggu,2025-03-09 05:01:14,-5.954557,105.999397,32.6,0.1249
61,K-12,Minggu,2025-03-09 05:01:28,-5.952616,106.000428,25.8,0.1249
61,K-12,Minggu,2025-03-09 05:01:43,-5.950676,106.001458,27.2,0.1249
61,K-12,Minggu,2025-03-09 05:01:58,-5.949248,106.002139,32.4,0.1249
61,K-12,Minggu,2025-03-09 05:02:13,-5.94782,106.002819,34.1,0.1249
61,K-12,Minggu,2025-03-09 05:02:27,-5.947029,106.002724,32.1,0.1249
61,K-12,Minggu,2025-03-09 05:02:42,-5.946237,106.00263,26.9,0.1249
61,K-12,Minggu,2025-03-09 05:02:57,-5.945759,106.00257,28.8,0.1249
61,K-12,Minggu,2025-03-09 05:03:12,-5.94528,106.002511,28.7,0.1249
61,K-12,Minggu,2025-03-09 05:03:26,-5.944396,106.00276,35.0,0.1249
61,K-12,Minggu,2025-03-09 05:03:41,-5.943513,106.003009,34.5,0.1249
61,K-12,Minggu,2025-03-09 05:03:56,-5.942709,106.002673,28.2,0.1249
61,K-12,Minggu,2025-03-09 05:04:10,-5.941905,106.002337,33.3,0.1249
61,K-12,Minggu,2025-03-09 05:04:25,-5.941111,106.001881,29.3,0.1249
61,K-12,Minggu,2025-03-09 05:04:40,-5.940317,106.001426,31.3,0.1249
61,K-12,Minggu,2025-03-09 05:04:55,-5.939709,106.001327,29.1,0.1249
61,K-12,Minggu,2025-03-09 05:05:09,-5.9391,106.001228,26.6,0.1249
61,K-12,Minggu,2025-03-09 05:05:24,-5.937857,106.001695,26.5,0.1249
61,K-12,Minggu,2025-03-09 05:05:39,-5.936613,106.002163,28.3,0.1249
61,K-12,Minggu,2025-03-09 05:05:54,-5.93584,106.002003,34.2,0.1249
61,K-12,Minggu,2025-03-09 05:06:08,-5.935067,106.001842,29.8,0.1249
61,K-12,Minggu,2025-03-09 05:06:23,-5.935282,106.00157,36.0,0.1249
61,K-12,Minggu,2025-03-09 05:06:38,-5.935498,106.001298,26.9,0.1249
61,K-12,Minggu,2025-03-09 05:06:52,-5.935544,106.000902,27.5,0.1249
61,K-12,Minggu,2025-03-09 05:07:07,-5.93559,106.000507,30.9,0.1249
61,K-12,Minggu,2025-03-09 05:07:22,-5.935287,106.000125,34.9,0.1249
61,K-12,Minggu,2025-03-09 05:07:37,-5.934983,105.999744,34.4,0.1249
61,K-12,Minggu,2025-03-09 05:07:51,-5.934755,105.999501,31.6,0.1249
61,K-12,Minggu,2025-03-09 05:08:06,-5.934526,105.999257,33.2,0.1249
61,K-12,Minggu,2025-03-09 05:08:21,-5.933298,105.998408,36.3,0.1249
61,K-12,Minggu,2025-03-09 05:08:36,-5.932069,105.99756,0.0,0.1249
62,K-12,Minggu,2025-03-09 10:09:00,-5.932069,105.99756,15.0,0.1274
62,K-12,Minggu,2025-03-09 10:09:20,-5.933298,105.998408,27.9,0.1274
62,K-12,Minggu,2025-03-09 10:09:40,-5.934526,105.999257,18.3,0.1274
62,K-12,Minggu,2025-03-09 10:10:00,-5.934755,105.999501,18.5,0.1274
62,K-12,Minggu,2025-03-09 10:10:21,-5.934983,105.999744,17.1,0.1274
62,K-12,Minggu,2025-03-09 10:10:41,-5.935287,106.000125,21.1,0.1274
62,K-12,Minggu,2025-03-09 10:11:01,-5.93559,106.000507,25.2,0.1274
62,K-12,Minggu,2025-03-09 10:11:21,-5.935544,106.000902,18.6,0.1274
62,K-12,Minggu,2025-03-09 10:11:42,-5.935498,106.001298,22.2,0.1274
62,K-12,Minggu,2025-03-09 10:12:02,-5.935282,106.00157,28.8,0.1274
62,K-12,Minggu,2025-03-09 10:12:22,-5.935067,106.001842,23.2,0.1274
62,K-12,Minggu,2025-03-09 10:12:42,-5.93584,106.002003,28.5,0.1274
62,K-12,Minggu,2025-03-09 10:13:03,-5.936613,106.002163,19.0,0.1274
62,K-12,Minggu,2025-03-09 10:13:23,-5.937857,106.001695,20.6,0.1274
62,K-12,Minggu,2025-03-09 10:13:43,-5.9391,106.001228,25.8,0.1274
62,K-12,Minggu,2025-03-09 10:14:03,-5.939709,106.001327,18.3,0.1274
62,K-12,Minggu,2025-03-09 10:14:24,-5.940317,106.001426,18.4,0.1274
62,K-12,Minggu,2025-03-09 10:14:44,-5.941111,106.001881,25.2,0.1274
62,K-12,Minggu,2025-03-09 10:15:04,-5.941905,106.002337,25.2,0.1274
62,K-12,Minggu,2025-03-09 10:15:24,-5.942709,106.002673,20.6,0.1274
62,K-12,Minggu,2025-03-09 10:15:45,-5.943513,106.003009,19.4,0.1274
62,K-12,Minggu,2025-03-09 10:16:05,-5.944396,106.00276,28.7,0.1274
62,K-12,Minggu,2025-03-09 10:16:25,-5.94528,106.002511,22.0,0.1274
62,K-12,Minggu,2025-03-09 10:16:45,-5.945759,106.00257,26.1,0.1274
62,K-12,Minggu,2025-03-09 10:17:06,-5.946237,106.00263,18.2,0.1274
62,K-12,Minggu,2025-03-09 10:17:26,-5.947029,106.002724,17.1,0.1274
62,K-12,Minggu,2025-03-09 10:17:46,-5.94782,106.002819,22.7,0.1274
62,K-12,Minggu,2025-03-09 10:18:06,-5.949248,106.002139,22.1,0.1274
62,K-12,Minggu,2025-03-09 10:18:27,-5.950676,106.001458,19.3,0.1274
62,K-12,Minggu,2025-03-09 10:18:47,-5.952616,106.000428,17.3,0.1274
62,K-12,Minggu,2025-03-09 10:19:07,-5.954557,105.999397,24.8,0.1274
62,K-12,Minggu,2025-03-09 10:19:27,-5.956166,105.999547,24.0,0.1274
62,K-12,Minggu,2025-03-09 10:19:48,-5.957774,105.999696,22.5,0.1274
62,K-12,Minggu,2025-03-09 10:20:08,-5.959478,105.999981,27.8,0.1274
62,K-12,Minggu,2025-03-09 10:20:28,-5.961181,106.000267,17.4,0.1274
62,K-12,Minggu,2025-03-09 10:20:48,-5.962492,106.001184,20.5,0.1274
62,K-12,Minggu,2025-03-09 10:21:09,-5.963803,106.002102,17.0,0.1274
62,K-12,Minggu,2025-03-09 10:21:29,-5.964886,106.002783,18.1,0.1274
62,K-12,Minggu,2025-03-09 10:21:49,-5.965969,106.003464,18.4,0.1274
62,K-12,Minggu,2025-03-09 10:22:09,-5.966814,106.003848,24.1,0.1274
62,K-12,Minggu,2025-03-09 10:22:30,-5.967658,106.004231,24.0,0.1274
62,K-12,Minggu,2025-03-09 10:22:50,-5.968457,106.004582,19.3,0.1274
62,K-12,Minggu,2025-03-09 10:23:10,-5.969255,106.004933,24.9,0.1274
62,K-12,Minggu,2025-03-09 10:23:30,-5.970118,106.005387,17.3,0.1274
62,K-12,Minggu,2025-03-09 10:23:51,-5.97098,106.005842,18.6,0.1274
62,K-12,Minggu,2025-03-09 10:24:11,-5.971376,106.006035,25.9,0.1274
62,K-12,Minggu,2025-03-09 10:24:31,-5.971771,106.006228,20.2,0.1274
62,K-12,Minggu,2025-03-09 10:24:51,-5.97308,106.006949,23.9,0.1274
62,K-12,Minggu,2025-03-09 10:25:12,-5.974388,106.007671,21.1,0.1274
62,K-12,Minggu,2025-03-09 10:25:32,-5.975195,106.008176,27.2,0.1274
62,K-12,Minggu,2025-03-09 10:25:52,-5.976001,106.008682,26.3,0.1274
62,K-12,Minggu,2025-03-09 10:26:12,-5.976517,106.008462,24.3,0.1274
62,K-12,Minggu,2025-03-09 10:26:33,-5.977033,106.008242,23.0,0.1274
62,K-12,Minggu,2025-03-09 10:26:53,-5.977447,106.008246,17.7,0.1274
62,K-12,Minggu,2025-03-09 10:27:13,-5.977861,106.008249,26.7,0.1274
62,K-12,Minggu,2025-03-09 10:27:33,-5.979058,106.008464,26.1,0.1274
62,K-12,Minggu,2025-03-09 10:27:54,-5.980255,106.008678,23.2,0.1274
62,K-12,Minggu,2025-03-09 10:28:14,-5.981001,106.008845,25.5,0.1274
62,K-12,Minggu,2025-03-09 10:28:34,-5.981748,106.009012,28.5,0.1274
62,K-12,Minggu,2025-03-09 10:28:54,-5.982049,106.009352,19.0,0.1274
62,K-12,Minggu,2025-03-09 10:29:15,-5.98235,106.009692,25.9,0.1274
62,K-12,Minggu,2025-03-09 10:29:35,-5.982596,106.010437,17.0,0.1274
62,K-12,Minggu,2025-03-09 10:29:55,-5.982843,106.011183,25.6,0.1274
62,K-12,Minggu,2025-03-09 10:30:15,-5.98294,106.012154,28.0,0.1274
62,K-12,Minggu,2025-03-09 10:30:36,-5.983037,106.013125,27.9,0.1274
62,K-12,Minggu,2025-03-09 10:30:56,-5.983088,106.01394,27.1,0.1274
62,K-12,Minggu,2025-03-09 10:31:16,-5.983139,106.014755,22.6,0.1274
62,K-12,Minggu,2025-03-09 10:31:36,-5.983546,106.0156,25.3,0.1274
62,K-12,Minggu,2025-03-09 10:31:57,-5.983953,106.016445,19.1,0.1274
62,K-12,Minggu,2025-03-09 10:32:17,-5.984452,106.016956,25.0,0.1274
62,K-12,Minggu,2025-03-09 10:32:37,-5.984952,106.017468,18.2,0.1274
62,K-12,Minggu,2025-03-09 10:32:57,-5.985682,106.017923,26.9,0.1274
62,K-12,Minggu,2025-03-09 10:33:18,-5.986412,106.018379,28.7,0.1274
62,K-12,Minggu,2025-03-09 10:33:38,-5.986827,106.018991,22.0,0.1274
62,K-12,Minggu,2025-03-09 10:33:58,-5.987242,106.019603,23.1,0.1274
62,K-12,Minggu,2025-03-09 10:34:18,-5.987707,106.020783,21.8,0.1274
62,K-12,Minggu,2025-03-09 10:34:39,-5.988172,106.021964,26.0,0.1274
62,K-12,Minggu,2025-03-09 10:34:59,-5.988786,106.022945,20.7,0.1274
62,K-12,Minggu,2025-03-09 10:35:19,-5.9894,106.023927,22.5,0.1274
62,K-12,Minggu,2025-03-09 10:35:39,-5.990295,106.025858,23.1,0.1274
62,K-12,Minggu,2025-03-09 10:36:00,-5.991189,106.027789,22.8,0.1274
62,K-12,Minggu,2025-03-09 10:36:20,-5.992765,106.027873,21.2,0.1274
62,K-12,Minggu,2025-03-09 10:36:40,-5.994341,106.027958,20.4,0.1274
62,K-12,Minggu,2025-03-09 10:37:00,-5.995042,106.025236,25.6,0.1274
62,K-12,Minggu,2025-03-09 10:37:21,-5.995743,106.022514,17.9,0.1274
62,K-12,Minggu,2025-03-09 10:37:41,-5.999045,106.022499,22.8,0.1274
62,K-12,Minggu,2025-03-09 10:38:01,-6.002348,106.022484,21.5,0.1274
62,K-12,Minggu,2025-03-09 10:38:21,-6.002619,106.023636,22.4,0.1274
62,K-12,Minggu,2025-03-09 10:38:42,-6.00289,106.024787,0.0,0.1274
63,K-12,Minggu,2025-03-09 16:31:00,-5.932069,105.99756,15.0,0.1269
63,K-12,Minggu,2025-03-09 16:31:44,-5.933298,105.998408,16.1,0.1269
63,K-12,Minggu,2025-03-09 16:32:29,-5.934526,105.999257,9.4,0.1269
63,K-12,Minggu,2025-03-09 16:33:14,-5.934755,105.999501,14.6,0.1269
63,K-12,Minggu,2025-03-09 16:33:58,-5.934983,105.999744,15.0,0.1269
63,K-12,Minggu,2025-03-09 16:34:43,-5.935287,106.000125,13.9,0.1269
63,K-12,Minggu,2025-03-09 16:35:28,-5.93559,106.000507,15.6,0.1269
63,K-12,Minggu,2025-03-09 16:36:13,-5.935544,106.000902,8.7,0.1269
63,K-12,Minggu,2025-03-09 16:36:57,-5.935498,106.001298,5.0,0.1269
63,K-12,Minggu,2025-03-09 16:37:42,-5.935282,106.00157,12.4,0.1269
63,K-12,Minggu,2025-03-09 16:38:27,-5.935067,106.001842,12.4,0.1269
63,K-12,Minggu,2025-03-09 16:39:11,-5.93584,106.002003,9.1,0.1269
63,K-12,Minggu,2025-03-09 16:39:56,-5.936613,106.002163,10.6,0.1269
63,K-12,Minggu,2025-03-09 16:40:41,-5.937857,106.001695,12.4,0.1269
63,K-12,Minggu,2025-03-09 16:41:26,-5.9391,106.001228,5.7,0.1269
63,K-12,Minggu,2025-03-09 16:42:10,-5.939709,106.001327,9.0,0.1269
63,K-12,Minggu,2025-03-09 16:42:55,-5.940317,106.001426,12.6,0.1269
63,K-12,Minggu,2025-03-09 16:43:40,-5.941111,106.001881,16.0,0.1269
63,K-12,Minggu,2025-03-09 16:44:25,-5.941905,106.002337,13.2,0.1269
63,K-12,Minggu,2025-03-09 16:45:09,-5.942709,106.002673,15.0,0.1269
63,K-12,Minggu,2025-03-09 16:45:54,-5.943513,106.003009,6.3,0.1269
63,K-12,Minggu,2025-03-09 16:46:39,-5.944396,106.00276,8.7,0.1269
63,K-12,Minggu,2025-03-09 16:47:23,-5.94528,106.002511,6.7,0.1269
63,K-12,Minggu,2025-03-09 16:48:08,-5.945759,106.00257,6.7,0.1269
63,K-12,Minggu,2025-03-09 16:48:53,-5.946237,106.00263,14.4,0.1269
63,K-12,Minggu,2025-03-09 16:49:38,-5.947029,106.002724,9.2,0.1269
63,K-12,Minggu,2025-03-09 16:50:22,-5.94782,106.002819,7.1,0.1269
63,K-12,Minggu,2025-03-09 16:51:07,-5.949248,106.002139,9.4,0.1269
63,K-12,Minggu,2025-03-09 16:51:52,-5.950676,106.001458,10.3,0.1269
63,K-12,Minggu,2025-03-09 16:52:37,-5.952616,106.000428,13.5,0.1269
63,K-12,Minggu,2025-03-09 16:53:21,-5.954557,105.999397,13.5,0.1269
63,K-12,Minggu,2025-03-09 16:54:06,-5.956166,105.999547,11.4,0.1269
63,K-12,Minggu,2025-03-09 16:54:51,-5.957774,105.999696,13.4,0.1269
63,K-12,Minggu,2025-03-09 16:55:35,-5.959478,105.999981,13.9,0.1269
63,K-12,Minggu,2025-03-09 16:56:20,-5.961181,106.000267,15.6,0.1269
63,K-12,Minggu,2025-03-09 16:57:05,-5.962492,106.001184,8.6,0.1269
63,K-12,Minggu,2025-03-09 16:57:50,-5.963803,106.002102,12.3,0.1269
63,K-12,Minggu,2025-03-09 16:58:34,-5.964886,106.002783,15.7,0.1269
63,K-12,Minggu,2025-03-09 16:59:19,-5.965969,106.003464,16.2,0.1269
63,K-12,Minggu,2025-03-09 17:00:04,-5.966814,106.003848,10.4,0.1269
63,K-12,Minggu,2025-03-09 17:00:49,-5.967658,106.004231,6.1,0.1269
63,K-12,Minggu,2025-03-09 17:01:33,-5.968457,106.004582,9.8,0.1269
63,K-12,Minggu,2025-03-09 17:02:18,-5.969255,106.004933,5.8,0.1269
63,K-12,Minggu,2025-03-09 17:03:03,-5.970118,106.005387,10.2,0.1269
63,K-12,Minggu,2025-03-09 17:03:47,-5.97098,106.005842,7.1,0.1269
63,K-12,Minggu,2025-03-09 17:04:32,-5.971376,106.006035,15.6,0.1269
63,K-12,Minggu,2025-03-09 17:05:17,-5.971771,106.006228,5.0,0.1269
63,K-12,Minggu,2025-03-09 17:06:02,-5.97308,106.006949,13.2,0.1269
63,K-12,Minggu,2025-03-09 17:06:46,-5.974388,106.007671,14.3,0.1269
63,K-12,Minggu,2025-03-09 17:07:31,-5.975195,106.008176,10.3,0.1269
63,K-12,Minggu,2025-03-09 17:08:16,-5.976001,106.008682,5.0,0.1269
63,K-12,Minggu,2025-03-09 17:09:01,-5.976517,106.008462,6.4,0.1269
63,K-12,Minggu,2025-03-09 17:09:45,-5.977033,106.008242,11.6,0.1269
63,K-12,Minggu,2025-03-09 17:10:30,-5.977447,106.008246,8.2,0.1269
63,K-12,Minggu,2025-03-09 17:11:15,-5.977861,106.008249,7.9,0.1269
63,K-12,Minggu,2025-03-09 17:11:59,-5.979058,106.008464,11.8,0.1269
63,K-12,Minggu,2025-03-09 17:12:44,-5.980255,106.008678,13.4,0.1269
63,K-12,Minggu,2025-03-09 17:13:29,-5.981001,106.008845,12.2,0.1269
63,K-12,Minggu,2025-03-09 17:14:14,-5.981748,106.009012,10.5,0.1269
63,K-12,Minggu,2025-03-09 17:14:58,-5.982049,106.009352,10.2,0.1269
63,K-12,Minggu,2025-03-09 17:15:43,-5.98235,106.009692,9.9,0.1269
63,K-12,Minggu,2025-03-09 17:16:28,-5.982596,106.010437,7.8,0.1269
63,K-12,Minggu,2025-03-09 17:17:13,-5.982843,106.011183,10.3,0.1269
63,K-12,Minggu,2025-03-09 17:17:57,-5.98294,106.012154,10.4,0.1269
63,K-12,Minggu,2025-03-09 17:18:42,-5.983037,106.013125,10.8,0.1269
63,K-12,Minggu,2025-03-09 17:19:27,-5.983088,106.01394,14.0,0.1269
63,K-12,Minggu,2025-03-09 17:20:11,-5.983139,106.014755,10.8,0.1269
63,K-12,Minggu,2025-03-09 17:20:56,-5.983546,106.0156,5.0,0.1269
63,K-12,Minggu,2025-03-09 17:21:41,-5.983953,106.016445,13.5,0.1269
63,K-12,Minggu,2025-03-09 17:22:26,-5.984452,106.016956,16.2,0.1269
63,K-12,Minggu,2025-03-09 17:23:10,-5.984952,106.017468,14.9,0.1269
63,K-12,Minggu,2025-03-09 17:23:55,-5.985682,106.017923,5.7,0.1269
63,K-12,Minggu,2025-03-09 17:24:40,-5.986412,106.018379,9.7,0.1269
63,K-12,Minggu,2025-03-09 17:25:25,-5.986827,106.018991,14.5,0.1269
63,K-12,Minggu,2025-03-09 17:26:09,-5.987242,106.019603,9.6,0.1269
63,K-12,Minggu,2025-03-09 17:26:54,-5.987707,106.020783,5.0,0.1269
63,K-12,Minggu,2025-03-09 17:27:39,-5.988172,106.021964,6.4,0.1269
63,K-12,Minggu,2025-03-09 17:28:23,-5.988786,106.022945,12.2,0.1269
63,K-12,Minggu,2025-03-09 17:29:08,-5.9894,106.023927,13.7,0.1269
63,K-12,Minggu,2025-03-09 17:29:53,-5.990295,106.025858,14.9,0.1269
63,K-12,Minggu,2025-03-09 17:30:38,-5.991189,106.027789,6.3,0.1269
63,K-12,Minggu,2025-03-09 17:31:22,-5.992765,106.027873,9.5,0.1269
63,K-12,Minggu,2025-03-09 17:32:07,-5.994341,106.027958,8.0,0.1269
63,K-12,Minggu,2025-03-09 17:32:52,-5.995042,106.025236,9.0,0.1269
63,K-12,Minggu,2025-03-09 17:33:37,-5.995743,106.022514,13.5,0.1269
63,K-12,Minggu,2025-03-09 17:34:21,-5.999045,106.022499,11.1,0.1269
63,K-12,Minggu,2025-03-09 17:35:06,-6.002348,106.022484,10.2,0.1269
63,K-12,Minggu,2025-03-09 17:35:51,-6.002619,106.023636,10.9,0.1269
63,K-12,Minggu,2025-03-09 17:36:35,-6.00289,106.024787,0.0,0.1269
