{
  "type": "FeatureCollection",
  "name": "rute_7hari",
  "crs": {
    "type": "name",
    "properties": {
      "name": "urn:ogc:def:crs:OGC:1.3:CRS84"
    }
  },
  "features": [
    {
      "type": "Feature",
      "properties": {
        "trip_id": 1,
        "nama": "Trip 1 (K-04)",
        "kendaraan": "Truk tangki 30KL",
        "kode_kendaraan": "K-04",
        "trayek": "Serang \u2013 Cilegon",
        "arah": "Depo Serang ke Terminal Cilegon",
        "hari": "Senin",
        "tanggal": "03-03-2025",
        "jam_mulai": "04:48",
        "jam_selesai": "05:31",
        "jam_berangkat": 4,
        "durasi_menit": 43.9,
        "kecepatan_rata": 39.0,
        "kecepatan_maks": 51.1,
        "jumlah_titik": 87,
        "jarak_km": 28.51,
        "liter_total": 9.15,
        "liter_jalan": 9.14,
        "liter_idle": 0.01,
        "menit_idle": 0.4,
        "liter_per_100km": 32.09,
        "km_per_liter": 3.12,
        "biaya_rp": 62220,
        "liter_boros": 0.24,
        "biaya_boros_rp": 1632,
        "jenis_bbm": "Biosolar",
        "harga_per_liter": 6800,
        "malam": true,
        "status_efisiensi": "Efisien"
      },
      "geometry": {
        "type": "LineString",
        "coordinates": [
          [
            106.184492,
            -6.120401
          ],
          [
            106.18302,
            -6.120006
          ],
          [
            106.181548,
            -6.119611
          ],
          [
            106.181962,
            -6.11819
          ],
          [
            106.182376,
            -6.116769
          ],
          [
            106.183165,
            -6.11523
          ],
          [
            106.183954,
            -6.113691
          ],
          [
            106.182965,
            -6.112462
          ],
          [
            106.181977,
            -6.111233
          ],
          [
            106.178041,
            -6.107071
          ],
          [
            106.174104,
            -6.10291
          ],
          [
            106.172775,
            -6.101555
          ],
          [
            106.171446,
            -6.100201
          ],
          [
            106.170243,
            -6.099287
          ],
          [
            106.169039,
            -6.098373
          ],
          [
            106.167923,
            -6.097544
          ],
          [
            106.166806,
            -6.096714
          ],
          [
            106.164179,
            -6.095384
          ],
          [
            106.161552,
            -6.094054
          ],
          [
            106.150789,
            -6.090362
          ],
          [
            106.140026,
            -6.086671
          ],
          [
            106.138655,
            -6.086009
          ],
          [
            106.137283,
            -6.085348
          ],
          [
            106.135965,
            -6.084086
          ],
          [
            106.134648,
            -6.082823
          ],
          [
            106.128433,
            -6.071108
          ],
          [
            106.122219,
            -6.059393
          ],
          [
            106.120039,
            -6.055872
          ],
          [
            106.11786,
            -6.052352
          ],
          [
            106.116649,
            -6.050965
          ],
          [
            106.115439,
            -6.049578
          ],
          [
            106.111776,
            -6.046235
          ],
          [
            106.108113,
            -6.042891
          ],
          [
            106.106827,
            -6.041576
          ],
          [
            106.10554,
            -6.04026
          ],
          [
            106.10378,
            -6.037822
          ],
          [
            106.102019,
            -6.035384
          ],
          [
            106.099596,
            -6.031515
          ],
          [
            106.097174,
            -6.027647
          ],
          [
            106.095443,
            -6.025531
          ],
          [
            106.093712,
            -6.023414
          ],
          [
            106.092225,
            -6.022845
          ],
          [
            106.090738,
            -6.022276
          ],
          [
            106.089192,
            -6.02324
          ],
          [
            106.087646,
            -6.024204
          ],
          [
            106.086703,
            -6.02497
          ],
          [
            106.085761,
            -6.025735
          ],
          [
            106.085247,
            -6.028745
          ],
          [
            106.084733,
            -6.031754
          ],
          [
            106.083847,
            -6.032953
          ],
          [
            106.082962,
            -6.034152
          ],
          [
            106.081626,
            -6.033387
          ],
          [
            106.080289,
            -6.032623
          ],
          [
            106.079026,
            -6.031683
          ],
          [
            106.077762,
            -6.030743
          ],
          [
            106.072342,
            -6.027209
          ],
          [
            106.066922,
            -6.023674
          ],
          [
            106.064022,
            -6.022251
          ],
          [
            106.061123,
            -6.020827
          ],
          [
            106.056438,
            -6.018808
          ],
          [
            106.051754,
            -6.016789
          ],
          [
            106.050271,
            -6.016001
          ],
          [
            106.048787,
            -6.015214
          ],
          [
            106.046452,
            -6.013647
          ],
          [
            106.044116,
            -6.012079
          ],
          [
            106.043044,
            -6.011188
          ],
          [
            106.041972,
            -6.010297
          ],
          [
            106.0413,
            -6.008942
          ],
          [
            106.040627,
            -6.007588
          ],
          [
            106.036017,
            -6.001115
          ],
          [
            106.031408,
            -5.994642
          ],
          [
            106.030219,
            -5.994061
          ],
          [
            106.02903,
            -5.99348
          ],
          [
            106.028137,
            -5.994473
          ],
          [
            106.027244,
            -5.995467
          ],
          [
            106.025915,
            -5.995702
          ],
          [
            106.024587,
            -5.995937
          ],
          [
            106.023599,
            -5.99672
          ],
          [
            106.022612,
            -5.997503
          ],
          [
            106.022582,
            -5.999339
          ],
          [
            106.022552,
            -6.001174
          ],
          [
            106.023665,
            -6.001934
          ],
          [
            106.024778,
            -6.002694
          ],
          [
            106.025294,
            -6.002762
          ],
          [
            106.02581,
            -6.00283
          ],
          [
            106.025299,
            -6.00286
          ],
          [
            106.024787,
            -6.00289
          ]
        ]
      }
    },
    {
      "type": "Feature",
      "properties": {
        "trip_id": 2,
        "nama": "Trip 2 (K-04)",
        "kendaraan": "Truk tangki 30KL",
        "kode_kendaraan": "K-04",
        "trayek": "Serang \u2013 Cilegon",
        "arah": "Terminal Cilegon ke Depo Serang",
        "hari": "Senin",
        "tanggal": "03-03-2025",
        "jam_mulai": "10:05",
        "jam_selesai": "10:59",
        "jam_berangkat": 10,
        "durasi_menit": 54.9,
        "kecepatan_rata": 31.4,
        "kecepatan_maks": 38.9,
        "jumlah_titik": 87,
        "jarak_km": 28.72,
        "liter_total": 10.32,
        "liter_jalan": 10.26,
        "liter_idle": 0.06,
        "menit_idle": 2.0,
        "liter_per_100km": 35.93,
        "km_per_liter": 2.8,
        "biaya_rp": 70176,
        "liter_boros": 1.35,
        "biaya_boros_rp": 9180,
        "jenis_bbm": "Biosolar",
        "harga_per_liter": 6800,
        "malam": false,
        "status_efisiensi": "Normal"
      },
      "geometry": {
        "type": "LineString",
        "coordinates": [
          [
            106.024787,
            -6.00289
          ],
          [
            106.025299,
            -6.00286
          ],
          [
            106.02581,
            -6.00283
          ],
          [
            106.025294,
            -6.002762
          ],
          [
            106.024778,
            -6.002694
          ],
          [
            106.023665,
            -6.001934
          ],
          [
            106.022552,
            -6.001174
          ],
          [
            106.022582,
            -5.999339
          ],
          [
            106.022612,
            -5.997503
          ],
          [
            106.023599,
            -5.99672
          ],
          [
            106.024587,
            -5.995937
          ],
          [
            106.025915,
            -5.995702
          ],
          [
            106.027244,
            -5.995467
          ],
          [
            106.028137,
            -5.994473
          ],
          [
            106.02903,
            -5.99348
          ],
          [
            106.030219,
            -5.994061
          ],
          [
            106.031408,
            -5.994642
          ],
          [
            106.036017,
            -6.001115
          ],
          [
            106.040627,
            -6.007588
          ],
          [
            106.0413,
            -6.008942
          ],
          [
            106.041972,
            -6.010297
          ],
          [
            106.043044,
            -6.011188
          ],
          [
            106.044116,
            -6.012079
          ],
          [
            106.046452,
            -6.013647
          ],
          [
            106.048787,
            -6.015214
          ],
          [
            106.050271,
            -6.016001
          ],
          [
            106.051754,
            -6.016789
          ],
          [
            106.056438,
            -6.018808
          ],
          [
            106.061123,
            -6.020827
          ],
          [
            106.064022,
            -6.022251
          ],
          [
            106.066922,
            -6.023674
          ],
          [
            106.072342,
            -6.027209
          ],
          [
            106.077762,
            -6.030743
          ],
          [
            106.079026,
            -6.031683
          ],
          [
            106.080289,
            -6.032623
          ],
          [
            106.081626,
            -6.033387
          ],
          [
            106.082962,
            -6.034152
          ],
          [
            106.083847,
            -6.032953
          ],
          [
            106.084733,
            -6.031754
          ],
          [
            106.085247,
            -6.028745
          ],
          [
            106.085761,
            -6.025735
          ],
          [
            106.086703,
            -6.02497
          ],
          [
            106.087646,
            -6.024204
          ],
          [
            106.089192,
            -6.02324
          ],
          [
            106.090738,
            -6.022276
          ],
          [
            106.092225,
            -6.022845
          ],
          [
            106.093712,
            -6.023414
          ],
          [
            106.095443,
            -6.025531
          ],
          [
            106.097174,
            -6.027647
          ],
          [
            106.099596,
            -6.031515
          ],
          [
            106.102019,
            -6.035384
          ],
          [
            106.10378,
            -6.037822
          ],
          [
            106.10554,
            -6.04026
          ],
          [
            106.106827,
            -6.041576
          ],
          [
            106.108113,
            -6.042891
          ],
          [
            106.111776,
            -6.046235
          ],
          [
            106.115439,
            -6.049578
          ],
          [
            106.116649,
            -6.050965
          ],
          [
            106.11786,
            -6.052352
          ],
          [
            106.120039,
            -6.055872
          ],
          [
            106.122219,
            -6.059393
          ],
          [
            106.128433,
            -6.071108
          ],
          [
            106.134648,
            -6.082823
          ],
          [
            106.135965,
            -6.084086
          ],
          [
            106.137283,
            -6.085348
          ],
          [
            106.138655,
            -6.086009
          ],
          [
            106.140026,
            -6.086671
          ],
          [
            106.150789,
            -6.090362
          ],
          [
            106.161552,
            -6.094054
          ],
          [
            106.164179,
            -6.095384
          ],
          [
            106.166806,
            -6.096714
          ],
          [
            106.167923,
            -6.097544
          ],
          [
            106.169039,
            -6.098373
          ],
          [
            106.170243,
            -6.099287
          ],
          [
            106.171446,
            -6.100201
          ],
          [
            106.172775,
            -6.101555
          ],
          [
            106.174104,
            -6.10291
          ],
          [
            106.178041,
            -6.107071
          ],
          [
            106.181977,
            -6.111233
          ],
          [
            106.182965,
            -6.112462
          ],
          [
            106.183954,
            -6.113691
          ],
          [
            106.183165,
            -6.11523
          ],
          [
            106.182376,
            -6.116769
          ],
          [
            106.181962,
            -6.11819
          ],
          [
            106.181548,
            -6.119611
          ],
          [
            106.18302,
            -6.120006
          ],
          [
            106.184492,
            -6.120401
          ]
        ]
      }
    },
    {
      "type": "Feature",
      "properties": {
        "trip_id": 3,
        "nama": "Trip 3 (K-04)",
        "kendaraan": "Truk tangki 30KL",
        "kode_kendaraan": "K-04",
        "trayek": "Serang \u2013 Cilegon",
        "arah": "Terminal Cilegon ke Depo Serang",
        "hari": "Senin",
        "tanggal": "03-03-2025",
        "jam_mulai": "16:48",
        "jam_selesai": "18:35",
        "jam_berangkat": 16,
        "durasi_menit": 107.4,
        "kecepatan_rata": 16.1,
        "kecepatan_maks": 22.5,
        "jumlah_titik": 87,
        "jarak_km": 28.79,
        "liter_total": 12.12,
        "liter_jalan": 11.9,
        "liter_idle": 0.22,
        "menit_idle": 5.4,
        "liter_per_100km": 42.1,
        "km_per_liter": 2.42,
        "biaya_rp": 82416,
        "liter_boros": 3.12,
        "biaya_boros_rp": 21216,
        "jenis_bbm": "Biosolar",
        "harga_per_liter": 6800,
        "malam": false,
        "status_efisiensi": "Boros"
      },
      "geometry": {
        "type": "LineString",
        "coordinates": [
          [
            106.024787,
            -6.00289
          ],
          [
            106.025299,
            -6.00286
          ],
          [
            106.02581,
            -6.00283
          ],
          [
            106.025294,
            -6.002762
          ],
          [
            106.024778,
            -6.002694
          ],
          [
            106.023665,
            -6.001934
          ],
          [
            106.022552,
            -6.001174
          ],
          [
            106.022582,
            -5.999339
          ],
          [
            106.022612,
            -5.997503
          ],
          [
            106.023599,
            -5.99672
          ],
          [
            106.024587,
            -5.995937
          ],
          [
            106.025915,
            -5.995702
          ],
          [
            106.027244,
            -5.995467
          ],
          [
            106.028137,
            -5.994473
          ],
          [
            106.02903,
            -5.99348
          ],
          [
            106.030219,
            -5.994061
          ],
          [
            106.031408,
            -5.994642
          ],
          [
            106.036017,
            -6.001115
          ],
          [
            106.040627,
            -6.007588
          ],
          [
            106.0413,
            -6.008942
          ],
          [
            106.041972,
            -6.010297
          ],
          [
            106.043044,
            -6.011188
          ],
          [
            106.044116,
            -6.012079
          ],
          [
            106.046452,
            -6.013647
          ],
          [
            106.048787,
            -6.015214
          ],
          [
            106.050271,
            -6.016001
          ],
          [
            106.051754,
            -6.016789
          ],
          [
            106.056438,
            -6.018808
          ],
          [
            106.061123,
            -6.020827
          ],
          [
            106.064022,
            -6.022251
          ],
          [
            106.066922,
            -6.023674
          ],
          [
            106.072342,
            -6.027209
          ],
          [
            106.077762,
            -6.030743
          ],
          [
            106.079026,
            -6.031683
          ],
          [
            106.080289,
            -6.032623
          ],
          [
            106.081626,
            -6.033387
          ],
          [
            106.082962,
            -6.034152
          ],
          [
            106.083847,
            -6.032953
          ],
          [
            106.084733,
            -6.031754
          ],
          [
            106.085247,
            -6.028745
          ],
          [
            106.085761,
            -6.025735
          ],
          [
            106.086703,
            -6.02497
          ],
          [
            106.087646,
            -6.024204
          ],
          [
            106.089192,
            -6.02324
          ],
          [
            106.090738,
            -6.022276
          ],
          [
            106.092225,
            -6.022845
          ],
          [
            106.093712,
            -6.023414
          ],
          [
            106.095443,
            -6.025531
          ],
          [
            106.097174,
            -6.027647
          ],
          [
            106.099596,
            -6.031515
          ],
          [
            106.102019,
            -6.035384
          ],
          [
            106.10378,
            -6.037822
          ],
          [
            106.10554,
            -6.04026
          ],
          [
            106.106827,
            -6.041576
          ],
          [
            106.108113,
            -6.042891
          ],
          [
            106.111776,
            -6.046235
          ],
          [
            106.115439,
            -6.049578
          ],
          [
            106.116649,
            -6.050965
          ],
          [
            106.11786,
            -6.052352
          ],
          [
            106.120039,
            -6.055872
          ],
          [
            106.122219,
            -6.059393
          ],
          [
            106.128433,
            -6.071108
          ],
          [
            106.134648,
            -6.082823
          ],
          [
            106.135965,
            -6.084086
          ],
          [
            106.137283,
            -6.085348
          ],
          [
            106.138655,
            -6.086009
          ],
          [
            106.140026,
            -6.086671
          ],
          [
            106.150789,
            -6.090362
          ],
          [
            106.161552,
            -6.094054
          ],
          [
            106.164179,
            -6.095384
          ],
          [
            106.166806,
            -6.096714
          ],
          [
            106.167923,
            -6.097544
          ],
          [
            106.169039,
            -6.098373
          ],
          [
            106.170243,
            -6.099287
          ],
          [
            106.171446,
            -6.100201
          ],
          [
            106.172775,
            -6.101555
          ],
          [
            106.174104,
            -6.10291
          ],
          [
            106.178041,
            -6.107071
          ],
          [
            106.181977,
            -6.111233
          ],
          [
            106.182965,
            -6.112462
          ],
          [
            106.183954,
            -6.113691
          ],
          [
            106.183165,
            -6.11523
          ],
          [
            106.182376,
            -6.116769
          ],
          [
            106.181962,
            -6.11819
          ],
          [
            106.181548,
            -6.119611
          ],
          [
            106.18302,
            -6.120006
          ],
          [
            106.184492,
            -6.120401
          ]
        ]
      }
    },
    {
      "type": "Feature",
      "properties": {
        "trip_id": 4,
        "nama": "Trip 4 (K-07)",
        "kendaraan": "Truk tangki 16KL",
        "kode_kendaraan": "K-07",
        "trayek": "Serang \u2013 Anyer",
        "arah": "Depo Serang ke SPBU / Kawasan Anyer",
        "hari": "Senin",
        "tanggal": "03-03-2025",
        "jam_mulai": "04:48",
        "jam_selesai": "05:48",
        "jam_berangkat": 4,
        "durasi_menit": 60.5,
        "kecepatan_rata": 38.2,
        "kecepatan_maks": 47.8,
        "jumlah_titik": 109,
        "jarak_km": 38.55,
        "liter_total": 12.41,
        "liter_jalan": 12.4,
        "liter_idle": 0.01,
        "menit_idle": 0.3,
        "liter_per_100km": 32.19,
        "km_per_liter": 3.11,
        "biaya_rp": 84388,
        "liter_boros": 0.36,
        "biaya_boros_rp": 2448,
        "jenis_bbm": "Biosolar",
        "harga_per_liter": 6800,
        "malam": true,
        "status_efisiensi": "Efisien"
      },
      "geometry": {
        "type": "LineString",
        "coordinates": [
          [
            106.184492,
            -6.120401
          ],
          [
            106.182988,
            -6.120449
          ],
          [
            106.181485,
            -6.120497
          ],
          [
            106.181689,
            -6.119015
          ],
          [
            106.181893,
            -6.117534
          ],
          [
            106.18275,
            -6.116447
          ],
          [
            106.183607,
            -6.115361
          ],
          [
            106.183838,
            -6.114493
          ],
          [
            106.184069,
            -6.113625
          ],
          [
            106.180187,
            -6.109409
          ],
          [
            106.176306,
            -6.105193
          ],
          [
            106.170921,
            -6.100575
          ],
          [
            106.165536,
            -6.095958
          ],
          [
            106.158769,
            -6.093378
          ],
          [
            106.152001,
            -6.090798
          ],
          [
            106.145865,
            -6.088704
          ],
          [
            106.139728,
            -6.08661
          ],
          [
            106.135638,
            -6.081891
          ],
          [
            106.131547,
            -6.077171
          ],
          [
            106.126623,
            -6.067851
          ],
          [
            106.1217,
            -6.058531
          ],
          [
            106.119329,
            -6.054898
          ],
          [
            106.116959,
            -6.051265
          ],
          [
            106.112505,
            -6.047156
          ],
          [
            106.108051,
            -6.043048
          ],
          [
            106.105373,
            -6.039813
          ],
          [
            106.102696,
            -6.036578
          ],
          [
            106.098298,
            -6.030036
          ],
          [
            106.093901,
            -6.023493
          ],
          [
            106.093069,
            -6.022763
          ],
          [
            106.092237,
            -6.022034
          ],
          [
            106.091267,
            -6.022133
          ],
          [
            106.090297,
            -6.022233
          ],
          [
            106.088664,
            -6.023358
          ],
          [
            106.087031,
            -6.024483
          ],
          [
            106.086275,
            -6.025137
          ],
          [
            106.085519,
            -6.025791
          ],
          [
            106.085363,
            -6.028265
          ],
          [
            106.085206,
            -6.03074
          ],
          [
            106.08464,
            -6.031801
          ],
          [
            106.084073,
            -6.032862
          ],
          [
            106.083619,
            -6.033632
          ],
          [
            106.083165,
            -6.034402
          ],
          [
            106.081554,
            -6.033392
          ],
          [
            106.079943,
            -6.032382
          ],
          [
            106.077923,
            -6.030944
          ],
          [
            106.075904,
            -6.029506
          ],
          [
            106.073596,
            -6.027943
          ],
          [
            106.071289,
            -6.02638
          ],
          [
            106.068114,
            -6.024512
          ],
          [
            106.064939,
            -6.022644
          ],
          [
            106.060982,
            -6.020935
          ],
          [
            106.057025,
            -6.019226
          ],
          [
            106.053745,
            -6.017736
          ],
          [
            106.050465,
            -6.016247
          ],
          [
            106.048385,
            -6.014927
          ],
          [
            106.046306,
            -6.013608
          ],
          [
            106.045749,
            -6.013208
          ],
          [
            106.045191,
            -6.012807
          ],
          [
            106.043406,
            -6.012175
          ],
          [
            106.041621,
            -6.011543
          ],
          [
            106.037239,
            -6.01086
          ],
          [
            106.032856,
            -6.010176
          ],
          [
            106.028951,
            -6.009626
          ],
          [
            106.025045,
            -6.009075
          ],
          [
            106.021793,
            -6.009984
          ],
          [
            106.01854,
            -6.010892
          ],
          [
            106.0155,
            -6.011474
          ],
          [
            106.01246,
            -6.012056
          ],
          [
            106.009563,
            -6.012134
          ],
          [
            106.006667,
            -6.012211
          ],
          [
            106.003198,
            -6.01184
          ],
          [
            105.99973,
            -6.01147
          ],
          [
            105.996921,
            -6.010867
          ],
          [
            105.994113,
            -6.010265
          ],
          [
            105.988977,
            -6.011052
          ],
          [
            105.983841,
            -6.01184
          ],
          [
            105.980132,
            -6.013607
          ],
          [
            105.976423,
            -6.015375
          ],
          [
            105.973485,
            -6.016651
          ],
          [
            105.970547,
            -6.017927
          ],
          [
            105.969919,
            -6.018326
          ],
          [
            105.969291,
            -6.018725
          ],
          [
            105.967025,
            -6.02085
          ],
          [
            105.964758,
            -6.022975
          ],
          [
            105.963127,
            -6.023462
          ],
          [
            105.961495,
            -6.023949
          ],
          [
            105.958851,
            -6.023233
          ],
          [
            105.956207,
            -6.022516
          ],
          [
            105.953825,
            -6.02342
          ],
          [
            105.951444,
            -6.024323
          ],
          [
            105.950308,
            -6.025311
          ],
          [
            105.949172,
            -6.0263
          ],
          [
            105.945886,
            -6.028849
          ],
          [
            105.9426,
            -6.031397
          ],
          [
            105.939526,
            -6.033191
          ],
          [
            105.936452,
            -6.034985
          ],
          [
            105.933928,
            -6.036134
          ],
          [
            105.931403,
            -6.037284
          ],
          [
            105.929077,
            -6.038605
          ],
          [
            105.92675,
            -6.039927
          ],
          [
            105.926202,
            -6.040842
          ],
          [
            105.925654,
            -6.041757
          ],
          [
            105.925629,
            -6.043299
          ],
          [
            105.925605,
            -6.044842
          ],
          [
            105.925298,
            -6.04665
          ],
          [
            105.924992,
            -6.048458
          ],
          [
            105.923865,
            -6.050837
          ],
          [
            105.922737,
            -6.053216
          ]
        ]
      }
    },
    {
      "type": "Feature",
      "properties": {
        "trip_id": 5,
        "nama": "Trip 5 (K-07)",
        "kendaraan": "Truk tangki 16KL",
        "kode_kendaraan": "K-07",
        "trayek": "Serang \u2013 Anyer",
        "arah": "SPBU / Kawasan Anyer ke Depo Serang",
        "hari": "Senin",
        "tanggal": "03-03-2025",
        "jam_mulai": "10:09",
        "jam_selesai": "11:28",
        "jam_berangkat": 10,
        "durasi_menit": 79.1,
        "kecepatan_rata": 29.3,
        "kecepatan_maks": 38.9,
        "jumlah_titik": 109,
        "jarak_km": 38.67,
        "liter_total": 13.42,
        "liter_jalan": 13.38,
        "liter_idle": 0.04,
        "menit_idle": 1.4,
        "liter_per_100km": 34.7,
        "km_per_liter": 2.89,
        "biaya_rp": 91256,
        "liter_boros": 1.34,
        "biaya_boros_rp": 9112,
        "jenis_bbm": "Biosolar",
        "harga_per_liter": 6800,
        "malam": false,
        "status_efisiensi": "Normal"
      },
      "geometry": {
        "type": "LineString",
        "coordinates": [
          [
            105.922737,
            -6.053216
          ],
          [
            105.923865,
            -6.050837
          ],
          [
            105.924992,
            -6.048458
          ],
          [
            105.925298,
            -6.04665
          ],
          [
            105.925605,
            -6.044842
          ],
          [
            105.925629,
            -6.043299
          ],
          [
            105.925654,
            -6.041757
          ],
          [
            105.926202,
            -6.040842
          ],
          [
            105.92675,
            -6.039927
          ],
          [
            105.929077,
            -6.038605
          ],
          [
            105.931403,
            -6.037284
          ],
          [
            105.933928,
            -6.036134
          ],
          [
            105.936452,
            -6.034985
          ],
          [
            105.939526,
            -6.033191
          ],
          [
            105.9426,
            -6.031397
          ],
          [
            105.945886,
            -6.028849
          ],
          [
            105.949172,
            -6.0263
          ],
          [
            105.950308,
            -6.025311
          ],
          [
            105.951444,
            -6.024323
          ],
          [
            105.953825,
            -6.02342
          ],
          [
            105.956207,
            -6.022516
          ],
          [
            105.958851,
            -6.023233
          ],
          [
            105.961495,
            -6.023949
          ],
          [
            105.963127,
            -6.023462
          ],
          [
            105.964758,
            -6.022975
          ],
          [
            105.967025,
            -6.02085
          ],
          [
            105.969291,
            -6.018725
          ],
          [
            105.969919,
            -6.018326
          ],
          [
            105.970547,
            -6.017927
          ],
          [
            105.973485,
            -6.016651
          ],
          [
            105.976423,
            -6.015375
          ],
          [
            105.980132,
            -6.013607
          ],
          [
            105.983841,
            -6.01184
          ],
          [
            105.988977,
            -6.011052
          ],
          [
            105.994113,
            -6.010265
          ],
          [
            105.996921,
            -6.010867
          ],
          [
            105.99973,
            -6.01147
          ],
          [
            106.003198,
            -6.01184
          ],
          [
            106.006667,
            -6.012211
          ],
          [
            106.009563,
            -6.012134
          ],
          [
            106.01246,
            -6.012056
          ],
          [
            106.0155,
            -6.011474
          ],
          [
            106.01854,
            -6.010892
          ],
          [
            106.021793,
            -6.009984
          ],
          [
            106.025045,
            -6.009075
          ],
          [
            106.028951,
            -6.009626
          ],
          [
            106.032856,
            -6.010176
          ],
          [
            106.037239,
            -6.01086
          ],
          [
            106.041621,
            -6.011543
          ],
          [
            106.043406,
            -6.012175
          ],
          [
            106.045191,
            -6.012807
          ],
          [
            106.045749,
            -6.013208
          ],
          [
            106.046306,
            -6.013608
          ],
          [
            106.048385,
            -6.014927
          ],
          [
            106.050465,
            -6.016247
          ],
          [
            106.053745,
            -6.017736
          ],
          [
            106.057025,
            -6.019226
          ],
          [
            106.060982,
            -6.020935
          ],
          [
            106.064939,
            -6.022644
          ],
          [
            106.068114,
            -6.024512
          ],
          [
            106.071289,
            -6.02638
          ],
          [
            106.073596,
            -6.027943
          ],
          [
            106.075904,
            -6.029506
          ],
          [
            106.077923,
            -6.030944
          ],
          [
            106.079943,
            -6.032382
          ],
          [
            106.081554,
            -6.033392
          ],
          [
            106.083165,
            -6.034402
          ],
          [
            106.083619,
            -6.033632
          ],
          [
            106.084073,
            -6.032862
          ],
          [
            106.08464,
            -6.031801
          ],
          [
            106.085206,
            -6.03074
          ],
          [
            106.085363,
            -6.028265
          ],
          [
            106.085519,
            -6.025791
          ],
          [
            106.086275,
            -6.025137
          ],
          [
            106.087031,
            -6.024483
          ],
          [
            106.088664,
            -6.023358
          ],
          [
            106.090297,
            -6.022233
          ],
          [
            106.091267,
            -6.022133
          ],
          [
            106.092237,
            -6.022034
          ],
          [
            106.093069,
            -6.022763
          ],
          [
            106.093901,
            -6.023493
          ],
          [
            106.098298,
            -6.030036
          ],
          [
            106.102696,
            -6.036578
          ],
          [
            106.105373,
            -6.039813
          ],
          [
            106.108051,
            -6.043048
          ],
          [
            106.112505,
            -6.047156
          ],
          [
            106.116959,
            -6.051265
          ],
          [
            106.119329,
            -6.054898
          ],
          [
            106.1217,
            -6.058531
          ],
          [
            106.126623,
            -6.067851
          ],
          [
            106.131547,
            -6.077171
          ],
          [
            106.135638,
            -6.081891
          ],
          [
            106.139728,
            -6.08661
          ],
          [
            106.145865,
            -6.088704
          ],
          [
            106.152001,
            -6.090798
          ],
          [
            106.158769,
            -6.093378
          ],
          [
            106.165536,
            -6.095958
          ],
          [
            106.170921,
            -6.100575
          ],
          [
            106.176306,
            -6.105193
          ],
          [
            106.180187,
            -6.109409
          ],
          [
            106.184069,
            -6.113625
          ],
          [
            106.183838,
            -6.114493
          ],
          [
            106.183607,
            -6.115361
          ],
          [
            106.18275,
            -6.116447
          ],
          [
            106.181893,
            -6.117534
          ],
          [
            106.181689,
            -6.119015
          ],
          [
            106.181485,
            -6.120497
          ],
          [
            106.182988,
            -6.120449
          ],
          [
            106.184492,
            -6.120401
          ]
        ]
      }
    },
    {
      "type": "Feature",
      "properties": {
        "trip_id": 6,
        "nama": "Trip 6 (K-07)",
        "kendaraan": "Truk tangki 16KL",
        "kode_kendaraan": "K-07",
        "trayek": "Serang \u2013 Anyer",
        "arah": "SPBU / Kawasan Anyer ke Depo Serang",
        "hari": "Senin",
        "tanggal": "03-03-2025",
        "jam_mulai": "16:33",
        "jam_selesai": "18:51",
        "jam_berangkat": 16,
        "durasi_menit": 138.9,
        "kecepatan_rata": 16.7,
        "kecepatan_maks": 23.3,
        "jumlah_titik": 109,
        "jarak_km": 38.55,
        "liter_total": 15.35,
        "liter_jalan": 15.18,
        "liter_idle": 0.17,
        "menit_idle": 4.3,
        "liter_per_100km": 39.82,
        "km_per_liter": 2.54,
        "biaya_rp": 104380,
        "liter_boros": 3.3,
        "biaya_boros_rp": 22440,
        "jenis_bbm": "Biosolar",
        "harga_per_liter": 6800,
        "malam": false,
        "status_efisiensi": "Boros"
      },
      "geometry": {
        "type": "LineString",
        "coordinates": [
          [
            105.922737,
            -6.053216
          ],
          [
            105.923865,
            -6.050837
          ],
          [
            105.924992,
            -6.048458
          ],
          [
            105.925298,
            -6.04665
          ],
          [
            105.925605,
            -6.044842
          ],
          [
            105.925629,
            -6.043299
          ],
          [
            105.925654,
            -6.041757
          ],
          [
            105.926202,
            -6.040842
          ],
          [
            105.92675,
            -6.039927
          ],
          [
            105.929077,
            -6.038605
          ],
          [
            105.931403,
            -6.037284
          ],
          [
            105.933928,
            -6.036134
          ],
          [
            105.936452,
            -6.034985
          ],
          [
            105.939526,
            -6.033191
          ],
          [
            105.9426,
            -6.031397
          ],
          [
            105.945886,
            -6.028849
          ],
          [
            105.949172,
            -6.0263
          ],
          [
            105.950308,
            -6.025311
          ],
          [
            105.951444,
            -6.024323
          ],
          [
            105.953825,
            -6.02342
          ],
          [
            105.956207,
            -6.022516
          ],
          [
            105.958851,
            -6.023233
          ],
          [
            105.961495,
            -6.023949
          ],
          [
            105.963127,
            -6.023462
          ],
          [
            105.964758,
            -6.022975
          ],
          [
            105.967025,
            -6.02085
          ],
          [
            105.969291,
            -6.018725
          ],
          [
            105.969919,
            -6.018326
          ],
          [
            105.970547,
            -6.017927
          ],
          [
            105.973485,
            -6.016651
          ],
          [
            105.976423,
            -6.015375
          ],
          [
            105.980132,
            -6.013607
          ],
          [
            105.983841,
            -6.01184
          ],
          [
            105.988977,
            -6.011052
          ],
          [
            105.994113,
            -6.010265
          ],
          [
            105.996921,
            -6.010867
          ],
          [
            105.99973,
            -6.01147
          ],
          [
            106.003198,
            -6.01184
          ],
          [
            106.006667,
            -6.012211
          ],
          [
            106.009563,
            -6.012134
          ],
          [
            106.01246,
            -6.012056
          ],
          [
            106.0155,
            -6.011474
          ],
          [
            106.01854,
            -6.010892
          ],
          [
            106.021793,
            -6.009984
          ],
          [
            106.025045,
            -6.009075
          ],
          [
            106.028951,
            -6.009626
          ],
          [
            106.032856,
            -6.010176
          ],
          [
            106.037239,
            -6.01086
          ],
          [
            106.041621,
            -6.011543
          ],
          [
            106.043406,
            -6.012175
          ],
          [
            106.045191,
            -6.012807
          ],
          [
            106.045749,
            -6.013208
          ],
          [
            106.046306,
            -6.013608
          ],
          [
            106.048385,
            -6.014927
          ],
          [
            106.050465,
            -6.016247
          ],
          [
            106.053745,
            -6.017736
          ],
          [
            106.057025,
            -6.019226
          ],
          [
            106.060982,
            -6.020935
          ],
          [
            106.064939,
            -6.022644
          ],
          [
            106.068114,
            -6.024512
          ],
          [
            106.071289,
            -6.02638
          ],
          [
            106.073596,
            -6.027943
          ],
          [
            106.075904,
            -6.029506
          ],
          [
            106.077923,
            -6.030944
          ],
          [
            106.079943,
            -6.032382
          ],
          [
            106.081554,
            -6.033392
          ],
          [
            106.083165,
            -6.034402
          ],
          [
            106.083619,
            -6.033632
          ],
          [
            106.084073,
            -6.032862
          ],
          [
            106.08464,
            -6.031801
          ],
          [
            106.085206,
            -6.03074
          ],
          [
            106.085363,
            -6.028265
          ],
          [
            106.085519,
            -6.025791
          ],
          [
            106.086275,
            -6.025137
          ],
          [
            106.087031,
            -6.024483
          ],
          [
            106.088664,
            -6.023358
          ],
          [
            106.090297,
            -6.022233
          ],
          [
            106.091267,
            -6.022133
          ],
          [
            106.092237,
            -6.022034
          ],
          [
            106.093069,
            -6.022763
          ],
          [
            106.093901,
            -6.023493
          ],
          [
            106.098298,
            -6.030036
          ],
          [
            106.102696,
            -6.036578
          ],
          [
            106.105373,
            -6.039813
          ],
          [
            106.108051,
            -6.043048
          ],
          [
            106.112505,
            -6.047156
          ],
          [
            106.116959,
            -6.051265
          ],
          [
            106.119329,
            -6.054898
          ],
          [
            106.1217,
            -6.058531
          ],
          [
            106.126623,
            -6.067851
          ],
          [
            106.131547,
            -6.077171
          ],
          [
            106.135638,
            -6.081891
          ],
          [
            106.139728,
            -6.08661
          ],
          [
            106.145865,
            -6.088704
          ],
          [
            106.152001,
            -6.090798
          ],
          [
            106.158769,
            -6.093378
          ],
          [
            106.165536,
            -6.095958
          ],
          [
            106.170921,
            -6.100575
          ],
          [
            106.176306,
            -6.105193
          ],
          [
            106.180187,
            -6.109409
          ],
          [
            106.184069,
            -6.113625
          ],
          [
            106.183838,
            -6.114493
          ],
          [
            106.183607,
            -6.115361
          ],
          [
            106.18275,
            -6.116447
          ],
          [
            106.181893,
            -6.117534
          ],
          [
            106.181689,
            -6.119015
          ],
          [
            106.181485,
            -6.120497
          ],
          [
            106.182988,
            -6.120449
          ],
          [
            106.184492,
            -6.120401
          ]
        ]
      }
    },
    {
      "type": "Feature",
      "properties": {
        "trip_id": 7,
        "nama": "Trip 7 (K-12)",
        "kendaraan": "Truk tangki 24KL",
        "kode_kendaraan": "K-12",
        "trayek": "Cilegon \u2013 Merak",
        "arah": "Depo Cilegon ke Gerbang Pelabuhan Merak",
        "hari": "Senin",
        "tanggal": "03-03-2025",
        "jam_mulai": "04:54",
        "jam_selesai": "05:15",
        "jam_berangkat": 4,
        "durasi_menit": 21.1,
        "kecepatan_rata": 31.7,
        "kecepatan_maks": 45.7,
        "jumlah_titik": 89,
        "jarak_km": 11.15,
        "liter_total": 3.54,
        "liter_jalan": 3.53,
        "liter_idle": 0.01,
        "menit_idle": 0.3,
        "liter_per_100km": 31.75,
        "km_per_liter": 3.16,
        "biaya_rp": 24072,
        "liter_boros": 0.06,
        "biaya_boros_rp": 408,
        "jenis_bbm": "Biosolar",
        "harga_per_liter": 6800,
        "malam": true,
        "status_efisiensi": "Efisien"
      },
      "geometry": {
        "type": "LineString",
        "coordinates": [
          [
            106.024787,
            -6.00289
          ],
          [
            106.023636,
            -6.002619
          ],
          [
            106.022484,
            -6.002348
          ],
          [
            106.022499,
            -5.999045
          ],
          [
            106.022514,
            -5.995743
          ],
          [
            106.025236,
            -5.995042
          ],
          [
            106.027958,
            -5.994341
          ],
          [
            106.027873,
            -5.992765
          ],
          [
            106.027789,
            -5.991189
          ],
          [
            106.025858,
            -5.990295
          ],
          [
            106.023927,
            -5.9894
          ],
          [
            106.022945,
            -5.988786
          ],
          [
            106.021964,
            -5.988172
          ],
          [
            106.020783,
            -5.987707
          ],
          [
            106.019603,
            -5.987242
          ],
          [
            106.018991,
            -5.986827
          ],
          [
            106.018379,
            -5.986412
          ],
          [
            106.017923,
            -5.985682
          ],
          [
            106.017468,
            -5.984952
          ],
          [
            106.016956,
            -5.984452
          ],
          [
            106.016445,
            -5.983953
          ],
          [
            106.0156,
            -5.983546
          ],
          [
            106.014755,
            -5.983139
          ],
          [
            106.01394,
            -5.983088
          ],
          [
            106.013125,
            -5.983037
          ],
          [
            106.012154,
            -5.98294
          ],
          [
            106.011183,
            -5.982843
          ],
          [
            106.010437,
            -5.982596
          ],
          [
            106.009692,
            -5.98235
          ],
          [
            106.009352,
            -5.982049
          ],
          [
            106.009012,
            -5.981748
          ],
          [
            106.008845,
            -5.981001
          ],
          [
            106.008678,
            -5.980255
          ],
          [
            106.008464,
            -5.979058
          ],
          [
            106.008249,
            -5.977861
          ],
          [
            106.008246,
            -5.977447
          ],
          [
            106.008242,
            -5.977033
          ],
          [
            106.008462,
            -5.976517
          ],
          [
            106.008682,
            -5.976001
          ],
          [
            106.008176,
            -5.975195
          ],
          [
            106.007671,
            -5.974388
          ],
          [
            106.006949,
            -5.97308
          ],
          [
            106.006228,
            -5.971771
          ],
          [
            106.006035,
            -5.971376
          ],
          [
            106.005842,
            -5.97098
          ],
          [
            106.005387,
            -5.970118
          ],
          [
            106.004933,
            -5.969255
          ],
          [
            106.004582,
            -5.968457
          ],
          [
            106.004231,
            -5.967658
          ],
          [
            106.003848,
            -5.966814
          ],
          [
            106.003464,
            -5.965969
          ],
          [
            106.002783,
            -5.964886
          ],
          [
            106.002102,
            -5.963803
          ],
          [
            106.001184,
            -5.962492
          ],
          [
            106.000267,
            -5.961181
          ],
          [
            105.999981,
            -5.959478
          ],
          [
            105.999696,
            -5.957774
          ],
          [
            105.999547,
            -5.956166
          ],
          [
            105.999397,
            -5.954557
          ],
          [
            106.000428,
            -5.952616
          ],
          [
            106.001458,
            -5.950676
          ],
          [
            106.002139,
            -5.949248
          ],
          [
            106.002819,
            -5.94782
          ],
          [
            106.002724,
            -5.947029
          ],
          [
            106.00263,
            -5.946237
          ],
          [
            106.00257,
            -5.945759
          ],
          [
            106.002511,
            -5.94528
          ],
          [
            106.00276,
            -5.944396
          ],
          [
            106.003009,
            -5.943513
          ],
          [
            106.002673,
            -5.942709
          ],
          [
            106.002337,
            -5.941905
          ],
          [
            106.001881,
            -5.941111
          ],
          [
            106.001426,
            -5.940317
          ],
          [
            106.001327,
            -5.939709
          ],
          [
            106.001228,
            -5.9391
          ],
          [
            106.001695,
            -5.937857
          ],
          [
            106.002163,
            -5.936613
          ],
          [
            106.002003,
            -5.93584
          ],
          [
            106.001842,
            -5.935067
          ],
          [
            106.00157,
            -5.935282
          ],
          [
            106.001298,
            -5.935498
          ],
          [
            106.000902,
            -5.935544
          ],
          [
            106.000507,
            -5.93559
          ],
          [
            106.000125,
            -5.935287
          ],
          [
            105.999744,
            -5.934983
          ],
          [
            105.999501,
            -5.934755
          ],
          [
            105.999257,
            -5.934526
          ],
          [
            105.998408,
            -5.933298
          ],
          [
            105.99756,
            -5.932069
          ]
        ]
      }
    },
    {
      "type": "Feature",
      "properties": {
        "trip_id": 8,
        "nama": "Trip 8 (K-12)",
        "kendaraan": "Truk tangki 24KL",
        "kode_kendaraan": "K-12",
        "trayek": "Cilegon \u2013 Merak",
        "arah": "Gerbang Pelabuhan Merak ke Depo Cilegon",
        "hari": "Senin",
        "tanggal": "03-03-2025",
        "jam_mulai": "10:26",
        "jam_selesai": "10:56",
        "jam_berangkat": 10,
        "durasi_menit": 30.2,
        "kecepatan_rata": 22.5,
        "kecepatan_maks": 32.2,
        "jumlah_titik": 89,
        "jarak_km": 11.32,
        "liter_total": 4.04,
        "liter_jalan": 4.0,
        "liter_idle": 0.04,
        "menit_idle": 1.2,
        "liter_per_100km": 35.69,
        "km_per_liter": 2.83,
        "biaya_rp": 27472,
        "liter_boros": 0.5,
        "biaya_boros_rp": 3400,
        "jenis_bbm": "Biosolar",
        "harga_per_liter": 6800,
        "malam": false,
        "status_efisiensi": "Normal"
      },
      "geometry": {
        "type": "LineString",
        "coordinates": [
          [
            105.99756,
            -5.932069
          ],
          [
            105.998408,
            -5.933298
          ],
          [
            105.999257,
            -5.934526
          ],
          [
            105.999501,
            -5.934755
          ],
          [
            105.999744,
            -5.934983
          ],
          [
            106.000125,
            -5.935287
          ],
          [
            106.000507,
            -5.93559
          ],
          [
            106.000902,
            -5.935544
          ],
          [
            106.001298,
            -5.935498
          ],
          [
            106.00157,
            -5.935282
          ],
          [
            106.001842,
            -5.935067
          ],
          [
            106.002003,
            -5.93584
          ],
          [
            106.002163,
            -5.936613
          ],
          [
            106.001695,
            -5.937857
          ],
          [
            106.001228,
            -5.9391
          ],
          [
            106.001327,
            -5.939709
          ],
          [
            106.001426,
            -5.940317
          ],
          [
            106.001881,
            -5.941111
          ],
          [
            106.002337,
            -5.941905
          ],
          [
            106.002673,
            -5.942709
          ],
          [
            106.003009,
            -5.943513
          ],
          [
            106.00276,
            -5.944396
          ],
          [
            106.002511,
            -5.94528
          ],
          [
            106.00257,
            -5.945759
          ],
          [
            106.00263,
            -5.946237
          ],
          [
            106.002724,
            -5.947029
          ],
          [
            106.002819,
            -5.94782
          ],
          [
            106.002139,
            -5.949248
          ],
          [
            106.001458,
            -5.950676
          ],
          [
            106.000428,
            -5.952616
          ],
          [
            105.999397,
            -5.954557
          ],
          [
            105.999547,
            -5.956166
          ],
          [
            105.999696,
            -5.957774
          ],
          [
            105.999981,
            -5.959478
          ],
          [
            106.000267,
            -5.961181
          ],
          [
            106.001184,
            -5.962492
          ],
          [
            106.002102,
            -5.963803
          ],
          [
            106.002783,
            -5.964886
          ],
          [
            106.003464,
            -5.965969
          ],
          [
            106.003848,
            -5.966814
          ],
          [
            106.004231,
            -5.967658
          ],
          [
            106.004582,
            -5.968457
          ],
          [
            106.004933,
            -5.969255
          ],
          [
            106.005387,
            -5.970118
          ],
          [
            106.005842,
            -5.97098
          ],
          [
            106.006035,
            -5.971376
          ],
          [
            106.006228,
            -5.971771
          ],
          [
            106.006949,
            -5.97308
          ],
          [
            106.007671,
            -5.974388
          ],
          [
            106.008176,
            -5.975195
          ],
          [
            106.008682,
            -5.976001
          ],
          [
            106.008462,
            -5.976517
          ],
          [
            106.008242,
            -5.977033
          ],
          [
            106.008246,
            -5.977447
          ],
          [
            106.008249,
            -5.977861
          ],
          [
            106.008464,
            -5.979058
          ],
          [
            106.008678,
            -5.980255
          ],
          [
            106.008845,
            -5.981001
          ],
          [
            106.009012,
            -5.981748
          ],
          [
            106.009352,
            -5.982049
          ],
          [
            106.009692,
            -5.98235
          ],
          [
            106.010437,
            -5.982596
          ],
          [
            106.011183,
            -5.982843
          ],
          [
            106.012154,
            -5.98294
          ],
          [
            106.013125,
            -5.983037
          ],
          [
            106.01394,
            -5.983088
          ],
          [
            106.014755,
            -5.983139
          ],
          [
            106.0156,
            -5.983546
          ],
          [
            106.016445,
            -5.983953
          ],
          [
            106.016956,
            -5.984452
          ],
          [
            106.017468,
            -5.984952
          ],
          [
            106.017923,
            -5.985682
          ],
          [
            106.018379,
            -5.986412
          ],
          [
            106.018991,
            -5.986827
          ],
          [
            106.019603,
            -5.987242
          ],
          [
            106.020783,
            -5.987707
          ],
          [
            106.021964,
            -5.988172
          ],
          [
            106.022945,
            -5.988786
          ],
          [
            106.023927,
            -5.9894
          ],
          [
            106.025858,
            -5.990295
          ],
          [
            106.027789,
            -5.991189
          ],
          [
            106.027873,
            -5.992765
          ],
          [
            106.027958,
            -5.994341
          ],
          [
            106.025236,
            -5.995042
          ],
          [
            106.022514,
            -5.995743
          ],
          [
            106.022499,
            -5.999045
          ],
          [
            106.022484,
            -6.002348
          ],
          [
            106.023636,
            -6.002619
          ],
          [
            106.024787,
            -6.00289
          ]
        ]
      }
    },
    {
      "type": "Feature",
      "properties": {
        "trip_id": 9,
        "nama": "Trip 9 (K-12)",
        "kendaraan": "Truk tangki 24KL",
        "kode_kendaraan": "K-12",
        "trayek": "Cilegon \u2013 Merak",
        "arah": "Gerbang Pelabuhan Merak ke Depo Cilegon",
        "hari": "Senin",
        "tanggal": "03-03-2025",
        "jam_mulai": "16:43",
        "jam_selesai": "17:39",
        "jam_berangkat": 16,
        "durasi_menit": 56.4,
        "kecepatan_rata": 11.9,
        "kecepatan_maks": 16.9,
        "jumlah_titik": 89,
        "jarak_km": 11.14,
        "liter_total": 4.53,
        "liter_jalan": 4.33,
        "liter_idle": 0.2,
        "menit_idle": 4.9,
        "liter_per_100km": 40.66,
        "km_per_liter": 2.57,
        "biaya_rp": 30804,
        "liter_boros": 1.05,
        "biaya_boros_rp": 7140,
        "jenis_bbm": "Biosolar",
        "harga_per_liter": 6800,
        "malam": false,
        "status_efisiensi": "Boros"
      },
      "geometry": {
        "type": "LineString",
        "coordinates": [
          [
            105.99756,
            -5.932069
          ],
          [
            105.998408,
            -5.933298
          ],
          [
            105.999257,
            -5.934526
          ],
          [
            105.999501,
            -5.934755
          ],
          [
            105.999744,
            -5.934983
          ],
          [
            106.000125,
            -5.935287
          ],
          [
            106.000507,
            -5.93559
          ],
          [
            106.000902,
            -5.935544
          ],
          [
            106.001298,
            -5.935498
          ],
          [
            106.00157,
            -5.935282
          ],
          [
            106.001842,
            -5.935067
          ],
          [
            106.002003,
            -5.93584
          ],
          [
            106.002163,
            -5.936613
          ],
          [
            106.001695,
            -5.937857
          ],
          [
            106.001228,
            -5.9391
          ],
          [
            106.001327,
            -5.939709
          ],
          [
            106.001426,
            -5.940317
          ],
          [
            106.001881,
            -5.941111
          ],
          [
            106.002337,
            -5.941905
          ],
          [
            106.002673,
            -5.942709
          ],
          [
            106.003009,
            -5.943513
          ],
          [
            106.00276,
            -5.944396
          ],
          [
            106.002511,
            -5.94528
          ],
          [
            106.00257,
            -5.945759
          ],
          [
            106.00263,
            -5.946237
          ],
          [
            106.002724,
            -5.947029
          ],
          [
            106.002819,
            -5.94782
          ],
          [
            106.002139,
            -5.949248
          ],
          [
            106.001458,
            -5.950676
          ],
          [
            106.000428,
            -5.952616
          ],
          [
            105.999397,
            -5.954557
          ],
          [
            105.999547,
            -5.956166
          ],
          [
            105.999696,
            -5.957774
          ],
          [
            105.999981,
            -5.959478
          ],
          [
            106.000267,
            -5.961181
          ],
          [
            106.001184,
            -5.962492
          ],
          [
            106.002102,
            -5.963803
          ],
          [
            106.002783,
            -5.964886
          ],
          [
            106.003464,
            -5.965969
          ],
          [
            106.003848,
            -5.966814
          ],
          [
            106.004231,
            -5.967658
          ],
          [
            106.004582,
            -5.968457
          ],
          [
            106.004933,
            -5.969255
          ],
          [
            106.005387,
            -5.970118
          ],
          [
            106.005842,
            -5.97098
          ],
          [
            106.006035,
            -5.971376
          ],
          [
            106.006228,
            -5.971771
          ],
          [
            106.006949,
            -5.97308
          ],
          [
            106.007671,
            -5.974388
          ],
          [
            106.008176,
            -5.975195
          ],
          [
            106.008682,
            -5.976001
          ],
          [
            106.008462,
            -5.976517
          ],
          [
            106.008242,
            -5.977033
          ],
          [
            106.008246,
            -5.977447
          ],
          [
            106.008249,
            -5.977861
          ],
          [
            106.008464,
            -5.979058
          ],
          [
            106.008678,
            -5.980255
          ],
          [
            106.008845,
            -5.981001
          ],
          [
            106.009012,
            -5.981748
          ],
          [
            106.009352,
            -5.982049
          ],
          [
            106.009692,
            -5.98235
          ],
          [
            106.010437,
            -5.982596
          ],
          [
            106.011183,
            -5.982843
          ],
          [
            106.012154,
            -5.98294
          ],
          [
            106.013125,
            -5.983037
          ],
          [
            106.01394,
            -5.983088
          ],
          [
            106.014755,
            -5.983139
          ],
          [
            106.0156,
            -5.983546
          ],
          [
            106.016445,
            -5.983953
          ],
          [
            106.016956,
            -5.984452
          ],
          [
            106.017468,
            -5.984952
          ],
          [
            106.017923,
            -5.985682
          ],
          [
            106.018379,
            -5.986412
          ],
          [
            106.018991,
            -5.986827
          ],
          [
            106.019603,
            -5.987242
          ],
          [
            106.020783,
            -5.987707
          ],
          [
            106.021964,
            -5.988172
          ],
          [
            106.022945,
            -5.988786
          ],
          [
            106.023927,
            -5.9894
          ],
          [
            106.025858,
            -5.990295
          ],
          [
            106.027789,
            -5.991189
          ],
          [
            106.027873,
            -5.992765
          ],
          [
            106.027958,
            -5.994341
          ],
          [
            106.025236,
            -5.995042
          ],
          [
            106.022514,
            -5.995743
          ],
          [
            106.022499,
            -5.999045
          ],
          [
            106.022484,
            -6.002348
          ],
          [
            106.023636,
            -6.002619
          ],
          [
            106.024787,
            -6.00289
          ]
        ]
      }
    },
    {
      "type": "Feature",
      "properties": {
        "trip_id": 10,
        "nama": "Trip 10 (K-04)",
        "kendaraan": "Truk tangki 30KL",
        "kode_kendaraan": "K-04",
        "trayek": "Serang \u2013 Cilegon",
        "arah": "Depo Serang ke Terminal Cilegon",
        "hari": "Selasa",
        "tanggal": "04-03-2025",
        "jam_mulai": "04:54",
        "jam_selesai": "05:38",
        "jam_berangkat": 4,
        "durasi_menit": 44.4,
        "kecepatan_rata": 38.6,
        "kecepatan_maks": 47.8,
        "jumlah_titik": 87,
        "jarak_km": 28.57,
        "liter_total": 9.13,
        "liter_jalan": 9.13,
        "liter_idle": 0.0,
        "menit_idle": 0.2,
        "liter_per_100km": 31.96,
        "km_per_liter": 3.13,
        "biaya_rp": 62084,
        "liter_boros": 0.2,
        "biaya_boros_rp": 1360,
        "jenis_bbm": "Biosolar",
        "harga_per_liter": 6800,
        "malam": true,
        "status_efisiensi": "Efisien"
      },
      "geometry": {
        "type": "LineString",
        "coordinates": [
          [
            106.184492,
            -6.120401
          ],
          [
            106.18302,
            -6.120006
          ],
          [
            106.181548,
            -6.119611
          ],
          [
            106.181962,
            -6.11819
          ],
          [
            106.182376,
            -6.116769
          ],
          [
            106.183165,
            -6.11523
          ],
          [
            106.183954,
            -6.113691
          ],
          [
            106.182965,
            -6.112462
          ],
          [
            106.181977,
            -6.111233
          ],
          [
            106.178041,
            -6.107071
          ],
          [
            106.174104,
            -6.10291
          ],
          [
            106.172775,
            -6.101555
          ],
          [
            106.171446,
            -6.100201
          ],
          [
            106.170243,
            -6.099287
          ],
          [
            106.169039,
            -6.098373
          ],
          [
            106.167923,
            -6.097544
          ],
          [
            106.166806,
            -6.096714
          ],
          [
            106.164179,
            -6.095384
          ],
          [
            106.161552,
            -6.094054
          ],
          [
            106.150789,
            -6.090362
          ],
          [
            106.140026,
            -6.086671
          ],
          [
            106.138655,
            -6.086009
          ],
          [
            106.137283,
            -6.085348
          ],
          [
            106.135965,
            -6.084086
          ],
          [
            106.134648,
            -6.082823
          ],
          [
            106.128433,
            -6.071108
          ],
          [
            106.122219,
            -6.059393
          ],
          [
            106.120039,
            -6.055872
          ],
          [
            106.11786,
            -6.052352
          ],
          [
            106.116649,
            -6.050965
          ],
          [
            106.115439,
            -6.049578
          ],
          [
            106.111776,
            -6.046235
          ],
          [
            106.108113,
            -6.042891
          ],
          [
            106.106827,
            -6.041576
          ],
          [
            106.10554,
            -6.04026
          ],
          [
            106.10378,
            -6.037822
          ],
          [
            106.102019,
            -6.035384
          ],
          [
            106.099596,
            -6.031515
          ],
          [
            106.097174,
            -6.027647
          ],
          [
            106.095443,
            -6.025531
          ],
          [
            106.093712,
            -6.023414
          ],
          [
            106.092225,
            -6.022845
          ],
          [
            106.090738,
            -6.022276
          ],
          [
            106.089192,
            -6.02324
          ],
          [
            106.087646,
            -6.024204
          ],
          [
            106.086703,
            -6.02497
          ],
          [
            106.085761,
            -6.025735
          ],
          [
            106.085247,
            -6.028745
          ],
          [
            106.084733,
            -6.031754
          ],
          [
            106.083847,
            -6.032953
          ],
          [
            106.082962,
            -6.034152
          ],
          [
            106.081626,
            -6.033387
          ],
          [
            106.080289,
            -6.032623
          ],
          [
            106.079026,
            -6.031683
          ],
          [
            106.077762,
            -6.030743
          ],
          [
            106.072342,
            -6.027209
          ],
          [
            106.066922,
            -6.023674
          ],
          [
            106.064022,
            -6.022251
          ],
          [
            106.061123,
            -6.020827
          ],
          [
            106.056438,
            -6.018808
          ],
          [
            106.051754,
            -6.016789
          ],
          [
            106.050271,
            -6.016001
          ],
          [
            106.048787,
            -6.015214
          ],
          [
            106.046452,
            -6.013647
          ],
          [
            106.044116,
            -6.012079
          ],
          [
            106.043044,
            -6.011188
          ],
          [
            106.041972,
            -6.010297
          ],
          [
            106.0413,
            -6.008942
          ],
          [
            106.040627,
            -6.007588
          ],
          [
            106.036017,
            -6.001115
          ],
          [
            106.031408,
            -5.994642
          ],
          [
            106.030219,
            -5.994061
          ],
          [
            106.02903,
            -5.99348
          ],
          [
            106.028137,
            -5.994473
          ],
          [
            106.027244,
            -5.995467
          ],
          [
            106.025915,
            -5.995702
          ],
          [
            106.024587,
            -5.995937
          ],
          [
            106.023599,
            -5.99672
          ],
          [
            106.022612,
            -5.997503
          ],
          [
            106.022582,
            -5.999339
          ],
          [
            106.022552,
            -6.001174
          ],
          [
            106.023665,
            -6.001934
          ],
          [
            106.024778,
            -6.002694
          ],
          [
            106.025294,
            -6.002762
          ],
          [
            106.02581,
            -6.00283
          ],
          [
            106.025299,
            -6.00286
          ],
          [
            106.024787,
            -6.00289
          ]
        ]
      }
    },
    {
      "type": "Feature",
      "properties": {
        "trip_id": 11,
        "nama": "Trip 11 (K-04)",
        "kendaraan": "Truk tangki 30KL",
        "kode_kendaraan": "K-04",
        "trayek": "Serang \u2013 Cilegon",
        "arah": "Terminal Cilegon ke Depo Serang",
        "hari": "Selasa",
        "tanggal": "04-03-2025",
        "jam_mulai": "10:25",
        "jam_selesai": "11:21",
        "jam_berangkat": 10,
        "durasi_menit": 56.5,
        "kecepatan_rata": 30.5,
        "kecepatan_maks": 39.2,
        "jumlah_titik": 87,
        "jarak_km": 28.75,
        "liter_total": 10.54,
        "liter_jalan": 10.49,
        "liter_idle": 0.05,
        "menit_idle": 1.6,
        "liter_per_100km": 36.66,
        "km_per_liter": 2.74,
        "biaya_rp": 71672,
        "liter_boros": 1.56,
        "biaya_boros_rp": 10608,
        "jenis_bbm": "Biosolar",
        "harga_per_liter": 6800,
        "malam": false,
        "status_efisiensi": "Normal"
      },
      "geometry": {
        "type": "LineString",
        "coordinates": [
          [
            106.024787,
            -6.00289
          ],
          [
            106.025299,
            -6.00286
          ],
          [
            106.02581,
            -6.00283
          ],
          [
            106.025294,
            -6.002762
          ],
          [
            106.024778,
            -6.002694
          ],
          [
            106.023665,
            -6.001934
          ],
          [
            106.022552,
            -6.001174
          ],
          [
            106.022582,
            -5.999339
          ],
          [
            106.022612,
            -5.997503
          ],
          [
            106.023599,
            -5.99672
          ],
          [
            106.024587,
            -5.995937
          ],
          [
            106.025915,
            -5.995702
          ],
          [
            106.027244,
            -5.995467
          ],
          [
            106.028137,
            -5.994473
          ],
          [
            106.02903,
            -5.99348
          ],
          [
            106.030219,
            -5.994061
          ],
          [
            106.031408,
            -5.994642
          ],
          [
            106.036017,
            -6.001115
          ],
          [
            106.040627,
            -6.007588
          ],
          [
            106.0413,
            -6.008942
          ],
          [
            106.041972,
            -6.010297
          ],
          [
            106.043044,
            -6.011188
          ],
          [
            106.044116,
            -6.012079
          ],
          [
            106.046452,
            -6.013647
          ],
          [
            106.048787,
            -6.015214
          ],
          [
            106.050271,
            -6.016001
          ],
          [
            106.051754,
            -6.016789
          ],
          [
            106.056438,
            -6.018808
          ],
          [
            106.061123,
            -6.020827
          ],
          [
            106.064022,
            -6.022251
          ],
          [
            106.066922,
            -6.023674
          ],
          [
            106.072342,
            -6.027209
          ],
          [
            106.077762,
            -6.030743
          ],
          [
            106.079026,
            -6.031683
          ],
          [
            106.080289,
            -6.032623
          ],
          [
            106.081626,
            -6.033387
          ],
          [
            106.082962,
            -6.034152
          ],
          [
            106.083847,
            -6.032953
          ],
          [
            106.084733,
            -6.031754
          ],
          [
            106.085247,
            -6.028745
          ],
          [
            106.085761,
            -6.025735
          ],
          [
            106.086703,
            -6.02497
          ],
          [
            106.087646,
            -6.024204
          ],
          [
            106.089192,
            -6.02324
          ],
          [
            106.090738,
            -6.022276
          ],
          [
            106.092225,
            -6.022845
          ],
          [
            106.093712,
            -6.023414
          ],
          [
            106.095443,
            -6.025531
          ],
          [
            106.097174,
            -6.027647
          ],
          [
            106.099596,
            -6.031515
          ],
          [
            106.102019,
            -6.035384
          ],
          [
            106.10378,
            -6.037822
          ],
          [
            106.10554,
            -6.04026
          ],
          [
            106.106827,
            -6.041576
          ],
          [
            106.108113,
            -6.042891
          ],
          [
            106.111776,
            -6.046235
          ],
          [
            106.115439,
            -6.049578
          ],
          [
            106.116649,
            -6.050965
          ],
          [
            106.11786,
            -6.052352
          ],
          [
            106.120039,
            -6.055872
          ],
          [
            106.122219,
            -6.059393
          ],
          [
            106.128433,
            -6.071108
          ],
          [
            106.134648,
            -6.082823
          ],
          [
            106.135965,
            -6.084086
          ],
          [
            106.137283,
            -6.085348
          ],
          [
            106.138655,
            -6.086009
          ],
          [
            106.140026,
            -6.086671
          ],
          [
            106.150789,
            -6.090362
          ],
          [
            106.161552,
            -6.094054
          ],
          [
            106.164179,
            -6.095384
          ],
          [
            106.166806,
            -6.096714
          ],
          [
            106.167923,
            -6.097544
          ],
          [
            106.169039,
            -6.098373
          ],
          [
            106.170243,
            -6.099287
          ],
          [
            106.171446,
            -6.100201
          ],
          [
            106.172775,
            -6.101555
          ],
          [
            106.174104,
            -6.10291
          ],
          [
            106.178041,
            -6.107071
          ],
          [
            106.181977,
            -6.111233
          ],
          [
            106.182965,
            -6.112462
          ],
          [
            106.183954,
            -6.113691
          ],
          [
            106.183165,
            -6.11523
          ],
          [
            106.182376,
            -6.116769
          ],
          [
            106.181962,
            -6.11819
          ],
          [
            106.181548,
            -6.119611
          ],
          [
            106.18302,
            -6.120006
          ],
          [
            106.184492,
            -6.120401
          ]
        ]
      }
    },
    {
      "type": "Feature",
      "properties": {
        "trip_id": 12,
        "nama": "Trip 12 (K-04)",
        "kendaraan": "Truk tangki 30KL",
        "kode_kendaraan": "K-04",
        "trayek": "Serang \u2013 Cilegon",
        "arah": "Depo Serang ke Terminal Cilegon",
        "hari": "Selasa",
        "tanggal": "04-03-2025",
        "jam_mulai": "16:55",
        "jam_selesai": "18:37",
        "jam_berangkat": 16,
        "durasi_menit": 102.2,
        "kecepatan_rata": 16.8,
        "kecepatan_maks": 24.6,
        "jumlah_titik": 87,
        "jarak_km": 28.58,
        "liter_total": 11.52,
        "liter_jalan": 11.3,
        "liter_idle": 0.22,
        "menit_idle": 5.4,
        "liter_per_100km": 40.31,
        "km_per_liter": 2.53,
        "biaya_rp": 78336,
        "liter_boros": 2.59,
        "biaya_boros_rp": 17612,
        "jenis_bbm": "Biosolar",
        "harga_per_liter": 6800,
        "malam": false,
        "status_efisiensi": "Boros"
      },
      "geometry": {
        "type": "LineString",
        "coordinates": [
          [
            106.184492,
            -6.120401
          ],
          [
            106.18302,
            -6.120006
          ],
          [
            106.181548,
            -6.119611
          ],
          [
            106.181962,
            -6.11819
          ],
          [
            106.182376,
            -6.116769
          ],
          [
            106.183165,
            -6.11523
          ],
          [
            106.183954,
            -6.113691
          ],
          [
            106.182965,
            -6.112462
          ],
          [
            106.181977,
            -6.111233
          ],
          [
            106.178041,
            -6.107071
          ],
          [
            106.174104,
            -6.10291
          ],
          [
            106.172775,
            -6.101555
          ],
          [
            106.171446,
            -6.100201
          ],
          [
            106.170243,
            -6.099287
          ],
          [
            106.169039,
            -6.098373
          ],
          [
            106.167923,
            -6.097544
          ],
          [
            106.166806,
            -6.096714
          ],
          [
            106.164179,
            -6.095384
          ],
          [
            106.161552,
            -6.094054
          ],
          [
            106.150789,
            -6.090362
          ],
          [
            106.140026,
            -6.086671
          ],
          [
            106.138655,
            -6.086009
          ],
          [
            106.137283,
            -6.085348
          ],
          [
            106.135965,
            -6.084086
          ],
          [
            106.134648,
            -6.082823
          ],
          [
            106.128433,
            -6.071108
          ],
          [
            106.122219,
            -6.059393
          ],
          [
            106.120039,
            -6.055872
          ],
          [
            106.11786,
            -6.052352
          ],
          [
            106.116649,
            -6.050965
          ],
          [
            106.115439,
            -6.049578
          ],
          [
            106.111776,
            -6.046235
          ],
          [
            106.108113,
            -6.042891
          ],
          [
            106.106827,
            -6.041576
          ],
          [
            106.10554,
            -6.04026
          ],
          [
            106.10378,
            -6.037822
          ],
          [
            106.102019,
            -6.035384
          ],
          [
            106.099596,
            -6.031515
          ],
          [
            106.097174,
            -6.027647
          ],
          [
            106.095443,
            -6.025531
          ],
          [
            106.093712,
            -6.023414
          ],
          [
            106.092225,
            -6.022845
          ],
          [
            106.090738,
            -6.022276
          ],
          [
            106.089192,
            -6.02324
          ],
          [
            106.087646,
            -6.024204
          ],
          [
            106.086703,
            -6.02497
          ],
          [
            106.085761,
            -6.025735
          ],
          [
            106.085247,
            -6.028745
          ],
          [
            106.084733,
            -6.031754
          ],
          [
            106.083847,
            -6.032953
          ],
          [
            106.082962,
            -6.034152
          ],
          [
            106.081626,
            -6.033387
          ],
          [
            106.080289,
            -6.032623
          ],
          [
            106.079026,
            -6.031683
          ],
          [
            106.077762,
            -6.030743
          ],
          [
            106.072342,
            -6.027209
          ],
          [
            106.066922,
            -6.023674
          ],
          [
            106.064022,
            -6.022251
          ],
          [
            106.061123,
            -6.020827
          ],
          [
            106.056438,
            -6.018808
          ],
          [
            106.051754,
            -6.016789
          ],
          [
            106.050271,
            -6.016001
          ],
          [
            106.048787,
            -6.015214
          ],
          [
            106.046452,
            -6.013647
          ],
          [
            106.044116,
            -6.012079
          ],
          [
            106.043044,
            -6.011188
          ],
          [
            106.041972,
            -6.010297
          ],
          [
            106.0413,
            -6.008942
          ],
          [
            106.040627,
            -6.007588
          ],
          [
            106.036017,
            -6.001115
          ],
          [
            106.031408,
            -5.994642
          ],
          [
            106.030219,
            -5.994061
          ],
          [
            106.02903,
            -5.99348
          ],
          [
            106.028137,
            -5.994473
          ],
          [
            106.027244,
            -5.995467
          ],
          [
            106.025915,
            -5.995702
          ],
          [
            106.024587,
            -5.995937
          ],
          [
            106.023599,
            -5.99672
          ],
          [
            106.022612,
            -5.997503
          ],
          [
            106.022582,
            -5.999339
          ],
          [
            106.022552,
            -6.001174
          ],
          [
            106.023665,
            -6.001934
          ],
          [
            106.024778,
            -6.002694
          ],
          [
            106.025294,
            -6.002762
          ],
          [
            106.02581,
            -6.00283
          ],
          [
            106.025299,
            -6.00286
          ],
          [
            106.024787,
            -6.00289
          ]
        ]
      }
    },
    {
      "type": "Feature",
      "properties": {
        "trip_id": 13,
        "nama": "Trip 13 (K-07)",
        "kendaraan": "Truk tangki 16KL",
        "kode_kendaraan": "K-07",
        "trayek": "Serang \u2013 Anyer",
        "arah": "Depo Serang ke SPBU / Kawasan Anyer",
        "hari": "Selasa",
        "tanggal": "04-03-2025",
        "jam_mulai": "04:54",
        "jam_selesai": "05:54",
        "jam_berangkat": 4,
        "durasi_menit": 60.0,
        "kecepatan_rata": 38.7,
        "kecepatan_maks": 48.0,
        "jumlah_titik": 109,
        "jarak_km": 38.74,
        "liter_total": 12.31,
        "liter_jalan": 12.3,
        "liter_idle": 0.01,
        "menit_idle": 0.5,
        "liter_per_100km": 31.78,
        "km_per_liter": 3.15,
        "biaya_rp": 83708,
        "liter_boros": 0.2,
        "biaya_boros_rp": 1360,
        "jenis_bbm": "Biosolar",
        "harga_per_liter": 6800,
        "malam": true,
        "status_efisiensi": "Efisien"
      },
      "geometry": {
        "type": "LineString",
        "coordinates": [
          [
            106.184492,
            -6.120401
          ],
          [
            106.182988,
            -6.120449
          ],
          [
            106.181485,
            -6.120497
          ],
          [
            106.181689,
            -6.119015
          ],
          [
            106.181893,
            -6.117534
          ],
          [
            106.18275,
            -6.116447
          ],
          [
            106.183607,
            -6.115361
          ],
          [
            106.183838,
            -6.114493
          ],
          [
            106.184069,
            -6.113625
          ],
          [
            106.180187,
            -6.109409
          ],
          [
            106.176306,
            -6.105193
          ],
          [
            106.170921,
            -6.100575
          ],
          [
            106.165536,
            -6.095958
          ],
          [
            106.158769,
            -6.093378
          ],
          [
            106.152001,
            -6.090798
          ],
          [
            106.145865,
            -6.088704
          ],
          [
            106.139728,
            -6.08661
          ],
          [
            106.135638,
            -6.081891
          ],
          [
            106.131547,
            -6.077171
          ],
          [
            106.126623,
            -6.067851
          ],
          [
            106.1217,
            -6.058531
          ],
          [
            106.119329,
            -6.054898
          ],
          [
            106.116959,
            -6.051265
          ],
          [
            106.112505,
            -6.047156
          ],
          [
            106.108051,
            -6.043048
          ],
          [
            106.105373,
            -6.039813
          ],
          [
            106.102696,
            -6.036578
          ],
          [
            106.098298,
            -6.030036
          ],
          [
            106.093901,
            -6.023493
          ],
          [
            106.093069,
            -6.022763
          ],
          [
            106.092237,
            -6.022034
          ],
          [
            106.091267,
            -6.022133
          ],
          [
            106.090297,
            -6.022233
          ],
          [
            106.088664,
            -6.023358
          ],
          [
            106.087031,
            -6.024483
          ],
          [
            106.086275,
            -6.025137
          ],
          [
            106.085519,
            -6.025791
          ],
          [
            106.085363,
            -6.028265
          ],
          [
            106.085206,
            -6.03074
          ],
          [
            106.08464,
            -6.031801
          ],
          [
            106.084073,
            -6.032862
          ],
          [
            106.083619,
            -6.033632
          ],
          [
            106.083165,
            -6.034402
          ],
          [
            106.081554,
            -6.033392
          ],
          [
            106.079943,
            -6.032382
          ],
          [
            106.077923,
            -6.030944
          ],
          [
            106.075904,
            -6.029506
          ],
          [
            106.073596,
            -6.027943
          ],
          [
            106.071289,
            -6.02638
          ],
          [
            106.068114,
            -6.024512
          ],
          [
            106.064939,
            -6.022644
          ],
          [
            106.060982,
            -6.020935
          ],
          [
            106.057025,
            -6.019226
          ],
          [
            106.053745,
            -6.017736
          ],
          [
            106.050465,
            -6.016247
          ],
          [
            106.048385,
            -6.014927
          ],
          [
            106.046306,
            -6.013608
          ],
          [
            106.045749,
            -6.013208
          ],
          [
            106.045191,
            -6.012807
          ],
          [
            106.043406,
            -6.012175
          ],
          [
            106.041621,
            -6.011543
          ],
          [
            106.037239,
            -6.01086
          ],
          [
            106.032856,
            -6.010176
          ],
          [
            106.028951,
            -6.009626
          ],
          [
            106.025045,
            -6.009075
          ],
          [
            106.021793,
            -6.009984
          ],
          [
            106.01854,
            -6.010892
          ],
          [
            106.0155,
            -6.011474
          ],
          [
            106.01246,
            -6.012056
          ],
          [
            106.009563,
            -6.012134
          ],
          [
            106.006667,
            -6.012211
          ],
          [
            106.003198,
            -6.01184
          ],
          [
            105.99973,
            -6.01147
          ],
          [
            105.996921,
            -6.010867
          ],
          [
            105.994113,
            -6.010265
          ],
          [
            105.988977,
            -6.011052
          ],
          [
            105.983841,
            -6.01184
          ],
          [
            105.980132,
            -6.013607
          ],
          [
            105.976423,
            -6.015375
          ],
          [
            105.973485,
            -6.016651
          ],
          [
            105.970547,
            -6.017927
          ],
          [
            105.969919,
            -6.018326
          ],
          [
            105.969291,
            -6.018725
          ],
          [
            105.967025,
            -6.02085
          ],
          [
            105.964758,
            -6.022975
          ],
          [
            105.963127,
            -6.023462
          ],
          [
            105.961495,
            -6.023949
          ],
          [
            105.958851,
            -6.023233
          ],
          [
            105.956207,
            -6.022516
          ],
          [
            105.953825,
            -6.02342
          ],
          [
            105.951444,
            -6.024323
          ],
          [
            105.950308,
            -6.025311
          ],
          [
            105.949172,
            -6.0263
          ],
          [
            105.945886,
            -6.028849
          ],
          [
            105.9426,
            -6.031397
          ],
          [
            105.939526,
            -6.033191
          ],
          [
            105.936452,
            -6.034985
          ],
          [
            105.933928,
            -6.036134
          ],
          [
            105.931403,
            -6.037284
          ],
          [
            105.929077,
            -6.038605
          ],
          [
            105.92675,
            -6.039927
          ],
          [
            105.926202,
            -6.040842
          ],
          [
            105.925654,
            -6.041757
          ],
          [
            105.925629,
            -6.043299
          ],
          [
            105.925605,
            -6.044842
          ],
          [
            105.925298,
            -6.04665
          ],
          [
            105.924992,
            -6.048458
          ],
          [
            105.923865,
            -6.050837
          ],
          [
            105.922737,
            -6.053216
          ]
        ]
      }
    },
    {
      "type": "Feature",
      "properties": {
        "trip_id": 14,
        "nama": "Trip 14 (K-07)",
        "kendaraan": "Truk tangki 16KL",
        "kode_kendaraan": "K-07",
        "trayek": "Serang \u2013 Anyer",
        "arah": "SPBU / Kawasan Anyer ke Depo Serang",
        "hari": "Selasa",
        "tanggal": "04-03-2025",
        "jam_mulai": "10:26",
        "jam_selesai": "11:45",
        "jam_berangkat": 10,
        "durasi_menit": 79.0,
        "kecepatan_rata": 29.4,
        "kecepatan_maks": 35.6,
        "jumlah_titik": 109,
        "jarak_km": 38.65,
        "liter_total": 13.55,
        "liter_jalan": 13.51,
        "liter_idle": 0.04,
        "menit_idle": 1.4,
        "liter_per_100km": 35.06,
        "km_per_liter": 2.86,
        "biaya_rp": 92140,
        "liter_boros": 1.47,
        "biaya_boros_rp": 9996,
        "jenis_bbm": "Biosolar",
        "harga_per_liter": 6800,
        "malam": false,
        "status_efisiensi": "Normal"
      },
      "geometry": {
        "type": "LineString",
        "coordinates": [
          [
            105.922737,
            -6.053216
          ],
          [
            105.923865,
            -6.050837
          ],
          [
            105.924992,
            -6.048458
          ],
          [
            105.925298,
            -6.04665
          ],
          [
            105.925605,
            -6.044842
          ],
          [
            105.925629,
            -6.043299
          ],
          [
            105.925654,
            -6.041757
          ],
          [
            105.926202,
            -6.040842
          ],
          [
            105.92675,
            -6.039927
          ],
          [
            105.929077,
            -6.038605
          ],
          [
            105.931403,
            -6.037284
          ],
          [
            105.933928,
            -6.036134
          ],
          [
            105.936452,
            -6.034985
          ],
          [
            105.939526,
            -6.033191
          ],
          [
            105.9426,
            -6.031397
          ],
          [
            105.945886,
            -6.028849
          ],
          [
            105.949172,
            -6.0263
          ],
          [
            105.950308,
            -6.025311
          ],
          [
            105.951444,
            -6.024323
          ],
          [
            105.953825,
            -6.02342
          ],
          [
            105.956207,
            -6.022516
          ],
          [
            105.958851,
            -6.023233
          ],
          [
            105.961495,
            -6.023949
          ],
          [
            105.963127,
            -6.023462
          ],
          [
            105.964758,
            -6.022975
          ],
          [
            105.967025,
            -6.02085
          ],
          [
            105.969291,
            -6.018725
          ],
          [
            105.969919,
            -6.018326
          ],
          [
            105.970547,
            -6.017927
          ],
          [
            105.973485,
            -6.016651
          ],
          [
            105.976423,
            -6.015375
          ],
          [
            105.980132,
            -6.013607
          ],
          [
            105.983841,
            -6.01184
          ],
          [
            105.988977,
            -6.011052
          ],
          [
            105.994113,
            -6.010265
          ],
          [
            105.996921,
            -6.010867
          ],
          [
            105.99973,
            -6.01147
          ],
          [
            106.003198,
            -6.01184
          ],
          [
            106.006667,
            -6.012211
          ],
          [
            106.009563,
            -6.012134
          ],
          [
            106.01246,
            -6.012056
          ],
          [
            106.0155,
            -6.011474
          ],
          [
            106.01854,
            -6.010892
          ],
          [
            106.021793,
            -6.009984
          ],
          [
            106.025045,
            -6.009075
          ],
          [
            106.028951,
            -6.009626
          ],
          [
            106.032856,
            -6.010176
          ],
          [
            106.037239,
            -6.01086
          ],
          [
            106.041621,
            -6.011543
          ],
          [
            106.043406,
            -6.012175
          ],
          [
            106.045191,
            -6.012807
          ],
          [
            106.045749,
            -6.013208
          ],
          [
            106.046306,
            -6.013608
          ],
          [
            106.048385,
            -6.014927
          ],
          [
            106.050465,
            -6.016247
          ],
          [
            106.053745,
            -6.017736
          ],
          [
            106.057025,
            -6.019226
          ],
          [
            106.060982,
            -6.020935
          ],
          [
            106.064939,
            -6.022644
          ],
          [
            106.068114,
            -6.024512
          ],
          [
            106.071289,
            -6.02638
          ],
          [
            106.073596,
            -6.027943
          ],
          [
            106.075904,
            -6.029506
          ],
          [
            106.077923,
            -6.030944
          ],
          [
            106.079943,
            -6.032382
          ],
          [
            106.081554,
            -6.033392
          ],
          [
            106.083165,
            -6.034402
          ],
          [
            106.083619,
            -6.033632
          ],
          [
            106.084073,
            -6.032862
          ],
          [
            106.08464,
            -6.031801
          ],
          [
            106.085206,
            -6.03074
          ],
          [
            106.085363,
            -6.028265
          ],
          [
            106.085519,
            -6.025791
          ],
          [
            106.086275,
            -6.025137
          ],
          [
            106.087031,
            -6.024483
          ],
          [
            106.088664,
            -6.023358
          ],
          [
            106.090297,
            -6.022233
          ],
          [
            106.091267,
            -6.022133
          ],
          [
            106.092237,
            -6.022034
          ],
          [
            106.093069,
            -6.022763
          ],
          [
            106.093901,
            -6.023493
          ],
          [
            106.098298,
            -6.030036
          ],
          [
            106.102696,
            -6.036578
          ],
          [
            106.105373,
            -6.039813
          ],
          [
            106.108051,
            -6.043048
          ],
          [
            106.112505,
            -6.047156
          ],
          [
            106.116959,
            -6.051265
          ],
          [
            106.119329,
            -6.054898
          ],
          [
            106.1217,
            -6.058531
          ],
          [
            106.126623,
            -6.067851
          ],
          [
            106.131547,
            -6.077171
          ],
          [
            106.135638,
            -6.081891
          ],
          [
            106.139728,
            -6.08661
          ],
          [
            106.145865,
            -6.088704
          ],
          [
            106.152001,
            -6.090798
          ],
          [
            106.158769,
            -6.093378
          ],
          [
            106.165536,
            -6.095958
          ],
          [
            106.170921,
            -6.100575
          ],
          [
            106.176306,
            -6.105193
          ],
          [
            106.180187,
            -6.109409
          ],
          [
            106.184069,
            -6.113625
          ],
          [
            106.183838,
            -6.114493
          ],
          [
            106.183607,
            -6.115361
          ],
          [
            106.18275,
            -6.116447
          ],
          [
            106.181893,
            -6.117534
          ],
          [
            106.181689,
            -6.119015
          ],
          [
            106.181485,
            -6.120497
          ],
          [
            106.182988,
            -6.120449
          ],
          [
            106.184492,
            -6.120401
          ]
        ]
      }
    },
    {
      "type": "Feature",
      "properties": {
        "trip_id": 15,
        "nama": "Trip 15 (K-07)",
        "kendaraan": "Truk tangki 16KL",
        "kode_kendaraan": "K-07",
        "trayek": "Serang \u2013 Anyer",
        "arah": "Depo Serang ke SPBU / Kawasan Anyer",
        "hari": "Selasa",
        "tanggal": "04-03-2025",
        "jam_mulai": "16:46",
        "jam_selesai": "19:16",
        "jam_berangkat": 16,
        "durasi_menit": 150.3,
        "kecepatan_rata": 15.4,
        "kecepatan_maks": 22.3,
        "jumlah_titik": 109,
        "jarak_km": 38.69,
        "liter_total": 15.18,
        "liter_jalan": 15.0,
        "liter_idle": 0.18,
        "menit_idle": 4.5,
        "liter_per_100km": 39.23,
        "km_per_liter": 2.58,
        "biaya_rp": 103224,
        "liter_boros": 3.09,
        "biaya_boros_rp": 21012,
        "jenis_bbm": "Biosolar",
        "harga_per_liter": 6800,
        "malam": false,
        "status_efisiensi": "Boros"
      },
      "geometry": {
        "type": "LineString",
        "coordinates": [
          [
            106.184492,
            -6.120401
          ],
          [
            106.182988,
            -6.120449
          ],
          [
            106.181485,
            -6.120497
          ],
          [
            106.181689,
            -6.119015
          ],
          [
            106.181893,
            -6.117534
          ],
          [
            106.18275,
            -6.116447
          ],
          [
            106.183607,
            -6.115361
          ],
          [
            106.183838,
            -6.114493
          ],
          [
            106.184069,
            -6.113625
          ],
          [
            106.180187,
            -6.109409
          ],
          [
            106.176306,
            -6.105193
          ],
          [
            106.170921,
            -6.100575
          ],
          [
            106.165536,
            -6.095958
          ],
          [
            106.158769,
            -6.093378
          ],
          [
            106.152001,
            -6.090798
          ],
          [
            106.145865,
            -6.088704
          ],
          [
            106.139728,
            -6.08661
          ],
          [
            106.135638,
            -6.081891
          ],
          [
            106.131547,
            -6.077171
          ],
          [
            106.126623,
            -6.067851
          ],
          [
            106.1217,
            -6.058531
          ],
          [
            106.119329,
            -6.054898
          ],
          [
            106.116959,
            -6.051265
          ],
          [
            106.112505,
            -6.047156
          ],
          [
            106.108051,
            -6.043048
          ],
          [
            106.105373,
            -6.039813
          ],
          [
            106.102696,
            -6.036578
          ],
          [
            106.098298,
            -6.030036
          ],
          [
            106.093901,
            -6.023493
          ],
          [
            106.093069,
            -6.022763
          ],
          [
            106.092237,
            -6.022034
          ],
          [
            106.091267,
            -6.022133
          ],
          [
            106.090297,
            -6.022233
          ],
          [
            106.088664,
            -6.023358
          ],
          [
            106.087031,
            -6.024483
          ],
          [
            106.086275,
            -6.025137
          ],
          [
            106.085519,
            -6.025791
          ],
          [
            106.085363,
            -6.028265
          ],
          [
            106.085206,
            -6.03074
          ],
          [
            106.08464,
            -6.031801
          ],
          [
            106.084073,
            -6.032862
          ],
          [
            106.083619,
            -6.033632
          ],
          [
            106.083165,
            -6.034402
          ],
          [
            106.081554,
            -6.033392
          ],
          [
            106.079943,
            -6.032382
          ],
          [
            106.077923,
            -6.030944
          ],
          [
            106.075904,
            -6.029506
          ],
          [
            106.073596,
            -6.027943
          ],
          [
            106.071289,
            -6.02638
          ],
          [
            106.068114,
            -6.024512
          ],
          [
            106.064939,
            -6.022644
          ],
          [
            106.060982,
            -6.020935
          ],
          [
            106.057025,
            -6.019226
          ],
          [
            106.053745,
            -6.017736
          ],
          [
            106.050465,
            -6.016247
          ],
          [
            106.048385,
            -6.014927
          ],
          [
            106.046306,
            -6.013608
          ],
          [
            106.045749,
            -6.013208
          ],
          [
            106.045191,
            -6.012807
          ],
          [
            106.043406,
            -6.012175
          ],
          [
            106.041621,
            -6.011543
          ],
          [
            106.037239,
            -6.01086
          ],
          [
            106.032856,
            -6.010176
          ],
          [
            106.028951,
            -6.009626
          ],
          [
            106.025045,
            -6.009075
          ],
          [
            106.021793,
            -6.009984
          ],
          [
            106.01854,
            -6.010892
          ],
          [
            106.0155,
            -6.011474
          ],
          [
            106.01246,
            -6.012056
          ],
          [
            106.009563,
            -6.012134
          ],
          [
            106.006667,
            -6.012211
          ],
          [
            106.003198,
            -6.01184
          ],
          [
            105.99973,
            -6.01147
          ],
          [
            105.996921,
            -6.010867
          ],
          [
            105.994113,
            -6.010265
          ],
          [
            105.988977,
            -6.011052
          ],
          [
            105.983841,
            -6.01184
          ],
          [
            105.980132,
            -6.013607
          ],
          [
            105.976423,
            -6.015375
          ],
          [
            105.973485,
            -6.016651
          ],
          [
            105.970547,
            -6.017927
          ],
          [
            105.969919,
            -6.018326
          ],
          [
            105.969291,
            -6.018725
          ],
          [
            105.967025,
            -6.02085
          ],
          [
            105.964758,
            -6.022975
          ],
          [
            105.963127,
            -6.023462
          ],
          [
            105.961495,
            -6.023949
          ],
          [
            105.958851,
            -6.023233
          ],
          [
            105.956207,
            -6.022516
          ],
          [
            105.953825,
            -6.02342
          ],
          [
            105.951444,
            -6.024323
          ],
          [
            105.950308,
            -6.025311
          ],
          [
            105.949172,
            -6.0263
          ],
          [
            105.945886,
            -6.028849
          ],
          [
            105.9426,
            -6.031397
          ],
          [
            105.939526,
            -6.033191
          ],
          [
            105.936452,
            -6.034985
          ],
          [
            105.933928,
            -6.036134
          ],
          [
            105.931403,
            -6.037284
          ],
          [
            105.929077,
            -6.038605
          ],
          [
            105.92675,
            -6.039927
          ],
          [
            105.926202,
            -6.040842
          ],
          [
            105.925654,
            -6.041757
          ],
          [
            105.925629,
            -6.043299
          ],
          [
            105.925605,
            -6.044842
          ],
          [
            105.925298,
            -6.04665
          ],
          [
            105.924992,
            -6.048458
          ],
          [
            105.923865,
            -6.050837
          ],
          [
            105.922737,
            -6.053216
          ]
        ]
      }
    },
    {
      "type": "Feature",
      "properties": {
        "trip_id": 16,
        "nama": "Trip 16 (K-12)",
        "kendaraan": "Truk tangki 24KL",
        "kode_kendaraan": "K-12",
        "trayek": "Cilegon \u2013 Merak",
        "arah": "Depo Cilegon ke Gerbang Pelabuhan Merak",
        "hari": "Selasa",
        "tanggal": "04-03-2025",
        "jam_mulai": "04:50",
        "jam_selesai": "05:11",
        "jam_berangkat": 4,
        "durasi_menit": 21.8,
        "kecepatan_rata": 31.2,
        "kecepatan_maks": 40.0,
        "jumlah_titik": 89,
        "jarak_km": 11.34,
        "liter_total": 3.58,
        "liter_jalan": 3.58,
        "liter_idle": 0.0,
        "menit_idle": 0.1,
        "liter_per_100km": 31.57,
        "km_per_liter": 3.17,
        "biaya_rp": 24344,
        "liter_boros": 0.04,
        "biaya_boros_rp": 272,
        "jenis_bbm": "Biosolar",
        "harga_per_liter": 6800,
        "malam": true,
        "status_efisiensi": "Efisien"
      },
      "geometry": {
        "type": "LineString",
        "coordinates": [
          [
            106.024787,
            -6.00289
          ],
          [
            106.023636,
            -6.002619
          ],
          [
            106.022484,
            -6.002348
          ],
          [
            106.022499,
            -5.999045
          ],
          [
            106.022514,
            -5.995743
          ],
          [
            106.025236,
            -5.995042
          ],
          [
            106.027958,
            -5.994341
          ],
          [
            106.027873,
            -5.992765
          ],
          [
            106.027789,
            -5.991189
          ],
          [
            106.025858,
            -5.990295
          ],
          [
            106.023927,
            -5.9894
          ],
          [
            106.022945,
            -5.988786
          ],
          [
            106.021964,
            -5.988172
          ],
          [
            106.020783,
            -5.987707
          ],
          [
            106.019603,
            -5.987242
          ],
          [
            106.018991,
            -5.986827
          ],
          [
            106.018379,
            -5.986412
          ],
          [
            106.017923,
            -5.985682
          ],
          [
            106.017468,
            -5.984952
          ],
          [
            106.016956,
            -5.984452
          ],
          [
            106.016445,
            -5.983953
          ],
          [
            106.0156,
            -5.983546
          ],
          [
            106.014755,
            -5.983139
          ],
          [
            106.01394,
            -5.983088
          ],
          [
            106.013125,
            -5.983037
          ],
          [
            106.012154,
            -5.98294
          ],
          [
            106.011183,
            -5.982843
          ],
          [
            106.010437,
            -5.982596
          ],
          [
            106.009692,
            -5.98235
          ],
          [
            106.009352,
            -5.982049
          ],
          [
            106.009012,
            -5.981748
          ],
          [
            106.008845,
            -5.981001
          ],
          [
            106.008678,
            -5.980255
          ],
          [
            106.008464,
            -5.979058
          ],
          [
            106.008249,
            -5.977861
          ],
          [
            106.008246,
            -5.977447
          ],
          [
            106.008242,
            -5.977033
          ],
          [
            106.008462,
            -5.976517
          ],
          [
            106.008682,
            -5.976001
          ],
          [
            106.008176,
            -5.975195
          ],
          [
            106.007671,
            -5.974388
          ],
          [
            106.006949,
            -5.97308
          ],
          [
            106.006228,
            -5.971771
          ],
          [
            106.006035,
            -5.971376
          ],
          [
            106.005842,
            -5.97098
          ],
          [
            106.005387,
            -5.970118
          ],
          [
            106.004933,
            -5.969255
          ],
          [
            106.004582,
            -5.968457
          ],
          [
            106.004231,
            -5.967658
          ],
          [
            106.003848,
            -5.966814
          ],
          [
            106.003464,
            -5.965969
          ],
          [
            106.002783,
            -5.964886
          ],
          [
            106.002102,
            -5.963803
          ],
          [
            106.001184,
            -5.962492
          ],
          [
            106.000267,
            -5.961181
          ],
          [
            105.999981,
            -5.959478
          ],
          [
            105.999696,
            -5.957774
          ],
          [
            105.999547,
            -5.956166
          ],
          [
            105.999397,
            -5.954557
          ],
          [
            106.000428,
            -5.952616
          ],
          [
            106.001458,
            -5.950676
          ],
          [
            106.002139,
            -5.949248
          ],
          [
            106.002819,
            -5.94782
          ],
          [
            106.002724,
            -5.947029
          ],
          [
            106.00263,
            -5.946237
          ],
          [
            106.00257,
            -5.945759
          ],
          [
            106.002511,
            -5.94528
          ],
          [
            106.00276,
            -5.944396
          ],
          [
            106.003009,
            -5.943513
          ],
          [
            106.002673,
            -5.942709
          ],
          [
            106.002337,
            -5.941905
          ],
          [
            106.001881,
            -5.941111
          ],
          [
            106.001426,
            -5.940317
          ],
          [
            106.001327,
            -5.939709
          ],
          [
            106.001228,
            -5.9391
          ],
          [
            106.001695,
            -5.937857
          ],
          [
            106.002163,
            -5.936613
          ],
          [
            106.002003,
            -5.93584
          ],
          [
            106.001842,
            -5.935067
          ],
          [
            106.00157,
            -5.935282
          ],
          [
            106.001298,
            -5.935498
          ],
          [
            106.000902,
            -5.935544
          ],
          [
            106.000507,
            -5.93559
          ],
          [
            106.000125,
            -5.935287
          ],
          [
            105.999744,
            -5.934983
          ],
          [
            105.999501,
            -5.934755
          ],
          [
            105.999257,
            -5.934526
          ],
          [
            105.998408,
            -5.933298
          ],
          [
            105.99756,
            -5.932069
          ]
        ]
      }
    },
    {
      "type": "Feature",
      "properties": {
        "trip_id": 17,
        "nama": "Trip 17 (K-12)",
        "kendaraan": "Truk tangki 24KL",
        "kode_kendaraan": "K-12",
        "trayek": "Cilegon \u2013 Merak",
        "arah": "Gerbang Pelabuhan Merak ke Depo Cilegon",
        "hari": "Selasa",
        "tanggal": "04-03-2025",
        "jam_mulai": "10:05",
        "jam_selesai": "10:33",
        "jam_berangkat": 10,
        "durasi_menit": 28.9,
        "kecepatan_rata": 23.1,
        "kecepatan_maks": 29.5,
        "jumlah_titik": 89,
        "jarak_km": 11.11,
        "liter_total": 3.97,
        "liter_jalan": 3.93,
        "liter_idle": 0.04,
        "menit_idle": 1.5,
        "liter_per_100km": 35.73,
        "km_per_liter": 2.83,
        "biaya_rp": 26996,
        "liter_boros": 0.5,
        "biaya_boros_rp": 3400,
        "jenis_bbm": "Biosolar",
        "harga_per_liter": 6800,
        "malam": false,
        "status_efisiensi": "Normal"
      },
      "geometry": {
        "type": "LineString",
        "coordinates": [
          [
            105.99756,
            -5.932069
          ],
          [
            105.998408,
            -5.933298
          ],
          [
            105.999257,
            -5.934526
          ],
          [
            105.999501,
            -5.934755
          ],
          [
            105.999744,
            -5.934983
          ],
          [
            106.000125,
            -5.935287
          ],
          [
            106.000507,
            -5.93559
          ],
          [
            106.000902,
            -5.935544
          ],
          [
            106.001298,
            -5.935498
          ],
          [
            106.00157,
            -5.935282
          ],
          [
            106.001842,
            -5.935067
          ],
          [
            106.002003,
            -5.93584
          ],
          [
            106.002163,
            -5.936613
          ],
          [
            106.001695,
            -5.937857
          ],
          [
            106.001228,
            -5.9391
          ],
          [
            106.001327,
            -5.939709
          ],
          [
            106.001426,
            -5.940317
          ],
          [
            106.001881,
            -5.941111
          ],
          [
            106.002337,
            -5.941905
          ],
          [
            106.002673,
            -5.942709
          ],
          [
            106.003009,
            -5.943513
          ],
          [
            106.00276,
            -5.944396
          ],
          [
            106.002511,
            -5.94528
          ],
          [
            106.00257,
            -5.945759
          ],
          [
            106.00263,
            -5.946237
          ],
          [
            106.002724,
            -5.947029
          ],
          [
            106.002819,
            -5.94782
          ],
          [
            106.002139,
            -5.949248
          ],
          [
            106.001458,
            -5.950676
          ],
          [
            106.000428,
            -5.952616
          ],
          [
            105.999397,
            -5.954557
          ],
          [
            105.999547,
            -5.956166
          ],
          [
            105.999696,
            -5.957774
          ],
          [
            105.999981,
            -5.959478
          ],
          [
            106.000267,
            -5.961181
          ],
          [
            106.001184,
            -5.962492
          ],
          [
            106.002102,
            -5.963803
          ],
          [
            106.002783,
            -5.964886
          ],
          [
            106.003464,
            -5.965969
          ],
          [
            106.003848,
            -5.966814
          ],
          [
            106.004231,
            -5.967658
          ],
          [
            106.004582,
            -5.968457
          ],
          [
            106.004933,
            -5.969255
          ],
          [
            106.005387,
            -5.970118
          ],
          [
            106.005842,
            -5.97098
          ],
          [
            106.006035,
            -5.971376
          ],
          [
            106.006228,
            -5.971771
          ],
          [
            106.006949,
            -5.97308
          ],
          [
            106.007671,
            -5.974388
          ],
          [
            106.008176,
            -5.975195
          ],
          [
            106.008682,
            -5.976001
          ],
          [
            106.008462,
            -5.976517
          ],
          [
            106.008242,
            -5.977033
          ],
          [
            106.008246,
            -5.977447
          ],
          [
            106.008249,
            -5.977861
          ],
          [
            106.008464,
            -5.979058
          ],
          [
            106.008678,
            -5.980255
          ],
          [
            106.008845,
            -5.981001
          ],
          [
            106.009012,
            -5.981748
          ],
          [
            106.009352,
            -5.982049
          ],
          [
            106.009692,
            -5.98235
          ],
          [
            106.010437,
            -5.982596
          ],
          [
            106.011183,
            -5.982843
          ],
          [
            106.012154,
            -5.98294
          ],
          [
            106.013125,
            -5.983037
          ],
          [
            106.01394,
            -5.983088
          ],
          [
            106.014755,
            -5.983139
          ],
          [
            106.0156,
            -5.983546
          ],
          [
            106.016445,
            -5.983953
          ],
          [
            106.016956,
            -5.984452
          ],
          [
            106.017468,
            -5.984952
          ],
          [
            106.017923,
            -5.985682
          ],
          [
            106.018379,
            -5.986412
          ],
          [
            106.018991,
            -5.986827
          ],
          [
            106.019603,
            -5.987242
          ],
          [
            106.020783,
            -5.987707
          ],
          [
            106.021964,
            -5.988172
          ],
          [
            106.022945,
            -5.988786
          ],
          [
            106.023927,
            -5.9894
          ],
          [
            106.025858,
            -5.990295
          ],
          [
            106.027789,
            -5.991189
          ],
          [
            106.027873,
            -5.992765
          ],
          [
            106.027958,
            -5.994341
          ],
          [
            106.025236,
            -5.995042
          ],
          [
            106.022514,
            -5.995743
          ],
          [
            106.022499,
            -5.999045
          ],
          [
            106.022484,
            -6.002348
          ],
          [
            106.023636,
            -6.002619
          ],
          [
            106.024787,
            -6.00289
          ]
        ]
      }
    },
    {
      "type": "Feature",
      "properties": {
        "trip_id": 18,
        "nama": "Trip 18 (K-12)",
        "kendaraan": "Truk tangki 24KL",
        "kode_kendaraan": "K-12",
        "trayek": "Cilegon \u2013 Merak",
        "arah": "Depo Cilegon ke Gerbang Pelabuhan Merak",
        "hari": "Selasa",
        "tanggal": "04-03-2025",
        "jam_mulai": "16:29",
        "jam_selesai": "17:35",
        "jam_berangkat": 16,
        "durasi_menit": 66.9,
        "kecepatan_rata": 9.9,
        "kecepatan_maks": 17.1,
        "jumlah_titik": 89,
        "jarak_km": 11.04,
        "liter_total": 4.59,
        "liter_jalan": 4.45,
        "liter_idle": 0.14,
        "menit_idle": 3.5,
        "liter_per_100km": 41.58,
        "km_per_liter": 2.48,
        "biaya_rp": 31212,
        "liter_boros": 1.14,
        "biaya_boros_rp": 7752,
        "jenis_bbm": "Biosolar",
        "harga_per_liter": 6800,
        "malam": false,
        "status_efisiensi": "Boros"
      },
      "geometry": {
        "type": "LineString",
        "coordinates": [
          [
            106.024787,
            -6.00289
          ],
          [
            106.023636,
            -6.002619
          ],
          [
            106.022484,
            -6.002348
          ],
          [
            106.022499,
            -5.999045
          ],
          [
            106.022514,
            -5.995743
          ],
          [
            106.025236,
            -5.995042
          ],
          [
            106.027958,
            -5.994341
          ],
          [
            106.027873,
            -5.992765
          ],
          [
            106.027789,
            -5.991189
          ],
          [
            106.025858,
            -5.990295
          ],
          [
            106.023927,
            -5.9894
          ],
          [
            106.022945,
            -5.988786
          ],
          [
            106.021964,
            -5.988172
          ],
          [
            106.020783,
            -5.987707
          ],
          [
            106.019603,
            -5.987242
          ],
          [
            106.018991,
            -5.986827
          ],
          [
            106.018379,
            -5.986412
          ],
          [
            106.017923,
            -5.985682
          ],
          [
            106.017468,
            -5.984952
          ],
          [
            106.016956,
            -5.984452
          ],
          [
            106.016445,
            -5.983953
          ],
          [
            106.0156,
            -5.983546
          ],
          [
            106.014755,
            -5.983139
          ],
          [
            106.01394,
            -5.983088
          ],
          [
            106.013125,
            -5.983037
          ],
          [
            106.012154,
            -5.98294
          ],
          [
            106.011183,
            -5.982843
          ],
          [
            106.010437,
            -5.982596
          ],
          [
            106.009692,
            -5.98235
          ],
          [
            106.009352,
            -5.982049
          ],
          [
            106.009012,
            -5.981748
          ],
          [
            106.008845,
            -5.981001
          ],
          [
            106.008678,
            -5.980255
          ],
          [
            106.008464,
            -5.979058
          ],
          [
            106.008249,
            -5.977861
          ],
          [
            106.008246,
            -5.977447
          ],
          [
            106.008242,
            -5.977033
          ],
          [
            106.008462,
            -5.976517
          ],
          [
            106.008682,
            -5.976001
          ],
          [
            106.008176,
            -5.975195
          ],
          [
            106.007671,
            -5.974388
          ],
          [
            106.006949,
            -5.97308
          ],
          [
            106.006228,
            -5.971771
          ],
          [
            106.006035,
            -5.971376
          ],
          [
            106.005842,
            -5.97098
          ],
          [
            106.005387,
            -5.970118
          ],
          [
            106.004933,
            -5.969255
          ],
          [
            106.004582,
            -5.968457
          ],
          [
            106.004231,
            -5.967658
          ],
          [
            106.003848,
            -5.966814
          ],
          [
            106.003464,
            -5.965969
          ],
          [
            106.002783,
            -5.964886
          ],
          [
            106.002102,
            -5.963803
          ],
          [
            106.001184,
            -5.962492
          ],
          [
            106.000267,
            -5.961181
          ],
          [
            105.999981,
            -5.959478
          ],
          [
            105.999696,
            -5.957774
          ],
          [
            105.999547,
            -5.956166
          ],
          [
            105.999397,
            -5.954557
          ],
          [
            106.000428,
            -5.952616
          ],
          [
            106.001458,
            -5.950676
          ],
          [
            106.002139,
            -5.949248
          ],
          [
            106.002819,
            -5.94782
          ],
          [
            106.002724,
            -5.947029
          ],
          [
            106.00263,
            -5.946237
          ],
          [
            106.00257,
            -5.945759
          ],
          [
            106.002511,
            -5.94528
          ],
          [
            106.00276,
            -5.944396
          ],
          [
            106.003009,
            -5.943513
          ],
          [
            106.002673,
            -5.942709
          ],
          [
            106.002337,
            -5.941905
          ],
          [
            106.001881,
            -5.941111
          ],
          [
            106.001426,
            -5.940317
          ],
          [
            106.001327,
            -5.939709
          ],
          [
            106.001228,
            -5.9391
          ],
          [
            106.001695,
            -5.937857
          ],
          [
            106.002163,
            -5.936613
          ],
          [
            106.002003,
            -5.93584
          ],
          [
            106.001842,
            -5.935067
          ],
          [
            106.00157,
            -5.935282
          ],
          [
            106.001298,
            -5.935498
          ],
          [
            106.000902,
            -5.935544
          ],
          [
            106.000507,
            -5.93559
          ],
          [
            106.000125,
            -5.935287
          ],
          [
            105.999744,
            -5.934983
          ],
          [
            105.999501,
            -5.934755
          ],
          [
            105.999257,
            -5.934526
          ],
          [
            105.998408,
            -5.933298
          ],
          [
            105.99756,
            -5.932069
          ]
        ]
      }
    },
    {
      "type": "Feature",
      "properties": {
        "trip_id": 19,
        "nama": "Trip 19 (K-04)",
        "kendaraan": "Truk tangki 30KL",
        "kode_kendaraan": "K-04",
        "trayek": "Serang \u2013 Cilegon",
        "arah": "Depo Serang ke Terminal Cilegon",
        "hari": "Rabu",
        "tanggal": "05-03-2025",
        "jam_mulai": "04:57",
        "jam_selesai": "05:39",
        "jam_berangkat": 4,
        "durasi_menit": 42.2,
        "kecepatan_rata": 40.6,
        "kecepatan_maks": 48.9,
        "jumlah_titik": 87,
        "jarak_km": 28.54,
        "liter_total": 8.98,
        "liter_jalan": 8.97,
        "liter_idle": 0.01,
        "menit_idle": 0.5,
        "liter_per_100km": 31.46,
        "km_per_liter": 3.18,
        "biaya_rp": 61064,
        "liter_boros": 0.06,
        "biaya_boros_rp": 408,
        "jenis_bbm": "Biosolar",
        "harga_per_liter": 6800,
        "malam": true,
        "status_efisiensi": "Efisien"
      },
      "geometry": {
        "type": "LineString",
        "coordinates": [
          [
            106.184492,
            -6.120401
          ],
          [
            106.18302,
            -6.120006
          ],
          [
            106.181548,
            -6.119611
          ],
          [
            106.181962,
            -6.11819
          ],
          [
            106.182376,
            -6.116769
          ],
          [
            106.183165,
            -6.11523
          ],
          [
            106.183954,
            -6.113691
          ],
          [
            106.182965,
            -6.112462
          ],
          [
            106.181977,
            -6.111233
          ],
          [
            106.178041,
            -6.107071
          ],
          [
            106.174104,
            -6.10291
          ],
          [
            106.172775,
            -6.101555
          ],
          [
            106.171446,
            -6.100201
          ],
          [
            106.170243,
            -6.099287
          ],
          [
            106.169039,
            -6.098373
          ],
          [
            106.167923,
            -6.097544
          ],
          [
            106.166806,
            -6.096714
          ],
          [
            106.164179,
            -6.095384
          ],
          [
            106.161552,
            -6.094054
          ],
          [
            106.150789,
            -6.090362
          ],
          [
            106.140026,
            -6.086671
          ],
          [
            106.138655,
            -6.086009
          ],
          [
            106.137283,
            -6.085348
          ],
          [
            106.135965,
            -6.084086
          ],
          [
            106.134648,
            -6.082823
          ],
          [
            106.128433,
            -6.071108
          ],
          [
            106.122219,
            -6.059393
          ],
          [
            106.120039,
            -6.055872
          ],
          [
            106.11786,
            -6.052352
          ],
          [
            106.116649,
            -6.050965
          ],
          [
            106.115439,
            -6.049578
          ],
          [
            106.111776,
            -6.046235
          ],
          [
            106.108113,
            -6.042891
          ],
          [
            106.106827,
            -6.041576
          ],
          [
            106.10554,
            -6.04026
          ],
          [
            106.10378,
            -6.037822
          ],
          [
            106.102019,
            -6.035384
          ],
          [
            106.099596,
            -6.031515
          ],
          [
            106.097174,
            -6.027647
          ],
          [
            106.095443,
            -6.025531
          ],
          [
            106.093712,
            -6.023414
          ],
          [
            106.092225,
            -6.022845
          ],
          [
            106.090738,
            -6.022276
          ],
          [
            106.089192,
            -6.02324
          ],
          [
            106.087646,
            -6.024204
          ],
          [
            106.086703,
            -6.02497
          ],
          [
            106.085761,
            -6.025735
          ],
          [
            106.085247,
            -6.028745
          ],
          [
            106.084733,
            -6.031754
          ],
          [
            106.083847,
            -6.032953
          ],
          [
            106.082962,
            -6.034152
          ],
          [
            106.081626,
            -6.033387
          ],
          [
            106.080289,
            -6.032623
          ],
          [
            106.079026,
            -6.031683
          ],
          [
            106.077762,
            -6.030743
          ],
          [
            106.072342,
            -6.027209
          ],
          [
            106.066922,
            -6.023674
          ],
          [
            106.064022,
            -6.022251
          ],
          [
            106.061123,
            -6.020827
          ],
          [
            106.056438,
            -6.018808
          ],
          [
            106.051754,
            -6.016789
          ],
          [
            106.050271,
            -6.016001
          ],
          [
            106.048787,
            -6.015214
          ],
          [
            106.046452,
            -6.013647
          ],
          [
            106.044116,
            -6.012079
          ],
          [
            106.043044,
            -6.011188
          ],
          [
            106.041972,
            -6.010297
          ],
          [
            106.0413,
            -6.008942
          ],
          [
            106.040627,
            -6.007588
          ],
          [
            106.036017,
            -6.001115
          ],
          [
            106.031408,
            -5.994642
          ],
          [
            106.030219,
            -5.994061
          ],
          [
            106.02903,
            -5.99348
          ],
          [
            106.028137,
            -5.994473
          ],
          [
            106.027244,
            -5.995467
          ],
          [
            106.025915,
            -5.995702
          ],
          [
            106.024587,
            -5.995937
          ],
          [
            106.023599,
            -5.99672
          ],
          [
            106.022612,
            -5.997503
          ],
          [
            106.022582,
            -5.999339
          ],
          [
            106.022552,
            -6.001174
          ],
          [
            106.023665,
            -6.001934
          ],
          [
            106.024778,
            -6.002694
          ],
          [
            106.025294,
            -6.002762
          ],
          [
            106.02581,
            -6.00283
          ],
          [
            106.025299,
            -6.00286
          ],
          [
            106.024787,
            -6.00289
          ]
        ]
      }
    },
    {
      "type": "Feature",
      "properties": {
        "trip_id": 20,
        "nama": "Trip 20 (K-04)",
        "kendaraan": "Truk tangki 30KL",
        "kode_kendaraan": "K-04",
        "trayek": "Serang \u2013 Cilegon",
        "arah": "Terminal Cilegon ke Depo Serang",
        "hari": "Rabu",
        "tanggal": "05-03-2025",
        "jam_mulai": "10:17",
        "jam_selesai": "11:13",
        "jam_berangkat": 10,
        "durasi_menit": 56.5,
        "kecepatan_rata": 30.3,
        "kecepatan_maks": 37.3,
        "jumlah_titik": 87,
        "jarak_km": 28.53,
        "liter_total": 10.15,
        "liter_jalan": 10.12,
        "liter_idle": 0.03,
        "menit_idle": 1.0,
        "liter_per_100km": 35.58,
        "km_per_liter": 2.82,
        "biaya_rp": 69020,
        "liter_boros": 1.23,
        "biaya_boros_rp": 8364,
        "jenis_bbm": "Biosolar",
        "harga_per_liter": 6800,
        "malam": false,
        "status_efisiensi": "Normal"
      },
      "geometry": {
        "type": "LineString",
        "coordinates": [
          [
            106.024787,
            -6.00289
          ],
          [
            106.025299,
            -6.00286
          ],
          [
            106.02581,
            -6.00283
          ],
          [
            106.025294,
            -6.002762
          ],
          [
            106.024778,
            -6.002694
          ],
          [
            106.023665,
            -6.001934
          ],
          [
            106.022552,
            -6.001174
          ],
          [
            106.022582,
            -5.999339
          ],
          [
            106.022612,
            -5.997503
          ],
          [
            106.023599,
            -5.99672
          ],
          [
            106.024587,
            -5.995937
          ],
          [
            106.025915,
            -5.995702
          ],
          [
            106.027244,
            -5.995467
          ],
          [
            106.028137,
            -5.994473
          ],
          [
            106.02903,
            -5.99348
          ],
          [
            106.030219,
            -5.994061
          ],
          [
            106.031408,
            -5.994642
          ],
          [
            106.036017,
            -6.001115
          ],
          [
            106.040627,
            -6.007588
          ],
          [
            106.0413,
            -6.008942
          ],
          [
            106.041972,
            -6.010297
          ],
          [
            106.043044,
            -6.011188
          ],
          [
            106.044116,
            -6.012079
          ],
          [
            106.046452,
            -6.013647
          ],
          [
            106.048787,
            -6.015214
          ],
          [
            106.050271,
            -6.016001
          ],
          [
            106.051754,
            -6.016789
          ],
          [
            106.056438,
            -6.018808
          ],
          [
            106.061123,
            -6.020827
          ],
          [
            106.064022,
            -6.022251
          ],
          [
            106.066922,
            -6.023674
          ],
          [
            106.072342,
            -6.027209
          ],
          [
            106.077762,
            -6.030743
          ],
          [
            106.079026,
            -6.031683
          ],
          [
            106.080289,
            -6.032623
          ],
          [
            106.081626,
            -6.033387
          ],
          [
            106.082962,
            -6.034152
          ],
          [
            106.083847,
            -6.032953
          ],
          [
            106.084733,
            -6.031754
          ],
          [
            106.085247,
            -6.028745
          ],
          [
            106.085761,
            -6.025735
          ],
          [
            106.086703,
            -6.02497
          ],
          [
            106.087646,
            -6.024204
          ],
          [
            106.089192,
            -6.02324
          ],
          [
            106.090738,
            -6.022276
          ],
          [
            106.092225,
            -6.022845
          ],
          [
            106.093712,
            -6.023414
          ],
          [
            106.095443,
            -6.025531
          ],
          [
            106.097174,
            -6.027647
          ],
          [
            106.099596,
            -6.031515
          ],
          [
            106.102019,
            -6.035384
          ],
          [
            106.10378,
            -6.037822
          ],
          [
            106.10554,
            -6.04026
          ],
          [
            106.106827,
            -6.041576
          ],
          [
            106.108113,
            -6.042891
          ],
          [
            106.111776,
            -6.046235
          ],
          [
            106.115439,
            -6.049578
          ],
          [
            106.116649,
            -6.050965
          ],
          [
            106.11786,
            -6.052352
          ],
          [
            106.120039,
            -6.055872
          ],
          [
            106.122219,
            -6.059393
          ],
          [
            106.128433,
            -6.071108
          ],
          [
            106.134648,
            -6.082823
          ],
          [
            106.135965,
            -6.084086
          ],
          [
            106.137283,
            -6.085348
          ],
          [
            106.138655,
            -6.086009
          ],
          [
            106.140026,
            -6.086671
          ],
          [
            106.150789,
            -6.090362
          ],
          [
            106.161552,
            -6.094054
          ],
          [
            106.164179,
            -6.095384
          ],
          [
            106.166806,
            -6.096714
          ],
          [
            106.167923,
            -6.097544
          ],
          [
            106.169039,
            -6.098373
          ],
          [
            106.170243,
            -6.099287
          ],
          [
            106.171446,
            -6.100201
          ],
          [
            106.172775,
            -6.101555
          ],
          [
            106.174104,
            -6.10291
          ],
          [
            106.178041,
            -6.107071
          ],
          [
            106.181977,
            -6.111233
          ],
          [
            106.182965,
            -6.112462
          ],
          [
            106.183954,
            -6.113691
          ],
          [
            106.183165,
            -6.11523
          ],
          [
            106.182376,
            -6.116769
          ],
          [
            106.181962,
            -6.11819
          ],
          [
            106.181548,
            -6.119611
          ],
          [
            106.18302,
            -6.120006
          ],
          [
            106.184492,
            -6.120401
          ]
        ]
      }
    },
    {
      "type": "Feature",
      "properties": {
        "trip_id": 21,
        "nama": "Trip 21 (K-04)",
        "kendaraan": "Truk tangki 30KL",
        "kode_kendaraan": "K-04",
        "trayek": "Serang \u2013 Cilegon",
        "arah": "Terminal Cilegon ke Depo Serang",
        "hari": "Rabu",
        "tanggal": "05-03-2025",
        "jam_mulai": "16:51",
        "jam_selesai": "18:39",
        "jam_berangkat": 16,
        "durasi_menit": 108.1,
        "kecepatan_rata": 15.9,
        "kecepatan_maks": 23.8,
        "jumlah_titik": 87,
        "jarak_km": 28.7,
        "liter_total": 11.1,
        "liter_jalan": 10.95,
        "liter_idle": 0.15,
        "menit_idle": 3.7,
        "liter_per_100km": 38.68,
        "km_per_liter": 2.62,
        "biaya_rp": 75480,
        "liter_boros": 2.13,
        "biaya_boros_rp": 14484,
        "jenis_bbm": "Biosolar",
        "harga_per_liter": 6800,
        "malam": false,
        "status_efisiensi": "Boros"
      },
      "geometry": {
        "type": "LineString",
        "coordinates": [
          [
            106.024787,
            -6.00289
          ],
          [
            106.025299,
            -6.00286
          ],
          [
            106.02581,
            -6.00283
          ],
          [
            106.025294,
            -6.002762
          ],
          [
            106.024778,
            -6.002694
          ],
          [
            106.023665,
            -6.001934
          ],
          [
            106.022552,
            -6.001174
          ],
          [
            106.022582,
            -5.999339
          ],
          [
            106.022612,
            -5.997503
          ],
          [
            106.023599,
            -5.99672
          ],
          [
            106.024587,
            -5.995937
          ],
          [
            106.025915,
            -5.995702
          ],
          [
            106.027244,
            -5.995467
          ],
          [
            106.028137,
            -5.994473
          ],
          [
            106.02903,
            -5.99348
          ],
          [
            106.030219,
            -5.994061
          ],
          [
            106.031408,
            -5.994642
          ],
          [
            106.036017,
            -6.001115
          ],
          [
            106.040627,
            -6.007588
          ],
          [
            106.0413,
            -6.008942
          ],
          [
            106.041972,
            -6.010297
          ],
          [
            106.043044,
            -6.011188
          ],
          [
            106.044116,
            -6.012079
          ],
          [
            106.046452,
            -6.013647
          ],
          [
            106.048787,
            -6.015214
          ],
          [
            106.050271,
            -6.016001
          ],
          [
            106.051754,
            -6.016789
          ],
          [
            106.056438,
            -6.018808
          ],
          [
            106.061123,
            -6.020827
          ],
          [
            106.064022,
            -6.022251
          ],
          [
            106.066922,
            -6.023674
          ],
          [
            106.072342,
            -6.027209
          ],
          [
            106.077762,
            -6.030743
          ],
          [
            106.079026,
            -6.031683
          ],
          [
            106.080289,
            -6.032623
          ],
          [
            106.081626,
            -6.033387
          ],
          [
            106.082962,
            -6.034152
          ],
          [
            106.083847,
            -6.032953
          ],
          [
            106.084733,
            -6.031754
          ],
          [
            106.085247,
            -6.028745
          ],
          [
            106.085761,
            -6.025735
          ],
          [
            106.086703,
            -6.02497
          ],
          [
            106.087646,
            -6.024204
          ],
          [
            106.089192,
            -6.02324
          ],
          [
            106.090738,
            -6.022276
          ],
          [
            106.092225,
            -6.022845
          ],
          [
            106.093712,
            -6.023414
          ],
          [
            106.095443,
            -6.025531
          ],
          [
            106.097174,
            -6.027647
          ],
          [
            106.099596,
            -6.031515
          ],
          [
            106.102019,
            -6.035384
          ],
          [
            106.10378,
            -6.037822
          ],
          [
            106.10554,
            -6.04026
          ],
          [
            106.106827,
            -6.041576
          ],
          [
            106.108113,
            -6.042891
          ],
          [
            106.111776,
            -6.046235
          ],
          [
            106.115439,
            -6.049578
          ],
          [
            106.116649,
            -6.050965
          ],
          [
            106.11786,
            -6.052352
          ],
          [
            106.120039,
            -6.055872
          ],
          [
            106.122219,
            -6.059393
          ],
          [
            106.128433,
            -6.071108
          ],
          [
            106.134648,
            -6.082823
          ],
          [
            106.135965,
            -6.084086
          ],
          [
            106.137283,
            -6.085348
          ],
          [
            106.138655,
            -6.086009
          ],
          [
            106.140026,
            -6.086671
          ],
          [
            106.150789,
            -6.090362
          ],
          [
            106.161552,
            -6.094054
          ],
          [
            106.164179,
            -6.095384
          ],
          [
            106.166806,
            -6.096714
          ],
          [
            106.167923,
            -6.097544
          ],
          [
            106.169039,
            -6.098373
          ],
          [
            106.170243,
            -6.099287
          ],
          [
            106.171446,
            -6.100201
          ],
          [
            106.172775,
            -6.101555
          ],
          [
            106.174104,
            -6.10291
          ],
          [
            106.178041,
            -6.107071
          ],
          [
            106.181977,
            -6.111233
          ],
          [
            106.182965,
            -6.112462
          ],
          [
            106.183954,
            -6.113691
          ],
          [
            106.183165,
            -6.11523
          ],
          [
            106.182376,
            -6.116769
          ],
          [
            106.181962,
            -6.11819
          ],
          [
            106.181548,
            -6.119611
          ],
          [
            106.18302,
            -6.120006
          ],
          [
            106.184492,
            -6.120401
          ]
        ]
      }
    },
    {
      "type": "Feature",
      "properties": {
        "trip_id": 22,
        "nama": "Trip 22 (K-07)",
        "kendaraan": "Truk tangki 16KL",
        "kode_kendaraan": "K-07",
        "trayek": "Serang \u2013 Anyer",
        "arah": "Depo Serang ke SPBU / Kawasan Anyer",
        "hari": "Rabu",
        "tanggal": "05-03-2025",
        "jam_mulai": "04:51",
        "jam_selesai": "05:52",
        "jam_berangkat": 4,
        "durasi_menit": 61.9,
        "kecepatan_rata": 37.6,
        "kecepatan_maks": 49.8,
        "jumlah_titik": 109,
        "jarak_km": 38.8,
        "liter_total": 12.21,
        "liter_jalan": 12.2,
        "liter_idle": 0.01,
        "menit_idle": 0.4,
        "liter_per_100km": 31.47,
        "km_per_liter": 3.18,
        "biaya_rp": 83028,
        "liter_boros": 0.09,
        "biaya_boros_rp": 612,
        "jenis_bbm": "Biosolar",
        "harga_per_liter": 6800,
        "malam": true,
        "status_efisiensi": "Efisien"
      },
      "geometry": {
        "type": "LineString",
        "coordinates": [
          [
            106.184492,
            -6.120401
          ],
          [
            106.182988,
            -6.120449
          ],
          [
            106.181485,
            -6.120497
          ],
          [
            106.181689,
            -6.119015
          ],
          [
            106.181893,
            -6.117534
          ],
          [
            106.18275,
            -6.116447
          ],
          [
            106.183607,
            -6.115361
          ],
          [
            106.183838,
            -6.114493
          ],
          [
            106.184069,
            -6.113625
          ],
          [
            106.180187,
            -6.109409
          ],
          [
            106.176306,
            -6.105193
          ],
          [
            106.170921,
            -6.100575
          ],
          [
            106.165536,
            -6.095958
          ],
          [
            106.158769,
            -6.093378
          ],
          [
            106.152001,
            -6.090798
          ],
          [
            106.145865,
            -6.088704
          ],
          [
            106.139728,
            -6.08661
          ],
          [
            106.135638,
            -6.081891
          ],
          [
            106.131547,
            -6.077171
          ],
          [
            106.126623,
            -6.067851
          ],
          [
            106.1217,
            -6.058531
          ],
          [
            106.119329,
            -6.054898
          ],
          [
            106.116959,
            -6.051265
          ],
          [
            106.112505,
            -6.047156
          ],
          [
            106.108051,
            -6.043048
          ],
          [
            106.105373,
            -6.039813
          ],
          [
            106.102696,
            -6.036578
          ],
          [
            106.098298,
            -6.030036
          ],
          [
            106.093901,
            -6.023493
          ],
          [
            106.093069,
            -6.022763
          ],
          [
            106.092237,
            -6.022034
          ],
          [
            106.091267,
            -6.022133
          ],
          [
            106.090297,
            -6.022233
          ],
          [
            106.088664,
            -6.023358
          ],
          [
            106.087031,
            -6.024483
          ],
          [
            106.086275,
            -6.025137
          ],
          [
            106.085519,
            -6.025791
          ],
          [
            106.085363,
            -6.028265
          ],
          [
            106.085206,
            -6.03074
          ],
          [
            106.08464,
            -6.031801
          ],
          [
            106.084073,
            -6.032862
          ],
          [
            106.083619,
            -6.033632
          ],
          [
            106.083165,
            -6.034402
          ],
          [
            106.081554,
            -6.033392
          ],
          [
            106.079943,
            -6.032382
          ],
          [
            106.077923,
            -6.030944
          ],
          [
            106.075904,
            -6.029506
          ],
          [
            106.073596,
            -6.027943
          ],
          [
            106.071289,
            -6.02638
          ],
          [
            106.068114,
            -6.024512
          ],
          [
            106.064939,
            -6.022644
          ],
          [
            106.060982,
            -6.020935
          ],
          [
            106.057025,
            -6.019226
          ],
          [
            106.053745,
            -6.017736
          ],
          [
            106.050465,
            -6.016247
          ],
          [
            106.048385,
            -6.014927
          ],
          [
            106.046306,
            -6.013608
          ],
          [
            106.045749,
            -6.013208
          ],
          [
            106.045191,
            -6.012807
          ],
          [
            106.043406,
            -6.012175
          ],
          [
            106.041621,
            -6.011543
          ],
          [
            106.037239,
            -6.01086
          ],
          [
            106.032856,
            -6.010176
          ],
          [
            106.028951,
            -6.009626
          ],
          [
            106.025045,
            -6.009075
          ],
          [
            106.021793,
            -6.009984
          ],
          [
            106.01854,
            -6.010892
          ],
          [
            106.0155,
            -6.011474
          ],
          [
            106.01246,
            -6.012056
          ],
          [
            106.009563,
            -6.012134
          ],
          [
            106.006667,
            -6.012211
          ],
          [
            106.003198,
            -6.01184
          ],
          [
            105.99973,
            -6.01147
          ],
          [
            105.996921,
            -6.010867
          ],
          [
            105.994113,
            -6.010265
          ],
          [
            105.988977,
            -6.011052
          ],
          [
            105.983841,
            -6.01184
          ],
          [
            105.980132,
            -6.013607
          ],
          [
            105.976423,
            -6.015375
          ],
          [
            105.973485,
            -6.016651
          ],
          [
            105.970547,
            -6.017927
          ],
          [
            105.969919,
            -6.018326
          ],
          [
            105.969291,
            -6.018725
          ],
          [
            105.967025,
            -6.02085
          ],
          [
            105.964758,
            -6.022975
          ],
          [
            105.963127,
            -6.023462
          ],
          [
            105.961495,
            -6.023949
          ],
          [
            105.958851,
            -6.023233
          ],
          [
            105.956207,
            -6.022516
          ],
          [
            105.953825,
            -6.02342
          ],
          [
            105.951444,
            -6.024323
          ],
          [
            105.950308,
            -6.025311
          ],
          [
            105.949172,
            -6.0263
          ],
          [
            105.945886,
            -6.028849
          ],
          [
            105.9426,
            -6.031397
          ],
          [
            105.939526,
            -6.033191
          ],
          [
            105.936452,
            -6.034985
          ],
          [
            105.933928,
            -6.036134
          ],
          [
            105.931403,
            -6.037284
          ],
          [
            105.929077,
            -6.038605
          ],
          [
            105.92675,
            -6.039927
          ],
          [
            105.926202,
            -6.040842
          ],
          [
            105.925654,
            -6.041757
          ],
          [
            105.925629,
            -6.043299
          ],
          [
            105.925605,
            -6.044842
          ],
          [
            105.925298,
            -6.04665
          ],
          [
            105.924992,
            -6.048458
          ],
          [
            105.923865,
            -6.050837
          ],
          [
            105.922737,
            -6.053216
          ]
        ]
      }
    },
    {
      "type": "Feature",
      "properties": {
        "trip_id": 23,
        "nama": "Trip 23 (K-07)",
        "kendaraan": "Truk tangki 16KL",
        "kode_kendaraan": "K-07",
        "trayek": "Serang \u2013 Anyer",
        "arah": "SPBU / Kawasan Anyer ke Depo Serang",
        "hari": "Rabu",
        "tanggal": "05-03-2025",
        "jam_mulai": "10:28",
        "jam_selesai": "11:48",
        "jam_berangkat": 10,
        "durasi_menit": 80.2,
        "kecepatan_rata": 29.0,
        "kecepatan_maks": 37.7,
        "jumlah_titik": 109,
        "jarak_km": 38.73,
        "liter_total": 14.01,
        "liter_jalan": 13.98,
        "liter_idle": 0.03,
        "menit_idle": 0.9,
        "liter_per_100km": 36.17,
        "km_per_liter": 2.77,
        "biaya_rp": 95268,
        "liter_boros": 1.91,
        "biaya_boros_rp": 12988,
        "jenis_bbm": "Biosolar",
        "harga_per_liter": 6800,
        "malam": false,
        "status_efisiensi": "Normal"
      },
      "geometry": {
        "type": "LineString",
        "coordinates": [
          [
            105.922737,
            -6.053216
          ],
          [
            105.923865,
            -6.050837
          ],
          [
            105.924992,
            -6.048458
          ],
          [
            105.925298,
            -6.04665
          ],
          [
            105.925605,
            -6.044842
          ],
          [
            105.925629,
            -6.043299
          ],
          [
            105.925654,
            -6.041757
          ],
          [
            105.926202,
            -6.040842
          ],
          [
            105.92675,
            -6.039927
          ],
          [
            105.929077,
            -6.038605
          ],
          [
            105.931403,
            -6.037284
          ],
          [
            105.933928,
            -6.036134
          ],
          [
            105.936452,
            -6.034985
          ],
          [
            105.939526,
            -6.033191
          ],
          [
            105.9426,
            -6.031397
          ],
          [
            105.945886,
            -6.028849
          ],
          [
            105.949172,
            -6.0263
          ],
          [
            105.950308,
            -6.025311
          ],
          [
            105.951444,
            -6.024323
          ],
          [
            105.953825,
            -6.02342
          ],
          [
            105.956207,
            -6.022516
          ],
          [
            105.958851,
            -6.023233
          ],
          [
            105.961495,
            -6.023949
          ],
          [
            105.963127,
            -6.023462
          ],
          [
            105.964758,
            -6.022975
          ],
          [
            105.967025,
            -6.02085
          ],
          [
            105.969291,
            -6.018725
          ],
          [
            105.969919,
            -6.018326
          ],
          [
            105.970547,
            -6.017927
          ],
          [
            105.973485,
            -6.016651
          ],
          [
            105.976423,
            -6.015375
          ],
          [
            105.980132,
            -6.013607
          ],
          [
            105.983841,
            -6.01184
          ],
          [
            105.988977,
            -6.011052
          ],
          [
            105.994113,
            -6.010265
          ],
          [
            105.996921,
            -6.010867
          ],
          [
            105.99973,
            -6.01147
          ],
          [
            106.003198,
            -6.01184
          ],
          [
            106.006667,
            -6.012211
          ],
          [
            106.009563,
            -6.012134
          ],
          [
            106.01246,
            -6.012056
          ],
          [
            106.0155,
            -6.011474
          ],
          [
            106.01854,
            -6.010892
          ],
          [
            106.021793,
            -6.009984
          ],
          [
            106.025045,
            -6.009075
          ],
          [
            106.028951,
            -6.009626
          ],
          [
            106.032856,
            -6.010176
          ],
          [
            106.037239,
            -6.01086
          ],
          [
            106.041621,
            -6.011543
          ],
          [
            106.043406,
            -6.012175
          ],
          [
            106.045191,
            -6.012807
          ],
          [
            106.045749,
            -6.013208
          ],
          [
            106.046306,
            -6.013608
          ],
          [
            106.048385,
            -6.014927
          ],
          [
            106.050465,
            -6.016247
          ],
          [
            106.053745,
            -6.017736
          ],
          [
            106.057025,
            -6.019226
          ],
          [
            106.060982,
            -6.020935
          ],
          [
            106.064939,
            -6.022644
          ],
          [
            106.068114,
            -6.024512
          ],
          [
            106.071289,
            -6.02638
          ],
          [
            106.073596,
            -6.027943
          ],
          [
            106.075904,
            -6.029506
          ],
          [
            106.077923,
            -6.030944
          ],
          [
            106.079943,
            -6.032382
          ],
          [
            106.081554,
            -6.033392
          ],
          [
            106.083165,
            -6.034402
          ],
          [
            106.083619,
            -6.033632
          ],
          [
            106.084073,
            -6.032862
          ],
          [
            106.08464,
            -6.031801
          ],
          [
            106.085206,
            -6.03074
          ],
          [
            106.085363,
            -6.028265
          ],
          [
            106.085519,
            -6.025791
          ],
          [
            106.086275,
            -6.025137
          ],
          [
            106.087031,
            -6.024483
          ],
          [
            106.088664,
            -6.023358
          ],
          [
            106.090297,
            -6.022233
          ],
          [
            106.091267,
            -6.022133
          ],
          [
            106.092237,
            -6.022034
          ],
          [
            106.093069,
            -6.022763
          ],
          [
            106.093901,
            -6.023493
          ],
          [
            106.098298,
            -6.030036
          ],
          [
            106.102696,
            -6.036578
          ],
          [
            106.105373,
            -6.039813
          ],
          [
            106.108051,
            -6.043048
          ],
          [
            106.112505,
            -6.047156
          ],
          [
            106.116959,
            -6.051265
          ],
          [
            106.119329,
            -6.054898
          ],
          [
            106.1217,
            -6.058531
          ],
          [
            106.126623,
            -6.067851
          ],
          [
            106.131547,
            -6.077171
          ],
          [
            106.135638,
            -6.081891
          ],
          [
            106.139728,
            -6.08661
          ],
          [
            106.145865,
            -6.088704
          ],
          [
            106.152001,
            -6.090798
          ],
          [
            106.158769,
            -6.093378
          ],
          [
            106.165536,
            -6.095958
          ],
          [
            106.170921,
            -6.100575
          ],
          [
            106.176306,
            -6.105193
          ],
          [
            106.180187,
            -6.109409
          ],
          [
            106.184069,
            -6.113625
          ],
          [
            106.183838,
            -6.114493
          ],
          [
            106.183607,
            -6.115361
          ],
          [
            106.18275,
            -6.116447
          ],
          [
            106.181893,
            -6.117534
          ],
          [
            106.181689,
            -6.119015
          ],
          [
            106.181485,
            -6.120497
          ],
          [
            106.182988,
            -6.120449
          ],
          [
            106.184492,
            -6.120401
          ]
        ]
      }
    },
    {
      "type": "Feature",
      "properties": {
        "trip_id": 24,
        "nama": "Trip 24 (K-07)",
        "kendaraan": "Truk tangki 16KL",
        "kode_kendaraan": "K-07",
        "trayek": "Serang \u2013 Anyer",
        "arah": "SPBU / Kawasan Anyer ke Depo Serang",
        "hari": "Rabu",
        "tanggal": "05-03-2025",
        "jam_mulai": "16:28",
        "jam_selesai": "18:58",
        "jam_berangkat": 16,
        "durasi_menit": 150.9,
        "kecepatan_rata": 15.4,
        "kecepatan_maks": 21.7,
        "jumlah_titik": 109,
        "jarak_km": 38.75,
        "liter_total": 14.97,
        "liter_jalan": 14.85,
        "liter_idle": 0.12,
        "menit_idle": 3.1,
        "liter_per_100km": 38.63,
        "km_per_liter": 2.61,
        "biaya_rp": 101796,
        "liter_boros": 2.86,
        "biaya_boros_rp": 19448,
        "jenis_bbm": "Biosolar",
        "harga_per_liter": 6800,
        "malam": false,
        "status_efisiensi": "Boros"
      },
      "geometry": {
        "type": "LineString",
        "coordinates": [
          [
            105.922737,
            -6.053216
          ],
          [
            105.923865,
            -6.050837
          ],
          [
            105.924992,
            -6.048458
          ],
          [
            105.925298,
            -6.04665
          ],
          [
            105.925605,
            -6.044842
          ],
          [
            105.925629,
            -6.043299
          ],
          [
            105.925654,
            -6.041757
          ],
          [
            105.926202,
            -6.040842
          ],
          [
            105.92675,
            -6.039927
          ],
          [
            105.929077,
            -6.038605
          ],
          [
            105.931403,
            -6.037284
          ],
          [
            105.933928,
            -6.036134
          ],
          [
            105.936452,
            -6.034985
          ],
          [
            105.939526,
            -6.033191
          ],
          [
            105.9426,
            -6.031397
          ],
          [
            105.945886,
            -6.028849
          ],
          [
            105.949172,
            -6.0263
          ],
          [
            105.950308,
            -6.025311
          ],
          [
            105.951444,
            -6.024323
          ],
          [
            105.953825,
            -6.02342
          ],
          [
            105.956207,
            -6.022516
          ],
          [
            105.958851,
            -6.023233
          ],
          [
            105.961495,
            -6.023949
          ],
          [
            105.963127,
            -6.023462
          ],
          [
            105.964758,
            -6.022975
          ],
          [
            105.967025,
            -6.02085
          ],
          [
            105.969291,
            -6.018725
          ],
          [
            105.969919,
            -6.018326
          ],
          [
            105.970547,
            -6.017927
          ],
          [
            105.973485,
            -6.016651
          ],
          [
            105.976423,
            -6.015375
          ],
          [
            105.980132,
            -6.013607
          ],
          [
            105.983841,
            -6.01184
          ],
          [
            105.988977,
            -6.011052
          ],
          [
            105.994113,
            -6.010265
          ],
          [
            105.996921,
            -6.010867
          ],
          [
            105.99973,
            -6.01147
          ],
          [
            106.003198,
            -6.01184
          ],
          [
            106.006667,
            -6.012211
          ],
          [
            106.009563,
            -6.012134
          ],
          [
            106.01246,
            -6.012056
          ],
          [
            106.0155,
            -6.011474
          ],
          [
            106.01854,
            -6.010892
          ],
          [
            106.021793,
            -6.009984
          ],
          [
            106.025045,
            -6.009075
          ],
          [
            106.028951,
            -6.009626
          ],
          [
            106.032856,
            -6.010176
          ],
          [
            106.037239,
            -6.01086
          ],
          [
            106.041621,
            -6.011543
          ],
          [
            106.043406,
            -6.012175
          ],
          [
            106.045191,
            -6.012807
          ],
          [
            106.045749,
            -6.013208
          ],
          [
            106.046306,
            -6.013608
          ],
          [
            106.048385,
            -6.014927
          ],
          [
            106.050465,
            -6.016247
          ],
          [
            106.053745,
            -6.017736
          ],
          [
            106.057025,
            -6.019226
          ],
          [
            106.060982,
            -6.020935
          ],
          [
            106.064939,
            -6.022644
          ],
          [
            106.068114,
            -6.024512
          ],
          [
            106.071289,
            -6.02638
          ],
          [
            106.073596,
            -6.027943
          ],
          [
            106.075904,
            -6.029506
          ],
          [
            106.077923,
            -6.030944
          ],
          [
            106.079943,
            -6.032382
          ],
          [
            106.081554,
            -6.033392
          ],
          [
            106.083165,
            -6.034402
          ],
          [
            106.083619,
            -6.033632
          ],
          [
            106.084073,
            -6.032862
          ],
          [
            106.08464,
            -6.031801
          ],
          [
            106.085206,
            -6.03074
          ],
          [
            106.085363,
            -6.028265
          ],
          [
            106.085519,
            -6.025791
          ],
          [
            106.086275,
            -6.025137
          ],
          [
            106.087031,
            -6.024483
          ],
          [
            106.088664,
            -6.023358
          ],
          [
            106.090297,
            -6.022233
          ],
          [
            106.091267,
            -6.022133
          ],
          [
            106.092237,
            -6.022034
          ],
          [
            106.093069,
            -6.022763
          ],
          [
            106.093901,
            -6.023493
          ],
          [
            106.098298,
            -6.030036
          ],
          [
            106.102696,
            -6.036578
          ],
          [
            106.105373,
            -6.039813
          ],
          [
            106.108051,
            -6.043048
          ],
          [
            106.112505,
            -6.047156
          ],
          [
            106.116959,
            -6.051265
          ],
          [
            106.119329,
            -6.054898
          ],
          [
            106.1217,
            -6.058531
          ],
          [
            106.126623,
            -6.067851
          ],
          [
            106.131547,
            -6.077171
          ],
          [
            106.135638,
            -6.081891
          ],
          [
            106.139728,
            -6.08661
          ],
          [
            106.145865,
            -6.088704
          ],
          [
            106.152001,
            -6.090798
          ],
          [
            106.158769,
            -6.093378
          ],
          [
            106.165536,
            -6.095958
          ],
          [
            106.170921,
            -6.100575
          ],
          [
            106.176306,
            -6.105193
          ],
          [
            106.180187,
            -6.109409
          ],
          [
            106.184069,
            -6.113625
          ],
          [
            106.183838,
            -6.114493
          ],
          [
            106.183607,
            -6.115361
          ],
          [
            106.18275,
            -6.116447
          ],
          [
            106.181893,
            -6.117534
          ],
          [
            106.181689,
            -6.119015
          ],
          [
            106.181485,
            -6.120497
          ],
          [
            106.182988,
            -6.120449
          ],
          [
            106.184492,
            -6.120401
          ]
        ]
      }
    },
    {
      "type": "Feature",
      "properties": {
        "trip_id": 25,
        "nama": "Trip 25 (K-12)",
        "kendaraan": "Truk tangki 24KL",
        "kode_kendaraan": "K-12",
        "trayek": "Cilegon \u2013 Merak",
        "arah": "Depo Cilegon ke Gerbang Pelabuhan Merak",
        "hari": "Rabu",
        "tanggal": "05-03-2025",
        "jam_mulai": "04:48",
        "jam_selesai": "05:10",
        "jam_berangkat": 4,
        "durasi_menit": 22.4,
        "kecepatan_rata": 30.4,
        "kecepatan_maks": 42.0,
        "jumlah_titik": 89,
        "jarak_km": 11.35,
        "liter_total": 3.61,
        "liter_jalan": 3.6,
        "liter_idle": 0.01,
        "menit_idle": 0.3,
        "liter_per_100km": 31.81,
        "km_per_liter": 3.15,
        "biaya_rp": 24548,
        "liter_boros": 0.06,
        "biaya_boros_rp": 408,
        "jenis_bbm": "Biosolar",
        "harga_per_liter": 6800,
        "malam": true,
        "status_efisiensi": "Efisien"
      },
      "geometry": {
        "type": "LineString",
        "coordinates": [
          [
            106.024787,
            -6.00289
          ],
          [
            106.023636,
            -6.002619
          ],
          [
            106.022484,
            -6.002348
          ],
          [
            106.022499,
            -5.999045
          ],
          [
            106.022514,
            -5.995743
          ],
          [
            106.025236,
            -5.995042
          ],
          [
            106.027958,
            -5.994341
          ],
          [
            106.027873,
            -5.992765
          ],
          [
            106.027789,
            -5.991189
          ],
          [
            106.025858,
            -5.990295
          ],
          [
            106.023927,
            -5.9894
          ],
          [
            106.022945,
            -5.988786
          ],
          [
            106.021964,
            -5.988172
          ],
          [
            106.020783,
            -5.987707
          ],
          [
            106.019603,
            -5.987242
          ],
          [
            106.018991,
            -5.986827
          ],
          [
            106.018379,
            -5.986412
          ],
          [
            106.017923,
            -5.985682
          ],
          [
            106.017468,
            -5.984952
          ],
          [
            106.016956,
            -5.984452
          ],
          [
            106.016445,
            -5.983953
          ],
          [
            106.0156,
            -5.983546
          ],
          [
            106.014755,
            -5.983139
          ],
          [
            106.01394,
            -5.983088
          ],
          [
            106.013125,
            -5.983037
          ],
          [
            106.012154,
            -5.98294
          ],
          [
            106.011183,
            -5.982843
          ],
          [
            106.010437,
            -5.982596
          ],
          [
            106.009692,
            -5.98235
          ],
          [
            106.009352,
            -5.982049
          ],
          [
            106.009012,
            -5.981748
          ],
          [
            106.008845,
            -5.981001
          ],
          [
            106.008678,
            -5.980255
          ],
          [
            106.008464,
            -5.979058
          ],
          [
            106.008249,
            -5.977861
          ],
          [
            106.008246,
            -5.977447
          ],
          [
            106.008242,
            -5.977033
          ],
          [
            106.008462,
            -5.976517
          ],
          [
            106.008682,
            -5.976001
          ],
          [
            106.008176,
            -5.975195
          ],
          [
            106.007671,
            -5.974388
          ],
          [
            106.006949,
            -5.97308
          ],
          [
            106.006228,
            -5.971771
          ],
          [
            106.006035,
            -5.971376
          ],
          [
            106.005842,
            -5.97098
          ],
          [
            106.005387,
            -5.970118
          ],
          [
            106.004933,
            -5.969255
          ],
          [
            106.004582,
            -5.968457
          ],
          [
            106.004231,
            -5.967658
          ],
          [
            106.003848,
            -5.966814
          ],
          [
            106.003464,
            -5.965969
          ],
          [
            106.002783,
            -5.964886
          ],
          [
            106.002102,
            -5.963803
          ],
          [
            106.001184,
            -5.962492
          ],
          [
            106.000267,
            -5.961181
          ],
          [
            105.999981,
            -5.959478
          ],
          [
            105.999696,
            -5.957774
          ],
          [
            105.999547,
            -5.956166
          ],
          [
            105.999397,
            -5.954557
          ],
          [
            106.000428,
            -5.952616
          ],
          [
            106.001458,
            -5.950676
          ],
          [
            106.002139,
            -5.949248
          ],
          [
            106.002819,
            -5.94782
          ],
          [
            106.002724,
            -5.947029
          ],
          [
            106.00263,
            -5.946237
          ],
          [
            106.00257,
            -5.945759
          ],
          [
            106.002511,
            -5.94528
          ],
          [
            106.00276,
            -5.944396
          ],
          [
            106.003009,
            -5.943513
          ],
          [
            106.002673,
            -5.942709
          ],
          [
            106.002337,
            -5.941905
          ],
          [
            106.001881,
            -5.941111
          ],
          [
            106.001426,
            -5.940317
          ],
          [
            106.001327,
            -5.939709
          ],
          [
            106.001228,
            -5.9391
          ],
          [
            106.001695,
            -5.937857
          ],
          [
            106.002163,
            -5.936613
          ],
          [
            106.002003,
            -5.93584
          ],
          [
            106.001842,
            -5.935067
          ],
          [
            106.00157,
            -5.935282
          ],
          [
            106.001298,
            -5.935498
          ],
          [
            106.000902,
            -5.935544
          ],
          [
            106.000507,
            -5.93559
          ],
          [
            106.000125,
            -5.935287
          ],
          [
            105.999744,
            -5.934983
          ],
          [
            105.999501,
            -5.934755
          ],
          [
            105.999257,
            -5.934526
          ],
          [
            105.998408,
            -5.933298
          ],
          [
            105.99756,
            -5.932069
          ]
        ]
      }
    },
    {
      "type": "Feature",
      "properties": {
        "trip_id": 26,
        "nama": "Trip 26 (K-12)",
        "kendaraan": "Truk tangki 24KL",
        "kode_kendaraan": "K-12",
        "trayek": "Cilegon \u2013 Merak",
        "arah": "Gerbang Pelabuhan Merak ke Depo Cilegon",
        "hari": "Rabu",
        "tanggal": "05-03-2025",
        "jam_mulai": "10:13",
        "jam_selesai": "10:40",
        "jam_berangkat": 10,
        "durasi_menit": 27.9,
        "kecepatan_rata": 24.3,
        "kecepatan_maks": 33.7,
        "jumlah_titik": 89,
        "jarak_km": 11.28,
        "liter_total": 4.13,
        "liter_jalan": 4.07,
        "liter_idle": 0.06,
        "menit_idle": 2.0,
        "liter_per_100km": 36.61,
        "km_per_liter": 2.77,
        "biaya_rp": 28084,
        "liter_boros": 0.61,
        "biaya_boros_rp": 4148,
        "jenis_bbm": "Biosolar",
        "harga_per_liter": 6800,
        "malam": false,
        "status_efisiensi": "Normal"
      },
      "geometry": {
        "type": "LineString",
        "coordinates": [
          [
            105.99756,
            -5.932069
          ],
          [
            105.998408,
            -5.933298
          ],
          [
            105.999257,
            -5.934526
          ],
          [
            105.999501,
            -5.934755
          ],
          [
            105.999744,
            -5.934983
          ],
          [
            106.000125,
            -5.935287
          ],
          [
            106.000507,
            -5.93559
          ],
          [
            106.000902,
            -5.935544
          ],
          [
            106.001298,
            -5.935498
          ],
          [
            106.00157,
            -5.935282
          ],
          [
            106.001842,
            -5.935067
          ],
          [
            106.002003,
            -5.93584
          ],
          [
            106.002163,
            -5.936613
          ],
          [
            106.001695,
            -5.937857
          ],
          [
            106.001228,
            -5.9391
          ],
          [
            106.001327,
            -5.939709
          ],
          [
            106.001426,
            -5.940317
          ],
          [
            106.001881,
            -5.941111
          ],
          [
            106.002337,
            -5.941905
          ],
          [
            106.002673,
            -5.942709
          ],
          [
            106.003009,
            -5.943513
          ],
          [
            106.00276,
            -5.944396
          ],
          [
            106.002511,
            -5.94528
          ],
          [
            106.00257,
            -5.945759
          ],
          [
            106.00263,
            -5.946237
          ],
          [
            106.002724,
            -5.947029
          ],
          [
            106.002819,
            -5.94782
          ],
          [
            106.002139,
            -5.949248
          ],
          [
            106.001458,
            -5.950676
          ],
          [
            106.000428,
            -5.952616
          ],
          [
            105.999397,
            -5.954557
          ],
          [
            105.999547,
            -5.956166
          ],
          [
            105.999696,
            -5.957774
          ],
          [
            105.999981,
            -5.959478
          ],
          [
            106.000267,
            -5.961181
          ],
          [
            106.001184,
            -5.962492
          ],
          [
            106.002102,
            -5.963803
          ],
          [
            106.002783,
            -5.964886
          ],
          [
            106.003464,
            -5.965969
          ],
          [
            106.003848,
            -5.966814
          ],
          [
            106.004231,
            -5.967658
          ],
          [
            106.004582,
            -5.968457
          ],
          [
            106.004933,
            -5.969255
          ],
          [
            106.005387,
            -5.970118
          ],
          [
            106.005842,
            -5.97098
          ],
          [
            106.006035,
            -5.971376
          ],
          [
            106.006228,
            -5.971771
          ],
          [
            106.006949,
            -5.97308
          ],
          [
            106.007671,
            -5.974388
          ],
          [
            106.008176,
            -5.975195
          ],
          [
            106.008682,
            -5.976001
          ],
          [
            106.008462,
            -5.976517
          ],
          [
            106.008242,
            -5.977033
          ],
          [
            106.008246,
            -5.977447
          ],
          [
            106.008249,
            -5.977861
          ],
          [
            106.008464,
            -5.979058
          ],
          [
            106.008678,
            -5.980255
          ],
          [
            106.008845,
            -5.981001
          ],
          [
            106.009012,
            -5.981748
          ],
          [
            106.009352,
            -5.982049
          ],
          [
            106.009692,
            -5.98235
          ],
          [
            106.010437,
            -5.982596
          ],
          [
            106.011183,
            -5.982843
          ],
          [
            106.012154,
            -5.98294
          ],
          [
            106.013125,
            -5.983037
          ],
          [
            106.01394,
            -5.983088
          ],
          [
            106.014755,
            -5.983139
          ],
          [
            106.0156,
            -5.983546
          ],
          [
            106.016445,
            -5.983953
          ],
          [
            106.016956,
            -5.984452
          ],
          [
            106.017468,
            -5.984952
          ],
          [
            106.017923,
            -5.985682
          ],
          [
            106.018379,
            -5.986412
          ],
          [
            106.018991,
            -5.986827
          ],
          [
            106.019603,
            -5.987242
          ],
          [
            106.020783,
            -5.987707
          ],
          [
            106.021964,
            -5.988172
          ],
          [
            106.022945,
            -5.988786
          ],
          [
            106.023927,
            -5.9894
          ],
          [
            106.025858,
            -5.990295
          ],
          [
            106.027789,
            -5.991189
          ],
          [
            106.027873,
            -5.992765
          ],
          [
            106.027958,
            -5.994341
          ],
          [
            106.025236,
            -5.995042
          ],
          [
            106.022514,
            -5.995743
          ],
          [
            106.022499,
            -5.999045
          ],
          [
            106.022484,
            -6.002348
          ],
          [
            106.023636,
            -6.002619
          ],
          [
            106.024787,
            -6.00289
          ]
        ]
      }
    },
    {
      "type": "Feature",
      "properties": {
        "trip_id": 27,
        "nama": "Trip 27 (K-12)",
        "kendaraan": "Truk tangki 24KL",
        "kode_kendaraan": "K-12",
        "trayek": "Cilegon \u2013 Merak",
        "arah": "Gerbang Pelabuhan Merak ke Depo Cilegon",
        "hari": "Rabu",
        "tanggal": "05-03-2025",
        "jam_mulai": "16:46",
        "jam_selesai": "17:40",
        "jam_berangkat": 16,
        "durasi_menit": 54.0,
        "kecepatan_rata": 12.4,
        "kecepatan_maks": 18.7,
        "jumlah_titik": 89,
        "jarak_km": 11.15,
        "liter_total": 4.58,
        "liter_jalan": 4.36,
        "liter_idle": 0.22,
        "menit_idle": 5.5,
        "liter_per_100km": 41.08,
        "km_per_liter": 2.56,
        "biaya_rp": 31144,
        "liter_boros": 1.1,
        "biaya_boros_rp": 7480,
        "jenis_bbm": "Biosolar",
        "harga_per_liter": 6800,
        "malam": false,
        "status_efisiensi": "Boros"
      },
      "geometry": {
        "type": "LineString",
        "coordinates": [
          [
            105.99756,
            -5.932069
          ],
          [
            105.998408,
            -5.933298
          ],
          [
            105.999257,
            -5.934526
          ],
          [
            105.999501,
            -5.934755
          ],
          [
            105.999744,
            -5.934983
          ],
          [
            106.000125,
            -5.935287
          ],
          [
            106.000507,
            -5.93559
          ],
          [
            106.000902,
            -5.935544
          ],
          [
            106.001298,
            -5.935498
          ],
          [
            106.00157,
            -5.935282
          ],
          [
            106.001842,
            -5.935067
          ],
          [
            106.002003,
            -5.93584
          ],
          [
            106.002163,
            -5.936613
          ],
          [
            106.001695,
            -5.937857
          ],
          [
            106.001228,
            -5.9391
          ],
          [
            106.001327,
            -5.939709
          ],
          [
            106.001426,
            -5.940317
          ],
          [
            106.001881,
            -5.941111
          ],
          [
            106.002337,
            -5.941905
          ],
          [
            106.002673,
            -5.942709
          ],
          [
            106.003009,
            -5.943513
          ],
          [
            106.00276,
            -5.944396
          ],
          [
            106.002511,
            -5.94528
          ],
          [
            106.00257,
            -5.945759
          ],
          [
            106.00263,
            -5.946237
          ],
          [
            106.002724,
            -5.947029
          ],
          [
            106.002819,
            -5.94782
          ],
          [
            106.002139,
            -5.949248
          ],
          [
            106.001458,
            -5.950676
          ],
          [
            106.000428,
            -5.952616
          ],
          [
            105.999397,
            -5.954557
          ],
          [
            105.999547,
            -5.956166
          ],
          [
            105.999696,
            -5.957774
          ],
          [
            105.999981,
            -5.959478
          ],
          [
            106.000267,
            -5.961181
          ],
          [
            106.001184,
            -5.962492
          ],
          [
            106.002102,
            -5.963803
          ],
          [
            106.002783,
            -5.964886
          ],
          [
            106.003464,
            -5.965969
          ],
          [
            106.003848,
            -5.966814
          ],
          [
            106.004231,
            -5.967658
          ],
          [
            106.004582,
            -5.968457
          ],
          [
            106.004933,
            -5.969255
          ],
          [
            106.005387,
            -5.970118
          ],
          [
            106.005842,
            -5.97098
          ],
          [
            106.006035,
            -5.971376
          ],
          [
            106.006228,
            -5.971771
          ],
          [
            106.006949,
            -5.97308
          ],
          [
            106.007671,
            -5.974388
          ],
          [
            106.008176,
            -5.975195
          ],
          [
            106.008682,
            -5.976001
          ],
          [
            106.008462,
            -5.976517
          ],
          [
            106.008242,
            -5.977033
          ],
          [
            106.008246,
            -5.977447
          ],
          [
            106.008249,
            -5.977861
          ],
          [
            106.008464,
            -5.979058
          ],
          [
            106.008678,
            -5.980255
          ],
          [
            106.008845,
            -5.981001
          ],
          [
            106.009012,
            -5.981748
          ],
          [
            106.009352,
            -5.982049
          ],
          [
            106.009692,
            -5.98235
          ],
          [
            106.010437,
            -5.982596
          ],
          [
            106.011183,
            -5.982843
          ],
          [
            106.012154,
            -5.98294
          ],
          [
            106.013125,
            -5.983037
          ],
          [
            106.01394,
            -5.983088
          ],
          [
            106.014755,
            -5.983139
          ],
          [
            106.0156,
            -5.983546
          ],
          [
            106.016445,
            -5.983953
          ],
          [
            106.016956,
            -5.984452
          ],
          [
            106.017468,
            -5.984952
          ],
          [
            106.017923,
            -5.985682
          ],
          [
            106.018379,
            -5.986412
          ],
          [
            106.018991,
            -5.986827
          ],
          [
            106.019603,
            -5.987242
          ],
          [
            106.020783,
            -5.987707
          ],
          [
            106.021964,
            -5.988172
          ],
          [
            106.022945,
            -5.988786
          ],
          [
            106.023927,
            -5.9894
          ],
          [
            106.025858,
            -5.990295
          ],
          [
            106.027789,
            -5.991189
          ],
          [
            106.027873,
            -5.992765
          ],
          [
            106.027958,
            -5.994341
          ],
          [
            106.025236,
            -5.995042
          ],
          [
            106.022514,
            -5.995743
          ],
          [
            106.022499,
            -5.999045
          ],
          [
            106.022484,
            -6.002348
          ],
          [
            106.023636,
            -6.002619
          ],
          [
            106.024787,
            -6.00289
          ]
        ]
      }
    },
    {
      "type": "Feature",
      "properties": {
        "trip_id": 28,
        "nama": "Trip 28 (K-04)",
        "kendaraan": "Truk tangki 30KL",
        "kode_kendaraan": "K-04",
        "trayek": "Serang \u2013 Cilegon",
        "arah": "Depo Serang ke Terminal Cilegon",
        "hari": "Kamis",
        "tanggal": "06-03-2025",
        "jam_mulai": "04:58",
        "jam_selesai": "05:41",
        "jam_berangkat": 4,
        "durasi_menit": 43.9,
        "kecepatan_rata": 39.1,
        "kecepatan_maks": 51.0,
        "jumlah_titik": 87,
        "jarak_km": 28.64,
        "liter_total": 9.21,
        "liter_jalan": 9.21,
        "liter_idle": 0.0,
        "menit_idle": 0.1,
        "liter_per_100km": 32.16,
        "km_per_liter": 3.11,
        "biaya_rp": 62628,
        "liter_boros": 0.26,
        "biaya_boros_rp": 1768,
        "jenis_bbm": "Biosolar",
        "harga_per_liter": 6800,
        "malam": true,
        "status_efisiensi": "Efisien"
      },
      "geometry": {
        "type": "LineString",
        "coordinates": [
          [
            106.184492,
            -6.120401
          ],
          [
            106.18302,
            -6.120006
          ],
          [
            106.181548,
            -6.119611
          ],
          [
            106.181962,
            -6.11819
          ],
          [
            106.182376,
            -6.116769
          ],
          [
            106.183165,
            -6.11523
          ],
          [
            106.183954,
            -6.113691
          ],
          [
            106.182965,
            -6.112462
          ],
          [
            106.181977,
            -6.111233
          ],
          [
            106.178041,
            -6.107071
          ],
          [
            106.174104,
            -6.10291
          ],
          [
            106.172775,
            -6.101555
          ],
          [
            106.171446,
            -6.100201
          ],
          [
            106.170243,
            -6.099287
          ],
          [
            106.169039,
            -6.098373
          ],
          [
            106.167923,
            -6.097544
          ],
          [
            106.166806,
            -6.096714
          ],
          [
            106.164179,
            -6.095384
          ],
          [
            106.161552,
            -6.094054
          ],
          [
            106.150789,
            -6.090362
          ],
          [
            106.140026,
            -6.086671
          ],
          [
            106.138655,
            -6.086009
          ],
          [
            106.137283,
            -6.085348
          ],
          [
            106.135965,
            -6.084086
          ],
          [
            106.134648,
            -6.082823
          ],
          [
            106.128433,
            -6.071108
          ],
          [
            106.122219,
            -6.059393
          ],
          [
            106.120039,
            -6.055872
          ],
          [
            106.11786,
            -6.052352
          ],
          [
            106.116649,
            -6.050965
          ],
          [
            106.115439,
            -6.049578
          ],
          [
            106.111776,
            -6.046235
          ],
          [
            106.108113,
            -6.042891
          ],
          [
            106.106827,
            -6.041576
          ],
          [
            106.10554,
            -6.04026
          ],
          [
            106.10378,
            -6.037822
          ],
          [
            106.102019,
            -6.035384
          ],
          [
            106.099596,
            -6.031515
          ],
          [
            106.097174,
            -6.027647
          ],
          [
            106.095443,
            -6.025531
          ],
          [
            106.093712,
            -6.023414
          ],
          [
            106.092225,
            -6.022845
          ],
          [
            106.090738,
            -6.022276
          ],
          [
            106.089192,
            -6.02324
          ],
          [
            106.087646,
            -6.024204
          ],
          [
            106.086703,
            -6.02497
          ],
          [
            106.085761,
            -6.025735
          ],
          [
            106.085247,
            -6.028745
          ],
          [
            106.084733,
            -6.031754
          ],
          [
            106.083847,
            -6.032953
          ],
          [
            106.082962,
            -6.034152
          ],
          [
            106.081626,
            -6.033387
          ],
          [
            106.080289,
            -6.032623
          ],
          [
            106.079026,
            -6.031683
          ],
          [
            106.077762,
            -6.030743
          ],
          [
            106.072342,
            -6.027209
          ],
          [
            106.066922,
            -6.023674
          ],
          [
            106.064022,
            -6.022251
          ],
          [
            106.061123,
            -6.020827
          ],
          [
            106.056438,
            -6.018808
          ],
          [
            106.051754,
            -6.016789
          ],
          [
            106.050271,
            -6.016001
          ],
          [
            106.048787,
            -6.015214
          ],
          [
            106.046452,
            -6.013647
          ],
          [
            106.044116,
            -6.012079
          ],
          [
            106.043044,
            -6.011188
          ],
          [
            106.041972,
            -6.010297
          ],
          [
            106.0413,
            -6.008942
          ],
          [
            106.040627,
            -6.007588
          ],
          [
            106.036017,
            -6.001115
          ],
          [
            106.031408,
            -5.994642
          ],
          [
            106.030219,
            -5.994061
          ],
          [
            106.02903,
            -5.99348
          ],
          [
            106.028137,
            -5.994473
          ],
          [
            106.027244,
            -5.995467
          ],
          [
            106.025915,
            -5.995702
          ],
          [
            106.024587,
            -5.995937
          ],
          [
            106.023599,
            -5.99672
          ],
          [
            106.022612,
            -5.997503
          ],
          [
            106.022582,
            -5.999339
          ],
          [
            106.022552,
            -6.001174
          ],
          [
            106.023665,
            -6.001934
          ],
          [
            106.024778,
            -6.002694
          ],
          [
            106.025294,
            -6.002762
          ],
          [
            106.02581,
            -6.00283
          ],
          [
            106.025299,
            -6.00286
          ],
          [
            106.024787,
            -6.00289
          ]
        ]
      }
    },
    {
      "type": "Feature",
      "properties": {
        "trip_id": 29,
        "nama": "Trip 29 (K-04)",
        "kendaraan": "Truk tangki 30KL",
        "kode_kendaraan": "K-04",
        "trayek": "Serang \u2013 Cilegon",
        "arah": "Terminal Cilegon ke Depo Serang",
        "hari": "Kamis",
        "tanggal": "06-03-2025",
        "jam_mulai": "10:08",
        "jam_selesai": "11:06",
        "jam_berangkat": 10,
        "durasi_menit": 58.2,
        "kecepatan_rata": 29.4,
        "kecepatan_maks": 37.1,
        "jumlah_titik": 87,
        "jarak_km": 28.52,
        "liter_total": 10.39,
        "liter_jalan": 10.33,
        "liter_idle": 0.06,
        "menit_idle": 1.9,
        "liter_per_100km": 36.43,
        "km_per_liter": 2.76,
        "biaya_rp": 70652,
        "liter_boros": 1.48,
        "biaya_boros_rp": 10064,
        "jenis_bbm": "Biosolar",
        "harga_per_liter": 6800,
        "malam": false,
        "status_efisiensi": "Normal"
      },
      "geometry": {
        "type": "LineString",
        "coordinates": [
          [
            106.024787,
            -6.00289
          ],
          [
            106.025299,
            -6.00286
          ],
          [
            106.02581,
            -6.00283
          ],
          [
            106.025294,
            -6.002762
          ],
          [
            106.024778,
            -6.002694
          ],
          [
            106.023665,
            -6.001934
          ],
          [
            106.022552,
            -6.001174
          ],
          [
            106.022582,
            -5.999339
          ],
          [
            106.022612,
            -5.997503
          ],
          [
            106.023599,
            -5.99672
          ],
          [
            106.024587,
            -5.995937
          ],
          [
            106.025915,
            -5.995702
          ],
          [
            106.027244,
            -5.995467
          ],
          [
            106.028137,
            -5.994473
          ],
          [
            106.02903,
            -5.99348
          ],
          [
            106.030219,
            -5.994061
          ],
          [
            106.031408,
            -5.994642
          ],
          [
            106.036017,
            -6.001115
          ],
          [
            106.040627,
            -6.007588
          ],
          [
            106.0413,
            -6.008942
          ],
          [
            106.041972,
            -6.010297
          ],
          [
            106.043044,
            -6.011188
          ],
          [
            106.044116,
            -6.012079
          ],
          [
            106.046452,
            -6.013647
          ],
          [
            106.048787,
            -6.015214
          ],
          [
            106.050271,
            -6.016001
          ],
          [
            106.051754,
            -6.016789
          ],
          [
            106.056438,
            -6.018808
          ],
          [
            106.061123,
            -6.020827
          ],
          [
            106.064022,
            -6.022251
          ],
          [
            106.066922,
            -6.023674
          ],
          [
            106.072342,
            -6.027209
          ],
          [
            106.077762,
            -6.030743
          ],
          [
            106.079026,
            -6.031683
          ],
          [
            106.080289,
            -6.032623
          ],
          [
            106.081626,
            -6.033387
          ],
          [
            106.082962,
            -6.034152
          ],
          [
            106.083847,
            -6.032953
          ],
          [
            106.084733,
            -6.031754
          ],
          [
            106.085247,
            -6.028745
          ],
          [
            106.085761,
            -6.025735
          ],
          [
            106.086703,
            -6.02497
          ],
          [
            106.087646,
            -6.024204
          ],
          [
            106.089192,
            -6.02324
          ],
          [
            106.090738,
            -6.022276
          ],
          [
            106.092225,
            -6.022845
          ],
          [
            106.093712,
            -6.023414
          ],
          [
            106.095443,
            -6.025531
          ],
          [
            106.097174,
            -6.027647
          ],
          [
            106.099596,
            -6.031515
          ],
          [
            106.102019,
            -6.035384
          ],
          [
            106.10378,
            -6.037822
          ],
          [
            106.10554,
            -6.04026
          ],
          [
            106.106827,
            -6.041576
          ],
          [
            106.108113,
            -6.042891
          ],
          [
            106.111776,
            -6.046235
          ],
          [
            106.115439,
            -6.049578
          ],
          [
            106.116649,
            -6.050965
          ],
          [
            106.11786,
            -6.052352
          ],
          [
            106.120039,
            -6.055872
          ],
          [
            106.122219,
            -6.059393
          ],
          [
            106.128433,
            -6.071108
          ],
          [
            106.134648,
            -6.082823
          ],
          [
            106.135965,
            -6.084086
          ],
          [
            106.137283,
            -6.085348
          ],
          [
            106.138655,
            -6.086009
          ],
          [
            106.140026,
            -6.086671
          ],
          [
            106.150789,
            -6.090362
          ],
          [
            106.161552,
            -6.094054
          ],
          [
            106.164179,
            -6.095384
          ],
          [
            106.166806,
            -6.096714
          ],
          [
            106.167923,
            -6.097544
          ],
          [
            106.169039,
            -6.098373
          ],
          [
            106.170243,
            -6.099287
          ],
          [
            106.171446,
            -6.100201
          ],
          [
            106.172775,
            -6.101555
          ],
          [
            106.174104,
            -6.10291
          ],
          [
            106.178041,
            -6.107071
          ],
          [
            106.181977,
            -6.111233
          ],
          [
            106.182965,
            -6.112462
          ],
          [
            106.183954,
            -6.113691
          ],
          [
            106.183165,
            -6.11523
          ],
          [
            106.182376,
            -6.116769
          ],
          [
            106.181962,
            -6.11819
          ],
          [
            106.181548,
            -6.119611
          ],
          [
            106.18302,
            -6.120006
          ],
          [
            106.184492,
            -6.120401
          ]
        ]
      }
    },
    {
      "type": "Feature",
      "properties": {
        "trip_id": 30,
        "nama": "Trip 30 (K-04)",
        "kendaraan": "Truk tangki 30KL",
        "kode_kendaraan": "K-04",
        "trayek": "Serang \u2013 Cilegon",
        "arah": "Depo Serang ke Terminal Cilegon",
        "hari": "Kamis",
        "tanggal": "06-03-2025",
        "jam_mulai": "16:39",
        "jam_selesai": "18:25",
        "jam_berangkat": 16,
        "durasi_menit": 106.8,
        "kecepatan_rata": 16.1,
        "kecepatan_maks": 22.8,
        "jumlah_titik": 87,
        "jarak_km": 28.69,
        "liter_total": 11.57,
        "liter_jalan": 11.43,
        "liter_idle": 0.14,
        "menit_idle": 3.4,
        "liter_per_100km": 40.33,
        "km_per_liter": 2.51,
        "biaya_rp": 78676,
        "liter_boros": 2.6,
        "biaya_boros_rp": 17680,
        "jenis_bbm": "Biosolar",
        "harga_per_liter": 6800,
        "malam": false,
        "status_efisiensi": "Boros"
      },
      "geometry": {
        "type": "LineString",
        "coordinates": [
          [
            106.184492,
            -6.120401
          ],
          [
            106.18302,
            -6.120006
          ],
          [
            106.181548,
            -6.119611
          ],
          [
            106.181962,
            -6.11819
          ],
          [
            106.182376,
            -6.116769
          ],
          [
            106.183165,
            -6.11523
          ],
          [
            106.183954,
            -6.113691
          ],
          [
            106.182965,
            -6.112462
          ],
          [
            106.181977,
            -6.111233
          ],
          [
            106.178041,
            -6.107071
          ],
          [
            106.174104,
            -6.10291
          ],
          [
            106.172775,
            -6.101555
          ],
          [
            106.171446,
            -6.100201
          ],
          [
            106.170243,
            -6.099287
          ],
          [
            106.169039,
            -6.098373
          ],
          [
            106.167923,
            -6.097544
          ],
          [
            106.166806,
            -6.096714
          ],
          [
            106.164179,
            -6.095384
          ],
          [
            106.161552,
            -6.094054
          ],
          [
            106.150789,
            -6.090362
          ],
          [
            106.140026,
            -6.086671
          ],
          [
            106.138655,
            -6.086009
          ],
          [
            106.137283,
            -6.085348
          ],
          [
            106.135965,
            -6.084086
          ],
          [
            106.134648,
            -6.082823
          ],
          [
            106.128433,
            -6.071108
          ],
          [
            106.122219,
            -6.059393
          ],
          [
            106.120039,
            -6.055872
          ],
          [
            106.11786,
            -6.052352
          ],
          [
            106.116649,
            -6.050965
          ],
          [
            106.115439,
            -6.049578
          ],
          [
            106.111776,
            -6.046235
          ],
          [
            106.108113,
            -6.042891
          ],
          [
            106.106827,
            -6.041576
          ],
          [
            106.10554,
            -6.04026
          ],
          [
            106.10378,
            -6.037822
          ],
          [
            106.102019,
            -6.035384
          ],
          [
            106.099596,
            -6.031515
          ],
          [
            106.097174,
            -6.027647
          ],
          [
            106.095443,
            -6.025531
          ],
          [
            106.093712,
            -6.023414
          ],
          [
            106.092225,
            -6.022845
          ],
          [
            106.090738,
            -6.022276
          ],
          [
            106.089192,
            -6.02324
          ],
          [
            106.087646,
            -6.024204
          ],
          [
            106.086703,
            -6.02497
          ],
          [
            106.085761,
            -6.025735
          ],
          [
            106.085247,
            -6.028745
          ],
          [
            106.084733,
            -6.031754
          ],
          [
            106.083847,
            -6.032953
          ],
          [
            106.082962,
            -6.034152
          ],
          [
            106.081626,
            -6.033387
          ],
          [
            106.080289,
            -6.032623
          ],
          [
            106.079026,
            -6.031683
          ],
          [
            106.077762,
            -6.030743
          ],
          [
            106.072342,
            -6.027209
          ],
          [
            106.066922,
            -6.023674
          ],
          [
            106.064022,
            -6.022251
          ],
          [
            106.061123,
            -6.020827
          ],
          [
            106.056438,
            -6.018808
          ],
          [
            106.051754,
            -6.016789
          ],
          [
            106.050271,
            -6.016001
          ],
          [
            106.048787,
            -6.015214
          ],
          [
            106.046452,
            -6.013647
          ],
          [
            106.044116,
            -6.012079
          ],
          [
            106.043044,
            -6.011188
          ],
          [
            106.041972,
            -6.010297
          ],
          [
            106.0413,
            -6.008942
          ],
          [
            106.040627,
            -6.007588
          ],
          [
            106.036017,
            -6.001115
          ],
          [
            106.031408,
            -5.994642
          ],
          [
            106.030219,
            -5.994061
          ],
          [
            106.02903,
            -5.99348
          ],
          [
            106.028137,
            -5.994473
          ],
          [
            106.027244,
            -5.995467
          ],
          [
            106.025915,
            -5.995702
          ],
          [
            106.024587,
            -5.995937
          ],
          [
            106.023599,
            -5.99672
          ],
          [
            106.022612,
            -5.997503
          ],
          [
            106.022582,
            -5.999339
          ],
          [
            106.022552,
            -6.001174
          ],
          [
            106.023665,
            -6.001934
          ],
          [
            106.024778,
            -6.002694
          ],
          [
            106.025294,
            -6.002762
          ],
          [
            106.02581,
            -6.00283
          ],
          [
            106.025299,
            -6.00286
          ],
          [
            106.024787,
            -6.00289
          ]
        ]
      }
    },
    {
      "type": "Feature",
      "properties": {
        "trip_id": 31,
        "nama": "Trip 31 (K-07)",
        "kendaraan": "Truk tangki 16KL",
        "kode_kendaraan": "K-07",
        "trayek": "Serang \u2013 Anyer",
        "arah": "Depo Serang ke SPBU / Kawasan Anyer",
        "hari": "Kamis",
        "tanggal": "06-03-2025",
        "jam_mulai": "04:47",
        "jam_selesai": "05:46",
        "jam_berangkat": 4,
        "durasi_menit": 59.6,
        "kecepatan_rata": 39.1,
        "kecepatan_maks": 48.9,
        "jumlah_titik": 109,
        "jarak_km": 38.88,
        "liter_total": 12.38,
        "liter_jalan": 12.38,
        "liter_idle": 0.0,
        "menit_idle": 0.1,
        "liter_per_100km": 31.84,
        "km_per_liter": 3.14,
        "biaya_rp": 84184,
        "liter_boros": 0.23,
        "biaya_boros_rp": 1564,
        "jenis_bbm": "Biosolar",
        "harga_per_liter": 6800,
        "malam": true,
        "status_efisiensi": "Efisien"
      },
      "geometry": {
        "type": "LineString",
        "coordinates": [
          [
            106.184492,
            -6.120401
          ],
          [
            106.182988,
            -6.120449
          ],
          [
            106.181485,
            -6.120497
          ],
          [
            106.181689,
            -6.119015
          ],
          [
            106.181893,
            -6.117534
          ],
          [
            106.18275,
            -6.116447
          ],
          [
            106.183607,
            -6.115361
          ],
          [
            106.183838,
            -6.114493
          ],
          [
            106.184069,
            -6.113625
          ],
          [
            106.180187,
            -6.109409
          ],
          [
            106.176306,
            -6.105193
          ],
          [
            106.170921,
            -6.100575
          ],
          [
            106.165536,
            -6.095958
          ],
          [
            106.158769,
            -6.093378
          ],
          [
            106.152001,
            -6.090798
          ],
          [
            106.145865,
            -6.088704
          ],
          [
            106.139728,
            -6.08661
          ],
          [
            106.135638,
            -6.081891
          ],
          [
            106.131547,
            -6.077171
          ],
          [
            106.126623,
            -6.067851
          ],
          [
            106.1217,
            -6.058531
          ],
          [
            106.119329,
            -6.054898
          ],
          [
            106.116959,
            -6.051265
          ],
          [
            106.112505,
            -6.047156
          ],
          [
            106.108051,
            -6.043048
          ],
          [
            106.105373,
            -6.039813
          ],
          [
            106.102696,
            -6.036578
          ],
          [
            106.098298,
            -6.030036
          ],
          [
            106.093901,
            -6.023493
          ],
          [
            106.093069,
            -6.022763
          ],
          [
            106.092237,
            -6.022034
          ],
          [
            106.091267,
            -6.022133
          ],
          [
            106.090297,
            -6.022233
          ],
          [
            106.088664,
            -6.023358
          ],
          [
            106.087031,
            -6.024483
          ],
          [
            106.086275,
            -6.025137
          ],
          [
            106.085519,
            -6.025791
          ],
          [
            106.085363,
            -6.028265
          ],
          [
            106.085206,
            -6.03074
          ],
          [
            106.08464,
            -6.031801
          ],
          [
            106.084073,
            -6.032862
          ],
          [
            106.083619,
            -6.033632
          ],
          [
            106.083165,
            -6.034402
          ],
          [
            106.081554,
            -6.033392
          ],
          [
            106.079943,
            -6.032382
          ],
          [
            106.077923,
            -6.030944
          ],
          [
            106.075904,
            -6.029506
          ],
          [
            106.073596,
            -6.027943
          ],
          [
            106.071289,
            -6.02638
          ],
          [
            106.068114,
            -6.024512
          ],
          [
            106.064939,
            -6.022644
          ],
          [
            106.060982,
            -6.020935
          ],
          [
            106.057025,
            -6.019226
          ],
          [
            106.053745,
            -6.017736
          ],
          [
            106.050465,
            -6.016247
          ],
          [
            106.048385,
            -6.014927
          ],
          [
            106.046306,
            -6.013608
          ],
          [
            106.045749,
            -6.013208
          ],
          [
            106.045191,
            -6.012807
          ],
          [
            106.043406,
            -6.012175
          ],
          [
            106.041621,
            -6.011543
          ],
          [
            106.037239,
            -6.01086
          ],
          [
            106.032856,
            -6.010176
          ],
          [
            106.028951,
            -6.009626
          ],
          [
            106.025045,
            -6.009075
          ],
          [
            106.021793,
            -6.009984
          ],
          [
            106.01854,
            -6.010892
          ],
          [
            106.0155,
            -6.011474
          ],
          [
            106.01246,
            -6.012056
          ],
          [
            106.009563,
            -6.012134
          ],
          [
            106.006667,
            -6.012211
          ],
          [
            106.003198,
            -6.01184
          ],
          [
            105.99973,
            -6.01147
          ],
          [
            105.996921,
            -6.010867
          ],
          [
            105.994113,
            -6.010265
          ],
          [
            105.988977,
            -6.011052
          ],
          [
            105.983841,
            -6.01184
          ],
          [
            105.980132,
            -6.013607
          ],
          [
            105.976423,
            -6.015375
          ],
          [
            105.973485,
            -6.016651
          ],
          [
            105.970547,
            -6.017927
          ],
          [
            105.969919,
            -6.018326
          ],
          [
            105.969291,
            -6.018725
          ],
          [
            105.967025,
            -6.02085
          ],
          [
            105.964758,
            -6.022975
          ],
          [
            105.963127,
            -6.023462
          ],
          [
            105.961495,
            -6.023949
          ],
          [
            105.958851,
            -6.023233
          ],
          [
            105.956207,
            -6.022516
          ],
          [
            105.953825,
            -6.02342
          ],
          [
            105.951444,
            -6.024323
          ],
          [
            105.950308,
            -6.025311
          ],
          [
            105.949172,
            -6.0263
          ],
          [
            105.945886,
            -6.028849
          ],
          [
            105.9426,
            -6.031397
          ],
          [
            105.939526,
            -6.033191
          ],
          [
            105.936452,
            -6.034985
          ],
          [
            105.933928,
            -6.036134
          ],
          [
            105.931403,
            -6.037284
          ],
          [
            105.929077,
            -6.038605
          ],
          [
            105.92675,
            -6.039927
          ],
          [
            105.926202,
            -6.040842
          ],
          [
            105.925654,
            -6.041757
          ],
          [
            105.925629,
            -6.043299
          ],
          [
            105.925605,
            -6.044842
          ],
          [
            105.925298,
            -6.04665
          ],
          [
            105.924992,
            -6.048458
          ],
          [
            105.923865,
            -6.050837
          ],
          [
            105.922737,
            -6.053216
          ]
        ]
      }
    },
    {
      "type": "Feature",
      "properties": {
        "trip_id": 32,
        "nama": "Trip 32 (K-07)",
        "kendaraan": "Truk tangki 16KL",
        "kode_kendaraan": "K-07",
        "trayek": "Serang \u2013 Anyer",
        "arah": "SPBU / Kawasan Anyer ke Depo Serang",
        "hari": "Kamis",
        "tanggal": "06-03-2025",
        "jam_mulai": "10:16",
        "jam_selesai": "11:32",
        "jam_berangkat": 10,
        "durasi_menit": 76.9,
        "kecepatan_rata": 30.1,
        "kecepatan_maks": 39.6,
        "jumlah_titik": 109,
        "jarak_km": 38.54,
        "liter_total": 13.7,
        "liter_jalan": 13.67,
        "liter_idle": 0.03,
        "menit_idle": 1.1,
        "liter_per_100km": 35.55,
        "km_per_liter": 2.82,
        "biaya_rp": 93160,
        "liter_boros": 1.66,
        "biaya_boros_rp": 11288,
        "jenis_bbm": "Biosolar",
        "harga_per_liter": 6800,
        "malam": false,
        "status_efisiensi": "Normal"
      },
      "geometry": {
        "type": "LineString",
        "coordinates": [
          [
            105.922737,
            -6.053216
          ],
          [
            105.923865,
            -6.050837
          ],
          [
            105.924992,
            -6.048458
          ],
          [
            105.925298,
            -6.04665
          ],
          [
            105.925605,
            -6.044842
          ],
          [
            105.925629,
            -6.043299
          ],
          [
            105.925654,
            -6.041757
          ],
          [
            105.926202,
            -6.040842
          ],
          [
            105.92675,
            -6.039927
          ],
          [
            105.929077,
            -6.038605
          ],
          [
            105.931403,
            -6.037284
          ],
          [
            105.933928,
            -6.036134
          ],
          [
            105.936452,
            -6.034985
          ],
          [
            105.939526,
            -6.033191
          ],
          [
            105.9426,
            -6.031397
          ],
          [
            105.945886,
            -6.028849
          ],
          [
            105.949172,
            -6.0263
          ],
          [
            105.950308,
            -6.025311
          ],
          [
            105.951444,
            -6.024323
          ],
          [
            105.953825,
            -6.02342
          ],
          [
            105.956207,
            -6.022516
          ],
          [
            105.958851,
            -6.023233
          ],
          [
            105.961495,
            -6.023949
          ],
          [
            105.963127,
            -6.023462
          ],
          [
            105.964758,
            -6.022975
          ],
          [
            105.967025,
            -6.02085
          ],
          [
            105.969291,
            -6.018725
          ],
          [
            105.969919,
            -6.018326
          ],
          [
            105.970547,
            -6.017927
          ],
          [
            105.973485,
            -6.016651
          ],
          [
            105.976423,
            -6.015375
          ],
          [
            105.980132,
            -6.013607
          ],
          [
            105.983841,
            -6.01184
          ],
          [
            105.988977,
            -6.011052
          ],
          [
            105.994113,
            -6.010265
          ],
          [
            105.996921,
            -6.010867
          ],
          [
            105.99973,
            -6.01147
          ],
          [
            106.003198,
            -6.01184
          ],
          [
            106.006667,
            -6.012211
          ],
          [
            106.009563,
            -6.012134
          ],
          [
            106.01246,
            -6.012056
          ],
          [
            106.0155,
            -6.011474
          ],
          [
            106.01854,
            -6.010892
          ],
          [
            106.021793,
            -6.009984
          ],
          [
            106.025045,
            -6.009075
          ],
          [
            106.028951,
            -6.009626
          ],
          [
            106.032856,
            -6.010176
          ],
          [
            106.037239,
            -6.01086
          ],
          [
            106.041621,
            -6.011543
          ],
          [
            106.043406,
            -6.012175
          ],
          [
            106.045191,
            -6.012807
          ],
          [
            106.045749,
            -6.013208
          ],
          [
            106.046306,
            -6.013608
          ],
          [
            106.048385,
            -6.014927
          ],
          [
            106.050465,
            -6.016247
          ],
          [
            106.053745,
            -6.017736
          ],
          [
            106.057025,
            -6.019226
          ],
          [
            106.060982,
            -6.020935
          ],
          [
            106.064939,
            -6.022644
          ],
          [
            106.068114,
            -6.024512
          ],
          [
            106.071289,
            -6.02638
          ],
          [
            106.073596,
            -6.027943
          ],
          [
            106.075904,
            -6.029506
          ],
          [
            106.077923,
            -6.030944
          ],
          [
            106.079943,
            -6.032382
          ],
          [
            106.081554,
            -6.033392
          ],
          [
            106.083165,
            -6.034402
          ],
          [
            106.083619,
            -6.033632
          ],
          [
            106.084073,
            -6.032862
          ],
          [
            106.08464,
            -6.031801
          ],
          [
            106.085206,
            -6.03074
          ],
          [
            106.085363,
            -6.028265
          ],
          [
            106.085519,
            -6.025791
          ],
          [
            106.086275,
            -6.025137
          ],
          [
            106.087031,
            -6.024483
          ],
          [
            106.088664,
            -6.023358
          ],
          [
            106.090297,
            -6.022233
          ],
          [
            106.091267,
            -6.022133
          ],
          [
            106.092237,
            -6.022034
          ],
          [
            106.093069,
            -6.022763
          ],
          [
            106.093901,
            -6.023493
          ],
          [
            106.098298,
            -6.030036
          ],
          [
            106.102696,
            -6.036578
          ],
          [
            106.105373,
            -6.039813
          ],
          [
            106.108051,
            -6.043048
          ],
          [
            106.112505,
            -6.047156
          ],
          [
            106.116959,
            -6.051265
          ],
          [
            106.119329,
            -6.054898
          ],
          [
            106.1217,
            -6.058531
          ],
          [
            106.126623,
            -6.067851
          ],
          [
            106.131547,
            -6.077171
          ],
          [
            106.135638,
            -6.081891
          ],
          [
            106.139728,
            -6.08661
          ],
          [
            106.145865,
            -6.088704
          ],
          [
            106.152001,
            -6.090798
          ],
          [
            106.158769,
            -6.093378
          ],
          [
            106.165536,
            -6.095958
          ],
          [
            106.170921,
            -6.100575
          ],
          [
            106.176306,
            -6.105193
          ],
          [
            106.180187,
            -6.109409
          ],
          [
            106.184069,
            -6.113625
          ],
          [
            106.183838,
            -6.114493
          ],
          [
            106.183607,
            -6.115361
          ],
          [
            106.18275,
            -6.116447
          ],
          [
            106.181893,
            -6.117534
          ],
          [
            106.181689,
            -6.119015
          ],
          [
            106.181485,
            -6.120497
          ],
          [
            106.182988,
            -6.120449
          ],
          [
            106.184492,
            -6.120401
          ]
        ]
      }
    },
    {
      "type": "Feature",
      "properties": {
        "trip_id": 33,
        "nama": "Trip 33 (K-07)",
        "kendaraan": "Truk tangki 16KL",
        "kode_kendaraan": "K-07",
        "trayek": "Serang \u2013 Anyer",
        "arah": "Depo Serang ke SPBU / Kawasan Anyer",
        "hari": "Kamis",
        "tanggal": "06-03-2025",
        "jam_mulai": "16:47",
        "jam_selesai": "19:13",
        "jam_berangkat": 16,
        "durasi_menit": 146.1,
        "kecepatan_rata": 15.8,
        "kecepatan_maks": 21.3,
        "jumlah_titik": 109,
        "jarak_km": 38.56,
        "liter_total": 15.83,
        "liter_jalan": 15.61,
        "liter_idle": 0.22,
        "menit_idle": 5.4,
        "liter_per_100km": 41.05,
        "km_per_liter": 2.47,
        "biaya_rp": 107644,
        "liter_boros": 3.78,
        "biaya_boros_rp": 25704,
        "jenis_bbm": "Biosolar",
        "harga_per_liter": 6800,
        "malam": false,
        "status_efisiensi": "Boros"
      },
      "geometry": {
        "type": "LineString",
        "coordinates": [
          [
            106.184492,
            -6.120401
          ],
          [
            106.182988,
            -6.120449
          ],
          [
            106.181485,
            -6.120497
          ],
          [
            106.181689,
            -6.119015
          ],
          [
            106.181893,
            -6.117534
          ],
          [
            106.18275,
            -6.116447
          ],
          [
            106.183607,
            -6.115361
          ],
          [
            106.183838,
            -6.114493
          ],
          [
            106.184069,
            -6.113625
          ],
          [
            106.180187,
            -6.109409
          ],
          [
            106.176306,
            -6.105193
          ],
          [
            106.170921,
            -6.100575
          ],
          [
            106.165536,
            -6.095958
          ],
          [
            106.158769,
            -6.093378
          ],
          [
            106.152001,
            -6.090798
          ],
          [
            106.145865,
            -6.088704
          ],
          [
            106.139728,
            -6.08661
          ],
          [
            106.135638,
            -6.081891
          ],
          [
            106.131547,
            -6.077171
          ],
          [
            106.126623,
            -6.067851
          ],
          [
            106.1217,
            -6.058531
          ],
          [
            106.119329,
            -6.054898
          ],
          [
            106.116959,
            -6.051265
          ],
          [
            106.112505,
            -6.047156
          ],
          [
            106.108051,
            -6.043048
          ],
          [
            106.105373,
            -6.039813
          ],
          [
            106.102696,
            -6.036578
          ],
          [
            106.098298,
            -6.030036
          ],
          [
            106.093901,
            -6.023493
          ],
          [
            106.093069,
            -6.022763
          ],
          [
            106.092237,
            -6.022034
          ],
          [
            106.091267,
            -6.022133
          ],
          [
            106.090297,
            -6.022233
          ],
          [
            106.088664,
            -6.023358
          ],
          [
            106.087031,
            -6.024483
          ],
          [
            106.086275,
            -6.025137
          ],
          [
            106.085519,
            -6.025791
          ],
          [
            106.085363,
            -6.028265
          ],
          [
            106.085206,
            -6.03074
          ],
          [
            106.08464,
            -6.031801
          ],
          [
            106.084073,
            -6.032862
          ],
          [
            106.083619,
            -6.033632
          ],
          [
            106.083165,
            -6.034402
          ],
          [
            106.081554,
            -6.033392
          ],
          [
            106.079943,
            -6.032382
          ],
          [
            106.077923,
            -6.030944
          ],
          [
            106.075904,
            -6.029506
          ],
          [
            106.073596,
            -6.027943
          ],
          [
            106.071289,
            -6.02638
          ],
          [
            106.068114,
            -6.024512
          ],
          [
            106.064939,
            -6.022644
          ],
          [
            106.060982,
            -6.020935
          ],
          [
            106.057025,
            -6.019226
          ],
          [
            106.053745,
            -6.017736
          ],
          [
            106.050465,
            -6.016247
          ],
          [
            106.048385,
            -6.014927
          ],
          [
            106.046306,
            -6.013608
          ],
          [
            106.045749,
            -6.013208
          ],
          [
            106.045191,
            -6.012807
          ],
          [
            106.043406,
            -6.012175
          ],
          [
            106.041621,
            -6.011543
          ],
          [
            106.037239,
            -6.01086
          ],
          [
            106.032856,
            -6.010176
          ],
          [
            106.028951,
            -6.009626
          ],
          [
            106.025045,
            -6.009075
          ],
          [
            106.021793,
            -6.009984
          ],
          [
            106.01854,
            -6.010892
          ],
          [
            106.0155,
            -6.011474
          ],
          [
            106.01246,
            -6.012056
          ],
          [
            106.009563,
            -6.012134
          ],
          [
            106.006667,
            -6.012211
          ],
          [
            106.003198,
            -6.01184
          ],
          [
            105.99973,
            -6.01147
          ],
          [
            105.996921,
            -6.010867
          ],
          [
            105.994113,
            -6.010265
          ],
          [
            105.988977,
            -6.011052
          ],
          [
            105.983841,
            -6.01184
          ],
          [
            105.980132,
            -6.013607
          ],
          [
            105.976423,
            -6.015375
          ],
          [
            105.973485,
            -6.016651
          ],
          [
            105.970547,
            -6.017927
          ],
          [
            105.969919,
            -6.018326
          ],
          [
            105.969291,
            -6.018725
          ],
          [
            105.967025,
            -6.02085
          ],
          [
            105.964758,
            -6.022975
          ],
          [
            105.963127,
            -6.023462
          ],
          [
            105.961495,
            -6.023949
          ],
          [
            105.958851,
            -6.023233
          ],
          [
            105.956207,
            -6.022516
          ],
          [
            105.953825,
            -6.02342
          ],
          [
            105.951444,
            -6.024323
          ],
          [
            105.950308,
            -6.025311
          ],
          [
            105.949172,
            -6.0263
          ],
          [
            105.945886,
            -6.028849
          ],
          [
            105.9426,
            -6.031397
          ],
          [
            105.939526,
            -6.033191
          ],
          [
            105.936452,
            -6.034985
          ],
          [
            105.933928,
            -6.036134
          ],
          [
            105.931403,
            -6.037284
          ],
          [
            105.929077,
            -6.038605
          ],
          [
            105.92675,
            -6.039927
          ],
          [
            105.926202,
            -6.040842
          ],
          [
            105.925654,
            -6.041757
          ],
          [
            105.925629,
            -6.043299
          ],
          [
            105.925605,
            -6.044842
          ],
          [
            105.925298,
            -6.04665
          ],
          [
            105.924992,
            -6.048458
          ],
          [
            105.923865,
            -6.050837
          ],
          [
            105.922737,
            -6.053216
          ]
        ]
      }
    },
    {
      "type": "Feature",
      "properties": {
        "trip_id": 34,
        "nama": "Trip 34 (K-12)",
        "kendaraan": "Truk tangki 24KL",
        "kode_kendaraan": "K-12",
        "trayek": "Cilegon \u2013 Merak",
        "arah": "Depo Cilegon ke Gerbang Pelabuhan Merak",
        "hari": "Kamis",
        "tanggal": "06-03-2025",
        "jam_mulai": "04:50",
        "jam_selesai": "05:11",
        "jam_berangkat": 4,
        "durasi_menit": 21.1,
        "kecepatan_rata": 31.6,
        "kecepatan_maks": 44.1,
        "jumlah_titik": 89,
        "jarak_km": 11.13,
        "liter_total": 3.58,
        "liter_jalan": 3.58,
        "liter_idle": 0.0,
        "menit_idle": 0.2,
        "liter_per_100km": 32.17,
        "km_per_liter": 3.11,
        "biaya_rp": 24344,
        "liter_boros": 0.1,
        "biaya_boros_rp": 680,
        "jenis_bbm": "Biosolar",
        "harga_per_liter": 6800,
        "malam": true,
        "status_efisiensi": "Efisien"
      },
      "geometry": {
        "type": "LineString",
        "coordinates": [
          [
            106.024787,
            -6.00289
          ],
          [
            106.023636,
            -6.002619
          ],
          [
            106.022484,
            -6.002348
          ],
          [
            106.022499,
            -5.999045
          ],
          [
            106.022514,
            -5.995743
          ],
          [
            106.025236,
            -5.995042
          ],
          [
            106.027958,
            -5.994341
          ],
          [
            106.027873,
            -5.992765
          ],
          [
            106.027789,
            -5.991189
          ],
          [
            106.025858,
            -5.990295
          ],
          [
            106.023927,
            -5.9894
          ],
          [
            106.022945,
            -5.988786
          ],
          [
            106.021964,
            -5.988172
          ],
          [
            106.020783,
            -5.987707
          ],
          [
            106.019603,
            -5.987242
          ],
          [
            106.018991,
            -5.986827
          ],
          [
            106.018379,
            -5.986412
          ],
          [
            106.017923,
            -5.985682
          ],
          [
            106.017468,
            -5.984952
          ],
          [
            106.016956,
            -5.984452
          ],
          [
            106.016445,
            -5.983953
          ],
          [
            106.0156,
            -5.983546
          ],
          [
            106.014755,
            -5.983139
          ],
          [
            106.01394,
            -5.983088
          ],
          [
            106.013125,
            -5.983037
          ],
          [
            106.012154,
            -5.98294
          ],
          [
            106.011183,
            -5.982843
          ],
          [
            106.010437,
            -5.982596
          ],
          [
            106.009692,
            -5.98235
          ],
          [
            106.009352,
            -5.982049
          ],
          [
            106.009012,
            -5.981748
          ],
          [
            106.008845,
            -5.981001
          ],
          [
            106.008678,
            -5.980255
          ],
          [
            106.008464,
            -5.979058
          ],
          [
            106.008249,
            -5.977861
          ],
          [
            106.008246,
            -5.977447
          ],
          [
            106.008242,
            -5.977033
          ],
          [
            106.008462,
            -5.976517
          ],
          [
            106.008682,
            -5.976001
          ],
          [
            106.008176,
            -5.975195
          ],
          [
            106.007671,
            -5.974388
          ],
          [
            106.006949,
            -5.97308
          ],
          [
            106.006228,
            -5.971771
          ],
          [
            106.006035,
            -5.971376
          ],
          [
            106.005842,
            -5.97098
          ],
          [
            106.005387,
            -5.970118
          ],
          [
            106.004933,
            -5.969255
          ],
          [
            106.004582,
            -5.968457
          ],
          [
            106.004231,
            -5.967658
          ],
          [
            106.003848,
            -5.966814
          ],
          [
            106.003464,
            -5.965969
          ],
          [
            106.002783,
            -5.964886
          ],
          [
            106.002102,
            -5.963803
          ],
          [
            106.001184,
            -5.962492
          ],
          [
            106.000267,
            -5.961181
          ],
          [
            105.999981,
            -5.959478
          ],
          [
            105.999696,
            -5.957774
          ],
          [
            105.999547,
            -5.956166
          ],
          [
            105.999397,
            -5.954557
          ],
          [
            106.000428,
            -5.952616
          ],
          [
            106.001458,
            -5.950676
          ],
          [
            106.002139,
            -5.949248
          ],
          [
            106.002819,
            -5.94782
          ],
          [
            106.002724,
            -5.947029
          ],
          [
            106.00263,
            -5.946237
          ],
          [
            106.00257,
            -5.945759
          ],
          [
            106.002511,
            -5.94528
          ],
          [
            106.00276,
            -5.944396
          ],
          [
            106.003009,
            -5.943513
          ],
          [
            106.002673,
            -5.942709
          ],
          [
            106.002337,
            -5.941905
          ],
          [
            106.001881,
            -5.941111
          ],
          [
            106.001426,
            -5.940317
          ],
          [
            106.001327,
            -5.939709
          ],
          [
            106.001228,
            -5.9391
          ],
          [
            106.001695,
            -5.937857
          ],
          [
            106.002163,
            -5.936613
          ],
          [
            106.002003,
            -5.93584
          ],
          [
            106.001842,
            -5.935067
          ],
          [
            106.00157,
            -5.935282
          ],
          [
            106.001298,
            -5.935498
          ],
          [
            106.000902,
            -5.935544
          ],
          [
            106.000507,
            -5.93559
          ],
          [
            106.000125,
            -5.935287
          ],
          [
            105.999744,
            -5.934983
          ],
          [
            105.999501,
            -5.934755
          ],
          [
            105.999257,
            -5.934526
          ],
          [
            105.998408,
            -5.933298
          ],
          [
            105.99756,
            -5.932069
          ]
        ]
      }
    },
    {
      "type": "Feature",
      "properties": {
        "trip_id": 35,
        "nama": "Trip 35 (K-12)",
        "kendaraan": "Truk tangki 24KL",
        "kode_kendaraan": "K-12",
        "trayek": "Cilegon \u2013 Merak",
        "arah": "Gerbang Pelabuhan Merak ke Depo Cilegon",
        "hari": "Kamis",
        "tanggal": "06-03-2025",
        "jam_mulai": "10:26",
        "jam_selesai": "10:55",
        "jam_berangkat": 10,
        "durasi_menit": 29.7,
        "kecepatan_rata": 23.0,
        "kecepatan_maks": 29.1,
        "jumlah_titik": 89,
        "jarak_km": 11.4,
        "liter_total": 4.05,
        "liter_jalan": 4.01,
        "liter_idle": 0.04,
        "menit_idle": 1.5,
        "liter_per_100km": 35.53,
        "km_per_liter": 2.84,
        "biaya_rp": 27540,
        "liter_boros": 0.49,
        "biaya_boros_rp": 3332,
        "jenis_bbm": "Biosolar",
        "harga_per_liter": 6800,
        "malam": false,
        "status_efisiensi": "Normal"
      },
      "geometry": {
        "type": "LineString",
        "coordinates": [
          [
            105.99756,
            -5.932069
          ],
          [
            105.998408,
            -5.933298
          ],
          [
            105.999257,
            -5.934526
          ],
          [
            105.999501,
            -5.934755
          ],
          [
            105.999744,
            -5.934983
          ],
          [
            106.000125,
            -5.935287
          ],
          [
            106.000507,
            -5.93559
          ],
          [
            106.000902,
            -5.935544
          ],
          [
            106.001298,
            -5.935498
          ],
          [
            106.00157,
            -5.935282
          ],
          [
            106.001842,
            -5.935067
          ],
          [
            106.002003,
            -5.93584
          ],
          [
            106.002163,
            -5.936613
          ],
          [
            106.001695,
            -5.937857
          ],
          [
            106.001228,
            -5.9391
          ],
          [
            106.001327,
            -5.939709
          ],
          [
            106.001426,
            -5.940317
          ],
          [
            106.001881,
            -5.941111
          ],
          [
            106.002337,
            -5.941905
          ],
          [
            106.002673,
            -5.942709
          ],
          [
            106.003009,
            -5.943513
          ],
          [
            106.00276,
            -5.944396
          ],
          [
            106.002511,
            -5.94528
          ],
          [
            106.00257,
            -5.945759
          ],
          [
            106.00263,
            -5.946237
          ],
          [
            106.002724,
            -5.947029
          ],
          [
            106.002819,
            -5.94782
          ],
          [
            106.002139,
            -5.949248
          ],
          [
            106.001458,
            -5.950676
          ],
          [
            106.000428,
            -5.952616
          ],
          [
            105.999397,
            -5.954557
          ],
          [
            105.999547,
            -5.956166
          ],
          [
            105.999696,
            -5.957774
          ],
          [
            105.999981,
            -5.959478
          ],
          [
            106.000267,
            -5.961181
          ],
          [
            106.001184,
            -5.962492
          ],
          [
            106.002102,
            -5.963803
          ],
          [
            106.002783,
            -5.964886
          ],
          [
            106.003464,
            -5.965969
          ],
          [
            106.003848,
            -5.966814
          ],
          [
            106.004231,
            -5.967658
          ],
          [
            106.004582,
            -5.968457
          ],
          [
            106.004933,
            -5.969255
          ],
          [
            106.005387,
            -5.970118
          ],
          [
            106.005842,
            -5.97098
          ],
          [
            106.006035,
            -5.971376
          ],
          [
            106.006228,
            -5.971771
          ],
          [
            106.006949,
            -5.97308
          ],
          [
            106.007671,
            -5.974388
          ],
          [
            106.008176,
            -5.975195
          ],
          [
            106.008682,
            -5.976001
          ],
          [
            106.008462,
            -5.976517
          ],
          [
            106.008242,
            -5.977033
          ],
          [
            106.008246,
            -5.977447
          ],
          [
            106.008249,
            -5.977861
          ],
          [
            106.008464,
            -5.979058
          ],
          [
            106.008678,
            -5.980255
          ],
          [
            106.008845,
            -5.981001
          ],
          [
            106.009012,
            -5.981748
          ],
          [
            106.009352,
            -5.982049
          ],
          [
            106.009692,
            -5.98235
          ],
          [
            106.010437,
            -5.982596
          ],
          [
            106.011183,
            -5.982843
          ],
          [
            106.012154,
            -5.98294
          ],
          [
            106.013125,
            -5.983037
          ],
          [
            106.01394,
            -5.983088
          ],
          [
            106.014755,
            -5.983139
          ],
          [
            106.0156,
            -5.983546
          ],
          [
            106.016445,
            -5.983953
          ],
          [
            106.016956,
            -5.984452
          ],
          [
            106.017468,
            -5.984952
          ],
          [
            106.017923,
            -5.985682
          ],
          [
            106.018379,
            -5.986412
          ],
          [
            106.018991,
            -5.986827
          ],
          [
            106.019603,
            -5.987242
          ],
          [
            106.020783,
            -5.987707
          ],
          [
            106.021964,
            -5.988172
          ],
          [
            106.022945,
            -5.988786
          ],
          [
            106.023927,
            -5.9894
          ],
          [
            106.025858,
            -5.990295
          ],
          [
            106.027789,
            -5.991189
          ],
          [
            106.027873,
            -5.992765
          ],
          [
            106.027958,
            -5.994341
          ],
          [
            106.025236,
            -5.995042
          ],
          [
            106.022514,
            -5.995743
          ],
          [
            106.022499,
            -5.999045
          ],
          [
            106.022484,
            -6.002348
          ],
          [
            106.023636,
            -6.002619
          ],
          [
            106.024787,
            -6.00289
          ]
        ]
      }
    },
    {
      "type": "Feature",
      "properties": {
        "trip_id": 36,
        "nama": "Trip 36 (K-12)",
        "kendaraan": "Truk tangki 24KL",
        "kode_kendaraan": "K-12",
        "trayek": "Cilegon \u2013 Merak",
        "arah": "Depo Cilegon ke Gerbang Pelabuhan Merak",
        "hari": "Kamis",
        "tanggal": "06-03-2025",
        "jam_mulai": "16:53",
        "jam_selesai": "18:00",
        "jam_berangkat": 16,
        "durasi_menit": 67.5,
        "kecepatan_rata": 10.0,
        "kecepatan_maks": 15.5,
        "jumlah_titik": 89,
        "jarak_km": 11.27,
        "liter_total": 4.6,
        "liter_jalan": 4.37,
        "liter_idle": 0.23,
        "menit_idle": 5.7,
        "liter_per_100km": 40.82,
        "km_per_liter": 2.58,
        "biaya_rp": 31280,
        "liter_boros": 1.08,
        "biaya_boros_rp": 7344,
        "jenis_bbm": "Biosolar",
        "harga_per_liter": 6800,
        "malam": false,
        "status_efisiensi": "Boros"
      },
      "geometry": {
        "type": "LineString",
        "coordinates": [
          [
            106.024787,
            -6.00289
          ],
          [
            106.023636,
            -6.002619
          ],
          [
            106.022484,
            -6.002348
          ],
          [
            106.022499,
            -5.999045
          ],
          [
            106.022514,
            -5.995743
          ],
          [
            106.025236,
            -5.995042
          ],
          [
            106.027958,
            -5.994341
          ],
          [
            106.027873,
            -5.992765
          ],
          [
            106.027789,
            -5.991189
          ],
          [
            106.025858,
            -5.990295
          ],
          [
            106.023927,
            -5.9894
          ],
          [
            106.022945,
            -5.988786
          ],
          [
            106.021964,
            -5.988172
          ],
          [
            106.020783,
            -5.987707
          ],
          [
            106.019603,
            -5.987242
          ],
          [
            106.018991,
            -5.986827
          ],
          [
            106.018379,
            -5.986412
          ],
          [
            106.017923,
            -5.985682
          ],
          [
            106.017468,
            -5.984952
          ],
          [
            106.016956,
            -5.984452
          ],
          [
            106.016445,
            -5.983953
          ],
          [
            106.0156,
            -5.983546
          ],
          [
            106.014755,
            -5.983139
          ],
          [
            106.01394,
            -5.983088
          ],
          [
            106.013125,
            -5.983037
          ],
          [
            106.012154,
            -5.98294
          ],
          [
            106.011183,
            -5.982843
          ],
          [
            106.010437,
            -5.982596
          ],
          [
            106.009692,
            -5.98235
          ],
          [
            106.009352,
            -5.982049
          ],
          [
            106.009012,
            -5.981748
          ],
          [
            106.008845,
            -5.981001
          ],
          [
            106.008678,
            -5.980255
          ],
          [
            106.008464,
            -5.979058
          ],
          [
            106.008249,
            -5.977861
          ],
          [
            106.008246,
            -5.977447
          ],
          [
            106.008242,
            -5.977033
          ],
          [
            106.008462,
            -5.976517
          ],
          [
            106.008682,
            -5.976001
          ],
          [
            106.008176,
            -5.975195
          ],
          [
            106.007671,
            -5.974388
          ],
          [
            106.006949,
            -5.97308
          ],
          [
            106.006228,
            -5.971771
          ],
          [
            106.006035,
            -5.971376
          ],
          [
            106.005842,
            -5.97098
          ],
          [
            106.005387,
            -5.970118
          ],
          [
            106.004933,
            -5.969255
          ],
          [
            106.004582,
            -5.968457
          ],
          [
            106.004231,
            -5.967658
          ],
          [
            106.003848,
            -5.966814
          ],
          [
            106.003464,
            -5.965969
          ],
          [
            106.002783,
            -5.964886
          ],
          [
            106.002102,
            -5.963803
          ],
          [
            106.001184,
            -5.962492
          ],
          [
            106.000267,
            -5.961181
          ],
          [
            105.999981,
            -5.959478
          ],
          [
            105.999696,
            -5.957774
          ],
          [
            105.999547,
            -5.956166
          ],
          [
            105.999397,
            -5.954557
          ],
          [
            106.000428,
            -5.952616
          ],
          [
            106.001458,
            -5.950676
          ],
          [
            106.002139,
            -5.949248
          ],
          [
            106.002819,
            -5.94782
          ],
          [
            106.002724,
            -5.947029
          ],
          [
            106.00263,
            -5.946237
          ],
          [
            106.00257,
            -5.945759
          ],
          [
            106.002511,
            -5.94528
          ],
          [
            106.00276,
            -5.944396
          ],
          [
            106.003009,
            -5.943513
          ],
          [
            106.002673,
            -5.942709
          ],
          [
            106.002337,
            -5.941905
          ],
          [
            106.001881,
            -5.941111
          ],
          [
            106.001426,
            -5.940317
          ],
          [
            106.001327,
            -5.939709
          ],
          [
            106.001228,
            -5.9391
          ],
          [
            106.001695,
            -5.937857
          ],
          [
            106.002163,
            -5.936613
          ],
          [
            106.002003,
            -5.93584
          ],
          [
            106.001842,
            -5.935067
          ],
          [
            106.00157,
            -5.935282
          ],
          [
            106.001298,
            -5.935498
          ],
          [
            106.000902,
            -5.935544
          ],
          [
            106.000507,
            -5.93559
          ],
          [
            106.000125,
            -5.935287
          ],
          [
            105.999744,
            -5.934983
          ],
          [
            105.999501,
            -5.934755
          ],
          [
            105.999257,
            -5.934526
          ],
          [
            105.998408,
            -5.933298
          ],
          [
            105.99756,
            -5.932069
          ]
        ]
      }
    },
    {
      "type": "Feature",
      "properties": {
        "trip_id": 37,
        "nama": "Trip 37 (K-04)",
        "kendaraan": "Truk tangki 30KL",
        "kode_kendaraan": "K-04",
        "trayek": "Serang \u2013 Cilegon",
        "arah": "Depo Serang ke Terminal Cilegon",
        "hari": "Jumat",
        "tanggal": "07-03-2025",
        "jam_mulai": "04:59",
        "jam_selesai": "05:42",
        "jam_berangkat": 4,
        "durasi_menit": 43.2,
        "kecepatan_rata": 39.8,
        "kecepatan_maks": 53.4,
        "jumlah_titik": 87,
        "jarak_km": 28.69,
        "liter_total": 9.24,
        "liter_jalan": 9.23,
        "liter_idle": 0.01,
        "menit_idle": 0.4,
        "liter_per_100km": 32.21,
        "km_per_liter": 3.11,
        "biaya_rp": 62832,
        "liter_boros": 0.27,
        "biaya_boros_rp": 1836,
        "jenis_bbm": "Biosolar",
        "harga_per_liter": 6800,
        "malam": true,
        "status_efisiensi": "Efisien"
      },
      "geometry": {
        "type": "LineString",
        "coordinates": [
          [
            106.184492,
            -6.120401
          ],
          [
            106.18302,
            -6.120006
          ],
          [
            106.181548,
            -6.119611
          ],
          [
            106.181962,
            -6.11819
          ],
          [
            106.182376,
            -6.116769
          ],
          [
            106.183165,
            -6.11523
          ],
          [
            106.183954,
            -6.113691
          ],
          [
            106.182965,
            -6.112462
          ],
          [
            106.181977,
            -6.111233
          ],
          [
            106.178041,
            -6.107071
          ],
          [
            106.174104,
            -6.10291
          ],
          [
            106.172775,
            -6.101555
          ],
          [
            106.171446,
            -6.100201
          ],
          [
            106.170243,
            -6.099287
          ],
          [
            106.169039,
            -6.098373
          ],
          [
            106.167923,
            -6.097544
          ],
          [
            106.166806,
            -6.096714
          ],
          [
            106.164179,
            -6.095384
          ],
          [
            106.161552,
            -6.094054
          ],
          [
            106.150789,
            -6.090362
          ],
          [
            106.140026,
            -6.086671
          ],
          [
            106.138655,
            -6.086009
          ],
          [
            106.137283,
            -6.085348
          ],
          [
            106.135965,
            -6.084086
          ],
          [
            106.134648,
            -6.082823
          ],
          [
            106.128433,
            -6.071108
          ],
          [
            106.122219,
            -6.059393
          ],
          [
            106.120039,
            -6.055872
          ],
          [
            106.11786,
            -6.052352
          ],
          [
            106.116649,
            -6.050965
          ],
          [
            106.115439,
            -6.049578
          ],
          [
            106.111776,
            -6.046235
          ],
          [
            106.108113,
            -6.042891
          ],
          [
            106.106827,
            -6.041576
          ],
          [
            106.10554,
            -6.04026
          ],
          [
            106.10378,
            -6.037822
          ],
          [
            106.102019,
            -6.035384
          ],
          [
            106.099596,
            -6.031515
          ],
          [
            106.097174,
            -6.027647
          ],
          [
            106.095443,
            -6.025531
          ],
          [
            106.093712,
            -6.023414
          ],
          [
            106.092225,
            -6.022845
          ],
          [
            106.090738,
            -6.022276
          ],
          [
            106.089192,
            -6.02324
          ],
          [
            106.087646,
            -6.024204
          ],
          [
            106.086703,
            -6.02497
          ],
          [
            106.085761,
            -6.025735
          ],
          [
            106.085247,
            -6.028745
          ],
          [
            106.084733,
            -6.031754
          ],
          [
            106.083847,
            -6.032953
          ],
          [
            106.082962,
            -6.034152
          ],
          [
            106.081626,
            -6.033387
          ],
          [
            106.080289,
            -6.032623
          ],
          [
            106.079026,
            -6.031683
          ],
          [
            106.077762,
            -6.030743
          ],
          [
            106.072342,
            -6.027209
          ],
          [
            106.066922,
            -6.023674
          ],
          [
            106.064022,
            -6.022251
          ],
          [
            106.061123,
            -6.020827
          ],
          [
            106.056438,
            -6.018808
          ],
          [
            106.051754,
            -6.016789
          ],
          [
            106.050271,
            -6.016001
          ],
          [
            106.048787,
            -6.015214
          ],
          [
            106.046452,
            -6.013647
          ],
          [
            106.044116,
            -6.012079
          ],
          [
            106.043044,
            -6.011188
          ],
          [
            106.041972,
            -6.010297
          ],
          [
            106.0413,
            -6.008942
          ],
          [
            106.040627,
            -6.007588
          ],
          [
            106.036017,
            -6.001115
          ],
          [
            106.031408,
            -5.994642
          ],
          [
            106.030219,
            -5.994061
          ],
          [
            106.02903,
            -5.99348
          ],
          [
            106.028137,
            -5.994473
          ],
          [
            106.027244,
            -5.995467
          ],
          [
            106.025915,
            -5.995702
          ],
          [
            106.024587,
            -5.995937
          ],
          [
            106.023599,
            -5.99672
          ],
          [
            106.022612,
            -5.997503
          ],
          [
            106.022582,
            -5.999339
          ],
          [
            106.022552,
            -6.001174
          ],
          [
            106.023665,
            -6.001934
          ],
          [
            106.024778,
            -6.002694
          ],
          [
            106.025294,
            -6.002762
          ],
          [
            106.02581,
            -6.00283
          ],
          [
            106.025299,
            -6.00286
          ],
          [
            106.024787,
            -6.00289
          ]
        ]
      }
    },
    {
      "type": "Feature",
      "properties": {
        "trip_id": 38,
        "nama": "Trip 38 (K-04)",
        "kendaraan": "Truk tangki 30KL",
        "kode_kendaraan": "K-04",
        "trayek": "Serang \u2013 Cilegon",
        "arah": "Terminal Cilegon ke Depo Serang",
        "hari": "Jumat",
        "tanggal": "07-03-2025",
        "jam_mulai": "10:30",
        "jam_selesai": "11:27",
        "jam_berangkat": 10,
        "durasi_menit": 57.3,
        "kecepatan_rata": 30.1,
        "kecepatan_maks": 39.8,
        "jumlah_titik": 87,
        "jarak_km": 28.72,
        "liter_total": 10.4,
        "liter_jalan": 10.37,
        "liter_idle": 0.03,
        "menit_idle": 1.1,
        "liter_per_100km": 36.21,
        "km_per_liter": 2.77,
        "biaya_rp": 70720,
        "liter_boros": 1.43,
        "biaya_boros_rp": 9724,
        "jenis_bbm": "Biosolar",
        "harga_per_liter": 6800,
        "malam": false,
        "status_efisiensi": "Normal"
      },
      "geometry": {
        "type": "LineString",
        "coordinates": [
          [
            106.024787,
            -6.00289
          ],
          [
            106.025299,
            -6.00286
          ],
          [
            106.02581,
            -6.00283
          ],
          [
            106.025294,
            -6.002762
          ],
          [
            106.024778,
            -6.002694
          ],
          [
            106.023665,
            -6.001934
          ],
          [
            106.022552,
            -6.001174
          ],
          [
            106.022582,
            -5.999339
          ],
          [
            106.022612,
            -5.997503
          ],
          [
            106.023599,
            -5.99672
          ],
          [
            106.024587,
            -5.995937
          ],
          [
            106.025915,
            -5.995702
          ],
          [
            106.027244,
            -5.995467
          ],
          [
            106.028137,
            -5.994473
          ],
          [
            106.02903,
            -5.99348
          ],
          [
            106.030219,
            -5.994061
          ],
          [
            106.031408,
            -5.994642
          ],
          [
            106.036017,
            -6.001115
          ],
          [
            106.040627,
            -6.007588
          ],
          [
            106.0413,
            -6.008942
          ],
          [
            106.041972,
            -6.010297
          ],
          [
            106.043044,
            -6.011188
          ],
          [
            106.044116,
            -6.012079
          ],
          [
            106.046452,
            -6.013647
          ],
          [
            106.048787,
            -6.015214
          ],
          [
            106.050271,
            -6.016001
          ],
          [
            106.051754,
            -6.016789
          ],
          [
            106.056438,
            -6.018808
          ],
          [
            106.061123,
            -6.020827
          ],
          [
            106.064022,
            -6.022251
          ],
          [
            106.066922,
            -6.023674
          ],
          [
            106.072342,
            -6.027209
          ],
          [
            106.077762,
            -6.030743
          ],
          [
            106.079026,
            -6.031683
          ],
          [
            106.080289,
            -6.032623
          ],
          [
            106.081626,
            -6.033387
          ],
          [
            106.082962,
            -6.034152
          ],
          [
            106.083847,
            -6.032953
          ],
          [
            106.084733,
            -6.031754
          ],
          [
            106.085247,
            -6.028745
          ],
          [
            106.085761,
            -6.025735
          ],
          [
            106.086703,
            -6.02497
          ],
          [
            106.087646,
            -6.024204
          ],
          [
            106.089192,
            -6.02324
          ],
          [
            106.090738,
            -6.022276
          ],
          [
            106.092225,
            -6.022845
          ],
          [
            106.093712,
            -6.023414
          ],
          [
            106.095443,
            -6.025531
          ],
          [
            106.097174,
            -6.027647
          ],
          [
            106.099596,
            -6.031515
          ],
          [
            106.102019,
            -6.035384
          ],
          [
            106.10378,
            -6.037822
          ],
          [
            106.10554,
            -6.04026
          ],
          [
            106.106827,
            -6.041576
          ],
          [
            106.108113,
            -6.042891
          ],
          [
            106.111776,
            -6.046235
          ],
          [
            106.115439,
            -6.049578
          ],
          [
            106.116649,
            -6.050965
          ],
          [
            106.11786,
            -6.052352
          ],
          [
            106.120039,
            -6.055872
          ],
          [
            106.122219,
            -6.059393
          ],
          [
            106.128433,
            -6.071108
          ],
          [
            106.134648,
            -6.082823
          ],
          [
            106.135965,
            -6.084086
          ],
          [
            106.137283,
            -6.085348
          ],
          [
            106.138655,
            -6.086009
          ],
          [
            106.140026,
            -6.086671
          ],
          [
            106.150789,
            -6.090362
          ],
          [
            106.161552,
            -6.094054
          ],
          [
            106.164179,
            -6.095384
          ],
          [
            106.166806,
            -6.096714
          ],
          [
            106.167923,
            -6.097544
          ],
          [
            106.169039,
            -6.098373
          ],
          [
            106.170243,
            -6.099287
          ],
          [
            106.171446,
            -6.100201
          ],
          [
            106.172775,
            -6.101555
          ],
          [
            106.174104,
            -6.10291
          ],
          [
            106.178041,
            -6.107071
          ],
          [
            106.181977,
            -6.111233
          ],
          [
            106.182965,
            -6.112462
          ],
          [
            106.183954,
            -6.113691
          ],
          [
            106.183165,
            -6.11523
          ],
          [
            106.182376,
            -6.116769
          ],
          [
            106.181962,
            -6.11819
          ],
          [
            106.181548,
            -6.119611
          ],
          [
            106.18302,
            -6.120006
          ],
          [
            106.184492,
            -6.120401
          ]
        ]
      }
    },
    {
      "type": "Feature",
      "properties": {
        "trip_id": 39,
        "nama": "Trip 39 (K-04)",
        "kendaraan": "Truk tangki 30KL",
        "kode_kendaraan": "K-04",
        "trayek": "Serang \u2013 Cilegon",
        "arah": "Terminal Cilegon ke Depo Serang",
        "hari": "Jumat",
        "tanggal": "07-03-2025",
        "jam_mulai": "16:31",
        "jam_selesai": "18:19",
        "jam_berangkat": 16,
        "durasi_menit": 108.5,
        "kecepatan_rata": 15.7,
        "kecepatan_maks": 20.7,
        "jumlah_titik": 87,
        "jarak_km": 28.47,
        "liter_total": 11.66,
        "liter_jalan": 11.57,
        "liter_idle": 0.09,
        "menit_idle": 2.3,
        "liter_per_100km": 40.96,
        "km_per_liter": 2.46,
        "biaya_rp": 79288,
        "liter_boros": 2.76,
        "biaya_boros_rp": 18768,
        "jenis_bbm": "Biosolar",
        "harga_per_liter": 6800,
        "malam": false,
        "status_efisiensi": "Boros"
      },
      "geometry": {
        "type": "LineString",
        "coordinates": [
          [
            106.024787,
            -6.00289
          ],
          [
            106.025299,
            -6.00286
          ],
          [
            106.02581,
            -6.00283
          ],
          [
            106.025294,
            -6.002762
          ],
          [
            106.024778,
            -6.002694
          ],
          [
            106.023665,
            -6.001934
          ],
          [
            106.022552,
            -6.001174
          ],
          [
            106.022582,
            -5.999339
          ],
          [
            106.022612,
            -5.997503
          ],
          [
            106.023599,
            -5.99672
          ],
          [
            106.024587,
            -5.995937
          ],
          [
            106.025915,
            -5.995702
          ],
          [
            106.027244,
            -5.995467
          ],
          [
            106.028137,
            -5.994473
          ],
          [
            106.02903,
            -5.99348
          ],
          [
            106.030219,
            -5.994061
          ],
          [
            106.031408,
            -5.994642
          ],
          [
            106.036017,
            -6.001115
          ],
          [
            106.040627,
            -6.007588
          ],
          [
            106.0413,
            -6.008942
          ],
          [
            106.041972,
            -6.010297
          ],
          [
            106.043044,
            -6.011188
          ],
          [
            106.044116,
            -6.012079
          ],
          [
            106.046452,
            -6.013647
          ],
          [
            106.048787,
            -6.015214
          ],
          [
            106.050271,
            -6.016001
          ],
          [
            106.051754,
            -6.016789
          ],
          [
            106.056438,
            -6.018808
          ],
          [
            106.061123,
            -6.020827
          ],
          [
            106.064022,
            -6.022251
          ],
          [
            106.066922,
            -6.023674
          ],
          [
            106.072342,
            -6.027209
          ],
          [
            106.077762,
            -6.030743
          ],
          [
            106.079026,
            -6.031683
          ],
          [
            106.080289,
            -6.032623
          ],
          [
            106.081626,
            -6.033387
          ],
          [
            106.082962,
            -6.034152
          ],
          [
            106.083847,
            -6.032953
          ],
          [
            106.084733,
            -6.031754
          ],
          [
            106.085247,
            -6.028745
          ],
          [
            106.085761,
            -6.025735
          ],
          [
            106.086703,
            -6.02497
          ],
          [
            106.087646,
            -6.024204
          ],
          [
            106.089192,
            -6.02324
          ],
          [
            106.090738,
            -6.022276
          ],
          [
            106.092225,
            -6.022845
          ],
          [
            106.093712,
            -6.023414
          ],
          [
            106.095443,
            -6.025531
          ],
          [
            106.097174,
            -6.027647
          ],
          [
            106.099596,
            -6.031515
          ],
          [
            106.102019,
            -6.035384
          ],
          [
            106.10378,
            -6.037822
          ],
          [
            106.10554,
            -6.04026
          ],
          [
            106.106827,
            -6.041576
          ],
          [
            106.108113,
            -6.042891
          ],
          [
            106.111776,
            -6.046235
          ],
          [
            106.115439,
            -6.049578
          ],
          [
            106.116649,
            -6.050965
          ],
          [
            106.11786,
            -6.052352
          ],
          [
            106.120039,
            -6.055872
          ],
          [
            106.122219,
            -6.059393
          ],
          [
            106.128433,
            -6.071108
          ],
          [
            106.134648,
            -6.082823
          ],
          [
            106.135965,
            -6.084086
          ],
          [
            106.137283,
            -6.085348
          ],
          [
            106.138655,
            -6.086009
          ],
          [
            106.140026,
            -6.086671
          ],
          [
            106.150789,
            -6.090362
          ],
          [
            106.161552,
            -6.094054
          ],
          [
            106.164179,
            -6.095384
          ],
          [
            106.166806,
            -6.096714
          ],
          [
            106.167923,
            -6.097544
          ],
          [
            106.169039,
            -6.098373
          ],
          [
            106.170243,
            -6.099287
          ],
          [
            106.171446,
            -6.100201
          ],
          [
            106.172775,
            -6.101555
          ],
          [
            106.174104,
            -6.10291
          ],
          [
            106.178041,
            -6.107071
          ],
          [
            106.181977,
            -6.111233
          ],
          [
            106.182965,
            -6.112462
          ],
          [
            106.183954,
            -6.113691
          ],
          [
            106.183165,
            -6.11523
          ],
          [
            106.182376,
            -6.116769
          ],
          [
            106.181962,
            -6.11819
          ],
          [
            106.181548,
            -6.119611
          ],
          [
            106.18302,
            -6.120006
          ],
          [
            106.184492,
            -6.120401
          ]
        ]
      }
    },
    {
      "type": "Feature",
      "properties": {
        "trip_id": 40,
        "nama": "Trip 40 (K-07)",
        "kendaraan": "Truk tangki 16KL",
        "kode_kendaraan": "K-07",
        "trayek": "Serang \u2013 Anyer",
        "arah": "Depo Serang ke SPBU / Kawasan Anyer",
        "hari": "Jumat",
        "tanggal": "07-03-2025",
        "jam_mulai": "04:48",
        "jam_selesai": "05:48",
        "jam_berangkat": 4,
        "durasi_menit": 60.2,
        "kecepatan_rata": 38.6,
        "kecepatan_maks": 50.6,
        "jumlah_titik": 109,
        "jarak_km": 38.73,
        "liter_total": 12.1,
        "liter_jalan": 12.1,
        "liter_idle": 0.0,
        "menit_idle": 0.1,
        "liter_per_100km": 31.24,
        "km_per_liter": 3.2,
        "biaya_rp": 82280,
        "liter_boros": 0.0,
        "biaya_boros_rp": 0,
        "jenis_bbm": "Biosolar",
        "harga_per_liter": 6800,
        "malam": true,
        "status_efisiensi": "Efisien"
      },
      "geometry": {
        "type": "LineString",
        "coordinates": [
          [
            106.184492,
            -6.120401
          ],
          [
            106.182988,
            -6.120449
          ],
          [
            106.181485,
            -6.120497
          ],
          [
            106.181689,
            -6.119015
          ],
          [
            106.181893,
            -6.117534
          ],
          [
            106.18275,
            -6.116447
          ],
          [
            106.183607,
            -6.115361
          ],
          [
            106.183838,
            -6.114493
          ],
          [
            106.184069,
            -6.113625
          ],
          [
            106.180187,
            -6.109409
          ],
          [
            106.176306,
            -6.105193
          ],
          [
            106.170921,
            -6.100575
          ],
          [
            106.165536,
            -6.095958
          ],
          [
            106.158769,
            -6.093378
          ],
          [
            106.152001,
            -6.090798
          ],
          [
            106.145865,
            -6.088704
          ],
          [
            106.139728,
            -6.08661
          ],
          [
            106.135638,
            -6.081891
          ],
          [
            106.131547,
            -6.077171
          ],
          [
            106.126623,
            -6.067851
          ],
          [
            106.1217,
            -6.058531
          ],
          [
            106.119329,
            -6.054898
          ],
          [
            106.116959,
            -6.051265
          ],
          [
            106.112505,
            -6.047156
          ],
          [
            106.108051,
            -6.043048
          ],
          [
            106.105373,
            -6.039813
          ],
          [
            106.102696,
            -6.036578
          ],
          [
            106.098298,
            -6.030036
          ],
          [
            106.093901,
            -6.023493
          ],
          [
            106.093069,
            -6.022763
          ],
          [
            106.092237,
            -6.022034
          ],
          [
            106.091267,
            -6.022133
          ],
          [
            106.090297,
            -6.022233
          ],
          [
            106.088664,
            -6.023358
          ],
          [
            106.087031,
            -6.024483
          ],
          [
            106.086275,
            -6.025137
          ],
          [
            106.085519,
            -6.025791
          ],
          [
            106.085363,
            -6.028265
          ],
          [
            106.085206,
            -6.03074
          ],
          [
            106.08464,
            -6.031801
          ],
          [
            106.084073,
            -6.032862
          ],
          [
            106.083619,
            -6.033632
          ],
          [
            106.083165,
            -6.034402
          ],
          [
            106.081554,
            -6.033392
          ],
          [
            106.079943,
            -6.032382
          ],
          [
            106.077923,
            -6.030944
          ],
          [
            106.075904,
            -6.029506
          ],
          [
            106.073596,
            -6.027943
          ],
          [
            106.071289,
            -6.02638
          ],
          [
            106.068114,
            -6.024512
          ],
          [
            106.064939,
            -6.022644
          ],
          [
            106.060982,
            -6.020935
          ],
          [
            106.057025,
            -6.019226
          ],
          [
            106.053745,
            -6.017736
          ],
          [
            106.050465,
            -6.016247
          ],
          [
            106.048385,
            -6.014927
          ],
          [
            106.046306,
            -6.013608
          ],
          [
            106.045749,
            -6.013208
          ],
          [
            106.045191,
            -6.012807
          ],
          [
            106.043406,
            -6.012175
          ],
          [
            106.041621,
            -6.011543
          ],
          [
            106.037239,
            -6.01086
          ],
          [
            106.032856,
            -6.010176
          ],
          [
            106.028951,
            -6.009626
          ],
          [
            106.025045,
            -6.009075
          ],
          [
            106.021793,
            -6.009984
          ],
          [
            106.01854,
            -6.010892
          ],
          [
            106.0155,
            -6.011474
          ],
          [
            106.01246,
            -6.012056
          ],
          [
            106.009563,
            -6.012134
          ],
          [
            106.006667,
            -6.012211
          ],
          [
            106.003198,
            -6.01184
          ],
          [
            105.99973,
            -6.01147
          ],
          [
            105.996921,
            -6.010867
          ],
          [
            105.994113,
            -6.010265
          ],
          [
            105.988977,
            -6.011052
          ],
          [
            105.983841,
            -6.01184
          ],
          [
            105.980132,
            -6.013607
          ],
          [
            105.976423,
            -6.015375
          ],
          [
            105.973485,
            -6.016651
          ],
          [
            105.970547,
            -6.017927
          ],
          [
            105.969919,
            -6.018326
          ],
          [
            105.969291,
            -6.018725
          ],
          [
            105.967025,
            -6.02085
          ],
          [
            105.964758,
            -6.022975
          ],
          [
            105.963127,
            -6.023462
          ],
          [
            105.961495,
            -6.023949
          ],
          [
            105.958851,
            -6.023233
          ],
          [
            105.956207,
            -6.022516
          ],
          [
            105.953825,
            -6.02342
          ],
          [
            105.951444,
            -6.024323
          ],
          [
            105.950308,
            -6.025311
          ],
          [
            105.949172,
            -6.0263
          ],
          [
            105.945886,
            -6.028849
          ],
          [
            105.9426,
            -6.031397
          ],
          [
            105.939526,
            -6.033191
          ],
          [
            105.936452,
            -6.034985
          ],
          [
            105.933928,
            -6.036134
          ],
          [
            105.931403,
            -6.037284
          ],
          [
            105.929077,
            -6.038605
          ],
          [
            105.92675,
            -6.039927
          ],
          [
            105.926202,
            -6.040842
          ],
          [
            105.925654,
            -6.041757
          ],
          [
            105.925629,
            -6.043299
          ],
          [
            105.925605,
            -6.044842
          ],
          [
            105.925298,
            -6.04665
          ],
          [
            105.924992,
            -6.048458
          ],
          [
            105.923865,
            -6.050837
          ],
          [
            105.922737,
            -6.053216
          ]
        ]
      }
    },
    {
      "type": "Feature",
      "properties": {
        "trip_id": 41,
        "nama": "Trip 41 (K-07)",
        "kendaraan": "Truk tangki 16KL",
        "kode_kendaraan": "K-07",
        "trayek": "Serang \u2013 Anyer",
        "arah": "SPBU / Kawasan Anyer ke Depo Serang",
        "hari": "Jumat",
        "tanggal": "07-03-2025",
        "jam_mulai": "10:11",
        "jam_selesai": "11:27",
        "jam_berangkat": 10,
        "durasi_menit": 76.9,
        "kecepatan_rata": 30.1,
        "kecepatan_maks": 38.5,
        "jumlah_titik": 109,
        "jarak_km": 38.61,
        "liter_total": 14.09,
        "liter_jalan": 14.04,
        "liter_idle": 0.05,
        "menit_idle": 1.7,
        "liter_per_100km": 36.49,
        "km_per_liter": 2.75,
        "biaya_rp": 95812,
        "liter_boros": 2.02,
        "biaya_boros_rp": 13736,
        "jenis_bbm": "Biosolar",
        "harga_per_liter": 6800,
        "malam": false,
        "status_efisiensi": "Normal"
      },
      "geometry": {
        "type": "LineString",
        "coordinates": [
          [
            105.922737,
            -6.053216
          ],
          [
            105.923865,
            -6.050837
          ],
          [
            105.924992,
            -6.048458
          ],
          [
            105.925298,
            -6.04665
          ],
          [
            105.925605,
            -6.044842
          ],
          [
            105.925629,
            -6.043299
          ],
          [
            105.925654,
            -6.041757
          ],
          [
            105.926202,
            -6.040842
          ],
          [
            105.92675,
            -6.039927
          ],
          [
            105.929077,
            -6.038605
          ],
          [
            105.931403,
            -6.037284
          ],
          [
            105.933928,
            -6.036134
          ],
          [
            105.936452,
            -6.034985
          ],
          [
            105.939526,
            -6.033191
          ],
          [
            105.9426,
            -6.031397
          ],
          [
            105.945886,
            -6.028849
          ],
          [
            105.949172,
            -6.0263
          ],
          [
            105.950308,
            -6.025311
          ],
          [
            105.951444,
            -6.024323
          ],
          [
            105.953825,
            -6.02342
          ],
          [
            105.956207,
            -6.022516
          ],
          [
            105.958851,
            -6.023233
          ],
          [
            105.961495,
            -6.023949
          ],
          [
            105.963127,
            -6.023462
          ],
          [
            105.964758,
            -6.022975
          ],
          [
            105.967025,
            -6.02085
          ],
          [
            105.969291,
            -6.018725
          ],
          [
            105.969919,
            -6.018326
          ],
          [
            105.970547,
            -6.017927
          ],
          [
            105.973485,
            -6.016651
          ],
          [
            105.976423,
            -6.015375
          ],
          [
            105.980132,
            -6.013607
          ],
          [
            105.983841,
            -6.01184
          ],
          [
            105.988977,
            -6.011052
          ],
          [
            105.994113,
            -6.010265
          ],
          [
            105.996921,
            -6.010867
          ],
          [
            105.99973,
            -6.01147
          ],
          [
            106.003198,
            -6.01184
          ],
          [
            106.006667,
            -6.012211
          ],
          [
            106.009563,
            -6.012134
          ],
          [
            106.01246,
            -6.012056
          ],
          [
            106.0155,
            -6.011474
          ],
          [
            106.01854,
            -6.010892
          ],
          [
            106.021793,
            -6.009984
          ],
          [
            106.025045,
            -6.009075
          ],
          [
            106.028951,
            -6.009626
          ],
          [
            106.032856,
            -6.010176
          ],
          [
            106.037239,
            -6.01086
          ],
          [
            106.041621,
            -6.011543
          ],
          [
            106.043406,
            -6.012175
          ],
          [
            106.045191,
            -6.012807
          ],
          [
            106.045749,
            -6.013208
          ],
          [
            106.046306,
            -6.013608
          ],
          [
            106.048385,
            -6.014927
          ],
          [
            106.050465,
            -6.016247
          ],
          [
            106.053745,
            -6.017736
          ],
          [
            106.057025,
            -6.019226
          ],
          [
            106.060982,
            -6.020935
          ],
          [
            106.064939,
            -6.022644
          ],
          [
            106.068114,
            -6.024512
          ],
          [
            106.071289,
            -6.02638
          ],
          [
            106.073596,
            -6.027943
          ],
          [
            106.075904,
            -6.029506
          ],
          [
            106.077923,
            -6.030944
          ],
          [
            106.079943,
            -6.032382
          ],
          [
            106.081554,
            -6.033392
          ],
          [
            106.083165,
            -6.034402
          ],
          [
            106.083619,
            -6.033632
          ],
          [
            106.084073,
            -6.032862
          ],
          [
            106.08464,
            -6.031801
          ],
          [
            106.085206,
            -6.03074
          ],
          [
            106.085363,
            -6.028265
          ],
          [
            106.085519,
            -6.025791
          ],
          [
            106.086275,
            -6.025137
          ],
          [
            106.087031,
            -6.024483
          ],
          [
            106.088664,
            -6.023358
          ],
          [
            106.090297,
            -6.022233
          ],
          [
            106.091267,
            -6.022133
          ],
          [
            106.092237,
            -6.022034
          ],
          [
            106.093069,
            -6.022763
          ],
          [
            106.093901,
            -6.023493
          ],
          [
            106.098298,
            -6.030036
          ],
          [
            106.102696,
            -6.036578
          ],
          [
            106.105373,
            -6.039813
          ],
          [
            106.108051,
            -6.043048
          ],
          [
            106.112505,
            -6.047156
          ],
          [
            106.116959,
            -6.051265
          ],
          [
            106.119329,
            -6.054898
          ],
          [
            106.1217,
            -6.058531
          ],
          [
            106.126623,
            -6.067851
          ],
          [
            106.131547,
            -6.077171
          ],
          [
            106.135638,
            -6.081891
          ],
          [
            106.139728,
            -6.08661
          ],
          [
            106.145865,
            -6.088704
          ],
          [
            106.152001,
            -6.090798
          ],
          [
            106.158769,
            -6.093378
          ],
          [
            106.165536,
            -6.095958
          ],
          [
            106.170921,
            -6.100575
          ],
          [
            106.176306,
            -6.105193
          ],
          [
            106.180187,
            -6.109409
          ],
          [
            106.184069,
            -6.113625
          ],
          [
            106.183838,
            -6.114493
          ],
          [
            106.183607,
            -6.115361
          ],
          [
            106.18275,
            -6.116447
          ],
          [
            106.181893,
            -6.117534
          ],
          [
            106.181689,
            -6.119015
          ],
          [
            106.181485,
            -6.120497
          ],
          [
            106.182988,
            -6.120449
          ],
          [
            106.184492,
            -6.120401
          ]
        ]
      }
    },
    {
      "type": "Feature",
      "properties": {
        "trip_id": 42,
        "nama": "Trip 42 (K-07)",
        "kendaraan": "Truk tangki 16KL",
        "kode_kendaraan": "K-07",
        "trayek": "Serang \u2013 Anyer",
        "arah": "SPBU / Kawasan Anyer ke Depo Serang",
        "hari": "Jumat",
        "tanggal": "07-03-2025",
        "jam_mulai": "16:48",
        "jam_selesai": "19:15",
        "jam_berangkat": 16,
        "durasi_menit": 147.6,
        "kecepatan_rata": 15.7,
        "kecepatan_maks": 23.8,
        "jumlah_titik": 109,
        "jarak_km": 38.69,
        "liter_total": 14.91,
        "liter_jalan": 14.77,
        "liter_idle": 0.14,
        "menit_idle": 3.6,
        "liter_per_100km": 38.54,
        "km_per_liter": 2.62,
        "biaya_rp": 101388,
        "liter_boros": 2.82,
        "biaya_boros_rp": 19176,
        "jenis_bbm": "Biosolar",
        "harga_per_liter": 6800,
        "malam": false,
        "status_efisiensi": "Boros"
      },
      "geometry": {
        "type": "LineString",
        "coordinates": [
          [
            105.922737,
            -6.053216
          ],
          [
            105.923865,
            -6.050837
          ],
          [
            105.924992,
            -6.048458
          ],
          [
            105.925298,
            -6.04665
          ],
          [
            105.925605,
            -6.044842
          ],
          [
            105.925629,
            -6.043299
          ],
          [
            105.925654,
            -6.041757
          ],
          [
            105.926202,
            -6.040842
          ],
          [
            105.92675,
            -6.039927
          ],
          [
            105.929077,
            -6.038605
          ],
          [
            105.931403,
            -6.037284
          ],
          [
            105.933928,
            -6.036134
          ],
          [
            105.936452,
            -6.034985
          ],
          [
            105.939526,
            -6.033191
          ],
          [
            105.9426,
            -6.031397
          ],
          [
            105.945886,
            -6.028849
          ],
          [
            105.949172,
            -6.0263
          ],
          [
            105.950308,
            -6.025311
          ],
          [
            105.951444,
            -6.024323
          ],
          [
            105.953825,
            -6.02342
          ],
          [
            105.956207,
            -6.022516
          ],
          [
            105.958851,
            -6.023233
          ],
          [
            105.961495,
            -6.023949
          ],
          [
            105.963127,
            -6.023462
          ],
          [
            105.964758,
            -6.022975
          ],
          [
            105.967025,
            -6.02085
          ],
          [
            105.969291,
            -6.018725
          ],
          [
            105.969919,
            -6.018326
          ],
          [
            105.970547,
            -6.017927
          ],
          [
            105.973485,
            -6.016651
          ],
          [
            105.976423,
            -6.015375
          ],
          [
            105.980132,
            -6.013607
          ],
          [
            105.983841,
            -6.01184
          ],
          [
            105.988977,
            -6.011052
          ],
          [
            105.994113,
            -6.010265
          ],
          [
            105.996921,
            -6.010867
          ],
          [
            105.99973,
            -6.01147
          ],
          [
            106.003198,
            -6.01184
          ],
          [
            106.006667,
            -6.012211
          ],
          [
            106.009563,
            -6.012134
          ],
          [
            106.01246,
            -6.012056
          ],
          [
            106.0155,
            -6.011474
          ],
          [
            106.01854,
            -6.010892
          ],
          [
            106.021793,
            -6.009984
          ],
          [
            106.025045,
            -6.009075
          ],
          [
            106.028951,
            -6.009626
          ],
          [
            106.032856,
            -6.010176
          ],
          [
            106.037239,
            -6.01086
          ],
          [
            106.041621,
            -6.011543
          ],
          [
            106.043406,
            -6.012175
          ],
          [
            106.045191,
            -6.012807
          ],
          [
            106.045749,
            -6.013208
          ],
          [
            106.046306,
            -6.013608
          ],
          [
            106.048385,
            -6.014927
          ],
          [
            106.050465,
            -6.016247
          ],
          [
            106.053745,
            -6.017736
          ],
          [
            106.057025,
            -6.019226
          ],
          [
            106.060982,
            -6.020935
          ],
          [
            106.064939,
            -6.022644
          ],
          [
            106.068114,
            -6.024512
          ],
          [
            106.071289,
            -6.02638
          ],
          [
            106.073596,
            -6.027943
          ],
          [
            106.075904,
            -6.029506
          ],
          [
            106.077923,
            -6.030944
          ],
          [
            106.079943,
            -6.032382
          ],
          [
            106.081554,
            -6.033392
          ],
          [
            106.083165,
            -6.034402
          ],
          [
            106.083619,
            -6.033632
          ],
          [
            106.084073,
            -6.032862
          ],
          [
            106.08464,
            -6.031801
          ],
          [
            106.085206,
            -6.03074
          ],
          [
            106.085363,
            -6.028265
          ],
          [
            106.085519,
            -6.025791
          ],
          [
            106.086275,
            -6.025137
          ],
          [
            106.087031,
            -6.024483
          ],
          [
            106.088664,
            -6.023358
          ],
          [
            106.090297,
            -6.022233
          ],
          [
            106.091267,
            -6.022133
          ],
          [
            106.092237,
            -6.022034
          ],
          [
            106.093069,
            -6.022763
          ],
          [
            106.093901,
            -6.023493
          ],
          [
            106.098298,
            -6.030036
          ],
          [
            106.102696,
            -6.036578
          ],
          [
            106.105373,
            -6.039813
          ],
          [
            106.108051,
            -6.043048
          ],
          [
            106.112505,
            -6.047156
          ],
          [
            106.116959,
            -6.051265
          ],
          [
            106.119329,
            -6.054898
          ],
          [
            106.1217,
            -6.058531
          ],
          [
            106.126623,
            -6.067851
          ],
          [
            106.131547,
            -6.077171
          ],
          [
            106.135638,
            -6.081891
          ],
          [
            106.139728,
            -6.08661
          ],
          [
            106.145865,
            -6.088704
          ],
          [
            106.152001,
            -6.090798
          ],
          [
            106.158769,
            -6.093378
          ],
          [
            106.165536,
            -6.095958
          ],
          [
            106.170921,
            -6.100575
          ],
          [
            106.176306,
            -6.105193
          ],
          [
            106.180187,
            -6.109409
          ],
          [
            106.184069,
            -6.113625
          ],
          [
            106.183838,
            -6.114493
          ],
          [
            106.183607,
            -6.115361
          ],
          [
            106.18275,
            -6.116447
          ],
          [
            106.181893,
            -6.117534
          ],
          [
            106.181689,
            -6.119015
          ],
          [
            106.181485,
            -6.120497
          ],
          [
            106.182988,
            -6.120449
          ],
          [
            106.184492,
            -6.120401
          ]
        ]
      }
    },
    {
      "type": "Feature",
      "properties": {
        "trip_id": 43,
        "nama": "Trip 43 (K-12)",
        "kendaraan": "Truk tangki 24KL",
        "kode_kendaraan": "K-12",
        "trayek": "Cilegon \u2013 Merak",
        "arah": "Depo Cilegon ke Gerbang Pelabuhan Merak",
        "hari": "Jumat",
        "tanggal": "07-03-2025",
        "jam_mulai": "04:50",
        "jam_selesai": "05:12",
        "jam_berangkat": 4,
        "durasi_menit": 22.7,
        "kecepatan_rata": 30.1,
        "kecepatan_maks": 39.5,
        "jumlah_titik": 89,
        "jarak_km": 11.37,
        "liter_total": 3.64,
        "liter_jalan": 3.64,
        "liter_idle": 0.0,
        "menit_idle": 0.1,
        "liter_per_100km": 32.01,
        "km_per_liter": 3.12,
        "biaya_rp": 24752,
        "liter_boros": 0.09,
        "biaya_boros_rp": 612,
        "jenis_bbm": "Biosolar",
        "harga_per_liter": 6800,
        "malam": true,
        "status_efisiensi": "Efisien"
      },
      "geometry": {
        "type": "LineString",
        "coordinates": [
          [
            106.024787,
            -6.00289
          ],
          [
            106.023636,
            -6.002619
          ],
          [
            106.022484,
            -6.002348
          ],
          [
            106.022499,
            -5.999045
          ],
          [
            106.022514,
            -5.995743
          ],
          [
            106.025236,
            -5.995042
          ],
          [
            106.027958,
            -5.994341
          ],
          [
            106.027873,
            -5.992765
          ],
          [
            106.027789,
            -5.991189
          ],
          [
            106.025858,
            -5.990295
          ],
          [
            106.023927,
            -5.9894
          ],
          [
            106.022945,
            -5.988786
          ],
          [
            106.021964,
            -5.988172
          ],
          [
            106.020783,
            -5.987707
          ],
          [
            106.019603,
            -5.987242
          ],
          [
            106.018991,
            -5.986827
          ],
          [
            106.018379,
            -5.986412
          ],
          [
            106.017923,
            -5.985682
          ],
          [
            106.017468,
            -5.984952
          ],
          [
            106.016956,
            -5.984452
          ],
          [
            106.016445,
            -5.983953
          ],
          [
            106.0156,
            -5.983546
          ],
          [
            106.014755,
            -5.983139
          ],
          [
            106.01394,
            -5.983088
          ],
          [
            106.013125,
            -5.983037
          ],
          [
            106.012154,
            -5.98294
          ],
          [
            106.011183,
            -5.982843
          ],
          [
            106.010437,
            -5.982596
          ],
          [
            106.009692,
            -5.98235
          ],
          [
            106.009352,
            -5.982049
          ],
          [
            106.009012,
            -5.981748
          ],
          [
            106.008845,
            -5.981001
          ],
          [
            106.008678,
            -5.980255
          ],
          [
            106.008464,
            -5.979058
          ],
          [
            106.008249,
            -5.977861
          ],
          [
            106.008246,
            -5.977447
          ],
          [
            106.008242,
            -5.977033
          ],
          [
            106.008462,
            -5.976517
          ],
          [
            106.008682,
            -5.976001
          ],
          [
            106.008176,
            -5.975195
          ],
          [
            106.007671,
            -5.974388
          ],
          [
            106.006949,
            -5.97308
          ],
          [
            106.006228,
            -5.971771
          ],
          [
            106.006035,
            -5.971376
          ],
          [
            106.005842,
            -5.97098
          ],
          [
            106.005387,
            -5.970118
          ],
          [
            106.004933,
            -5.969255
          ],
          [
            106.004582,
            -5.968457
          ],
          [
            106.004231,
            -5.967658
          ],
          [
            106.003848,
            -5.966814
          ],
          [
            106.003464,
            -5.965969
          ],
          [
            106.002783,
            -5.964886
          ],
          [
            106.002102,
            -5.963803
          ],
          [
            106.001184,
            -5.962492
          ],
          [
            106.000267,
            -5.961181
          ],
          [
            105.999981,
            -5.959478
          ],
          [
            105.999696,
            -5.957774
          ],
          [
            105.999547,
            -5.956166
          ],
          [
            105.999397,
            -5.954557
          ],
          [
            106.000428,
            -5.952616
          ],
          [
            106.001458,
            -5.950676
          ],
          [
            106.002139,
            -5.949248
          ],
          [
            106.002819,
            -5.94782
          ],
          [
            106.002724,
            -5.947029
          ],
          [
            106.00263,
            -5.946237
          ],
          [
            106.00257,
            -5.945759
          ],
          [
            106.002511,
            -5.94528
          ],
          [
            106.00276,
            -5.944396
          ],
          [
            106.003009,
            -5.943513
          ],
          [
            106.002673,
            -5.942709
          ],
          [
            106.002337,
            -5.941905
          ],
          [
            106.001881,
            -5.941111
          ],
          [
            106.001426,
            -5.940317
          ],
          [
            106.001327,
            -5.939709
          ],
          [
            106.001228,
            -5.9391
          ],
          [
            106.001695,
            -5.937857
          ],
          [
            106.002163,
            -5.936613
          ],
          [
            106.002003,
            -5.93584
          ],
          [
            106.001842,
            -5.935067
          ],
          [
            106.00157,
            -5.935282
          ],
          [
            106.001298,
            -5.935498
          ],
          [
            106.000902,
            -5.935544
          ],
          [
            106.000507,
            -5.93559
          ],
          [
            106.000125,
            -5.935287
          ],
          [
            105.999744,
            -5.934983
          ],
          [
            105.999501,
            -5.934755
          ],
          [
            105.999257,
            -5.934526
          ],
          [
            105.998408,
            -5.933298
          ],
          [
            105.99756,
            -5.932069
          ]
        ]
      }
    },
    {
      "type": "Feature",
      "properties": {
        "trip_id": 44,
        "nama": "Trip 44 (K-12)",
        "kendaraan": "Truk tangki 24KL",
        "kode_kendaraan": "K-12",
        "trayek": "Cilegon \u2013 Merak",
        "arah": "Gerbang Pelabuhan Merak ke Depo Cilegon",
        "hari": "Jumat",
        "tanggal": "07-03-2025",
        "jam_mulai": "10:28",
        "jam_selesai": "10:56",
        "jam_berangkat": 10,
        "durasi_menit": 28.0,
        "kecepatan_rata": 24.0,
        "kecepatan_maks": 31.6,
        "jumlah_titik": 89,
        "jarak_km": 11.22,
        "liter_total": 3.94,
        "liter_jalan": 3.91,
        "liter_idle": 0.03,
        "menit_idle": 1.0,
        "liter_per_100km": 35.12,
        "km_per_liter": 2.87,
        "biaya_rp": 26792,
        "liter_boros": 0.43,
        "biaya_boros_rp": 2924,
        "jenis_bbm": "Biosolar",
        "harga_per_liter": 6800,
        "malam": false,
        "status_efisiensi": "Normal"
      },
      "geometry": {
        "type": "LineString",
        "coordinates": [
          [
            105.99756,
            -5.932069
          ],
          [
            105.998408,
            -5.933298
          ],
          [
            105.999257,
            -5.934526
          ],
          [
            105.999501,
            -5.934755
          ],
          [
            105.999744,
            -5.934983
          ],
          [
            106.000125,
            -5.935287
          ],
          [
            106.000507,
            -5.93559
          ],
          [
            106.000902,
            -5.935544
          ],
          [
            106.001298,
            -5.935498
          ],
          [
            106.00157,
            -5.935282
          ],
          [
            106.001842,
            -5.935067
          ],
          [
            106.002003,
            -5.93584
          ],
          [
            106.002163,
            -5.936613
          ],
          [
            106.001695,
            -5.937857
          ],
          [
            106.001228,
            -5.9391
          ],
          [
            106.001327,
            -5.939709
          ],
          [
            106.001426,
            -5.940317
          ],
          [
            106.001881,
            -5.941111
          ],
          [
            106.002337,
            -5.941905
          ],
          [
            106.002673,
            -5.942709
          ],
          [
            106.003009,
            -5.943513
          ],
          [
            106.00276,
            -5.944396
          ],
          [
            106.002511,
            -5.94528
          ],
          [
            106.00257,
            -5.945759
          ],
          [
            106.00263,
            -5.946237
          ],
          [
            106.002724,
            -5.947029
          ],
          [
            106.002819,
            -5.94782
          ],
          [
            106.002139,
            -5.949248
          ],
          [
            106.001458,
            -5.950676
          ],
          [
            106.000428,
            -5.952616
          ],
          [
            105.999397,
            -5.954557
          ],
          [
            105.999547,
            -5.956166
          ],
          [
            105.999696,
            -5.957774
          ],
          [
            105.999981,
            -5.959478
          ],
          [
            106.000267,
            -5.961181
          ],
          [
            106.001184,
            -5.962492
          ],
          [
            106.002102,
            -5.963803
          ],
          [
            106.002783,
            -5.964886
          ],
          [
            106.003464,
            -5.965969
          ],
          [
            106.003848,
            -5.966814
          ],
          [
            106.004231,
            -5.967658
          ],
          [
            106.004582,
            -5.968457
          ],
          [
            106.004933,
            -5.969255
          ],
          [
            106.005387,
            -5.970118
          ],
          [
            106.005842,
            -5.97098
          ],
          [
            106.006035,
            -5.971376
          ],
          [
            106.006228,
            -5.971771
          ],
          [
            106.006949,
            -5.97308
          ],
          [
            106.007671,
            -5.974388
          ],
          [
            106.008176,
            -5.975195
          ],
          [
            106.008682,
            -5.976001
          ],
          [
            106.008462,
            -5.976517
          ],
          [
            106.008242,
            -5.977033
          ],
          [
            106.008246,
            -5.977447
          ],
          [
            106.008249,
            -5.977861
          ],
          [
            106.008464,
            -5.979058
          ],
          [
            106.008678,
            -5.980255
          ],
          [
            106.008845,
            -5.981001
          ],
          [
            106.009012,
            -5.981748
          ],
          [
            106.009352,
            -5.982049
          ],
          [
            106.009692,
            -5.98235
          ],
          [
            106.010437,
            -5.982596
          ],
          [
            106.011183,
            -5.982843
          ],
          [
            106.012154,
            -5.98294
          ],
          [
            106.013125,
            -5.983037
          ],
          [
            106.01394,
            -5.983088
          ],
          [
            106.014755,
            -5.983139
          ],
          [
            106.0156,
            -5.983546
          ],
          [
            106.016445,
            -5.983953
          ],
          [
            106.016956,
            -5.984452
          ],
          [
            106.017468,
            -5.984952
          ],
          [
            106.017923,
            -5.985682
          ],
          [
            106.018379,
            -5.986412
          ],
          [
            106.018991,
            -5.986827
          ],
          [
            106.019603,
            -5.987242
          ],
          [
            106.020783,
            -5.987707
          ],
          [
            106.021964,
            -5.988172
          ],
          [
            106.022945,
            -5.988786
          ],
          [
            106.023927,
            -5.9894
          ],
          [
            106.025858,
            -5.990295
          ],
          [
            106.027789,
            -5.991189
          ],
          [
            106.027873,
            -5.992765
          ],
          [
            106.027958,
            -5.994341
          ],
          [
            106.025236,
            -5.995042
          ],
          [
            106.022514,
            -5.995743
          ],
          [
            106.022499,
            -5.999045
          ],
          [
            106.022484,
            -6.002348
          ],
          [
            106.023636,
            -6.002619
          ],
          [
            106.024787,
            -6.00289
          ]
        ]
      }
    },
    {
      "type": "Feature",
      "properties": {
        "trip_id": 45,
        "nama": "Trip 45 (K-12)",
        "kendaraan": "Truk tangki 24KL",
        "kode_kendaraan": "K-12",
        "trayek": "Cilegon \u2013 Merak",
        "arah": "Gerbang Pelabuhan Merak ke Depo Cilegon",
        "hari": "Jumat",
        "tanggal": "07-03-2025",
        "jam_mulai": "16:46",
        "jam_selesai": "17:49",
        "jam_berangkat": 16,
        "durasi_menit": 63.3,
        "kecepatan_rata": 10.4,
        "kecepatan_maks": 15.9,
        "jumlah_titik": 89,
        "jarak_km": 11.0,
        "liter_total": 4.49,
        "liter_jalan": 4.37,
        "liter_idle": 0.12,
        "menit_idle": 3.1,
        "liter_per_100km": 40.82,
        "km_per_liter": 2.52,
        "biaya_rp": 30532,
        "liter_boros": 1.05,
        "biaya_boros_rp": 7140,
        "jenis_bbm": "Biosolar",
        "harga_per_liter": 6800,
        "malam": false,
        "status_efisiensi": "Boros"
      },
      "geometry": {
        "type": "LineString",
        "coordinates": [
          [
            105.99756,
            -5.932069
          ],
          [
            105.998408,
            -5.933298
          ],
          [
            105.999257,
            -5.934526
          ],
          [
            105.999501,
            -5.934755
          ],
          [
            105.999744,
            -5.934983
          ],
          [
            106.000125,
            -5.935287
          ],
          [
            106.000507,
            -5.93559
          ],
          [
            106.000902,
            -5.935544
          ],
          [
            106.001298,
            -5.935498
          ],
          [
            106.00157,
            -5.935282
          ],
          [
            106.001842,
            -5.935067
          ],
          [
            106.002003,
            -5.93584
          ],
          [
            106.002163,
            -5.936613
          ],
          [
            106.001695,
            -5.937857
          ],
          [
            106.001228,
            -5.9391
          ],
          [
            106.001327,
            -5.939709
          ],
          [
            106.001426,
            -5.940317
          ],
          [
            106.001881,
            -5.941111
          ],
          [
            106.002337,
            -5.941905
          ],
          [
            106.002673,
            -5.942709
          ],
          [
            106.003009,
            -5.943513
          ],
          [
            106.00276,
            -5.944396
          ],
          [
            106.002511,
            -5.94528
          ],
          [
            106.00257,
            -5.945759
          ],
          [
            106.00263,
            -5.946237
          ],
          [
            106.002724,
            -5.947029
          ],
          [
            106.002819,
            -5.94782
          ],
          [
            106.002139,
            -5.949248
          ],
          [
            106.001458,
            -5.950676
          ],
          [
            106.000428,
            -5.952616
          ],
          [
            105.999397,
            -5.954557
          ],
          [
            105.999547,
            -5.956166
          ],
          [
            105.999696,
            -5.957774
          ],
          [
            105.999981,
            -5.959478
          ],
          [
            106.000267,
            -5.961181
          ],
          [
            106.001184,
            -5.962492
          ],
          [
            106.002102,
            -5.963803
          ],
          [
            106.002783,
            -5.964886
          ],
          [
            106.003464,
            -5.965969
          ],
          [
            106.003848,
            -5.966814
          ],
          [
            106.004231,
            -5.967658
          ],
          [
            106.004582,
            -5.968457
          ],
          [
            106.004933,
            -5.969255
          ],
          [
            106.005387,
            -5.970118
          ],
          [
            106.005842,
            -5.97098
          ],
          [
            106.006035,
            -5.971376
          ],
          [
            106.006228,
            -5.971771
          ],
          [
            106.006949,
            -5.97308
          ],
          [
            106.007671,
            -5.974388
          ],
          [
            106.008176,
            -5.975195
          ],
          [
            106.008682,
            -5.976001
          ],
          [
            106.008462,
            -5.976517
          ],
          [
            106.008242,
            -5.977033
          ],
          [
            106.008246,
            -5.977447
          ],
          [
            106.008249,
            -5.977861
          ],
          [
            106.008464,
            -5.979058
          ],
          [
            106.008678,
            -5.980255
          ],
          [
            106.008845,
            -5.981001
          ],
          [
            106.009012,
            -5.981748
          ],
          [
            106.009352,
            -5.982049
          ],
          [
            106.009692,
            -5.98235
          ],
          [
            106.010437,
            -5.982596
          ],
          [
            106.011183,
            -5.982843
          ],
          [
            106.012154,
            -5.98294
          ],
          [
            106.013125,
            -5.983037
          ],
          [
            106.01394,
            -5.983088
          ],
          [
            106.014755,
            -5.983139
          ],
          [
            106.0156,
            -5.983546
          ],
          [
            106.016445,
            -5.983953
          ],
          [
            106.016956,
            -5.984452
          ],
          [
            106.017468,
            -5.984952
          ],
          [
            106.017923,
            -5.985682
          ],
          [
            106.018379,
            -5.986412
          ],
          [
            106.018991,
            -5.986827
          ],
          [
            106.019603,
            -5.987242
          ],
          [
            106.020783,
            -5.987707
          ],
          [
            106.021964,
            -5.988172
          ],
          [
            106.022945,
            -5.988786
          ],
          [
            106.023927,
            -5.9894
          ],
          [
            106.025858,
            -5.990295
          ],
          [
            106.027789,
            -5.991189
          ],
          [
            106.027873,
            -5.992765
          ],
          [
            106.027958,
            -5.994341
          ],
          [
            106.025236,
            -5.995042
          ],
          [
            106.022514,
            -5.995743
          ],
          [
            106.022499,
            -5.999045
          ],
          [
            106.022484,
            -6.002348
          ],
          [
            106.023636,
            -6.002619
          ],
          [
            106.024787,
            -6.00289
          ]
        ]
      }
    },
    {
      "type": "Feature",
      "properties": {
        "trip_id": 46,
        "nama": "Trip 46 (K-04)",
        "kendaraan": "Truk tangki 30KL",
        "kode_kendaraan": "K-04",
        "trayek": "Serang \u2013 Cilegon",
        "arah": "Depo Serang ke Terminal Cilegon",
        "hari": "Sabtu",
        "tanggal": "08-03-2025",
        "jam_mulai": "04:46",
        "jam_selesai": "05:29",
        "jam_berangkat": 4,
        "durasi_menit": 43.4,
        "kecepatan_rata": 39.8,
        "kecepatan_maks": 47.9,
        "jumlah_titik": 87,
        "jarak_km": 28.79,
        "liter_total": 9.24,
        "liter_jalan": 9.23,
        "liter_idle": 0.01,
        "menit_idle": 0.4,
        "liter_per_100km": 32.09,
        "km_per_liter": 3.12,
        "biaya_rp": 62832,
        "liter_boros": 0.24,
        "biaya_boros_rp": 1632,
        "jenis_bbm": "Biosolar",
        "harga_per_liter": 6800,
        "malam": true,
        "status_efisiensi": "Efisien"
      },
      "geometry": {
        "type": "LineString",
        "coordinates": [
          [
            106.184492,
            -6.120401
          ],
          [
            106.18302,
            -6.120006
          ],
          [
            106.181548,
            -6.119611
          ],
          [
            106.181962,
            -6.11819
          ],
          [
            106.182376,
            -6.116769
          ],
          [
            106.183165,
            -6.11523
          ],
          [
            106.183954,
            -6.113691
          ],
          [
            106.182965,
            -6.112462
          ],
          [
            106.181977,
            -6.111233
          ],
          [
            106.178041,
            -6.107071
          ],
          [
            106.174104,
            -6.10291
          ],
          [
            106.172775,
            -6.101555
          ],
          [
            106.171446,
            -6.100201
          ],
          [
            106.170243,
            -6.099287
          ],
          [
            106.169039,
            -6.098373
          ],
          [
            106.167923,
            -6.097544
          ],
          [
            106.166806,
            -6.096714
          ],
          [
            106.164179,
            -6.095384
          ],
          [
            106.161552,
            -6.094054
          ],
          [
            106.150789,
            -6.090362
          ],
          [
            106.140026,
            -6.086671
          ],
          [
            106.138655,
            -6.086009
          ],
          [
            106.137283,
            -6.085348
          ],
          [
            106.135965,
            -6.084086
          ],
          [
            106.134648,
            -6.082823
          ],
          [
            106.128433,
            -6.071108
          ],
          [
            106.122219,
            -6.059393
          ],
          [
            106.120039,
            -6.055872
          ],
          [
            106.11786,
            -6.052352
          ],
          [
            106.116649,
            -6.050965
          ],
          [
            106.115439,
            -6.049578
          ],
          [
            106.111776,
            -6.046235
          ],
          [
            106.108113,
            -6.042891
          ],
          [
            106.106827,
            -6.041576
          ],
          [
            106.10554,
            -6.04026
          ],
          [
            106.10378,
            -6.037822
          ],
          [
            106.102019,
            -6.035384
          ],
          [
            106.099596,
            -6.031515
          ],
          [
            106.097174,
            -6.027647
          ],
          [
            106.095443,
            -6.025531
          ],
          [
            106.093712,
            -6.023414
          ],
          [
            106.092225,
            -6.022845
          ],
          [
            106.090738,
            -6.022276
          ],
          [
            106.089192,
            -6.02324
          ],
          [
            106.087646,
            -6.024204
          ],
          [
            106.086703,
            -6.02497
          ],
          [
            106.085761,
            -6.025735
          ],
          [
            106.085247,
            -6.028745
          ],
          [
            106.084733,
            -6.031754
          ],
          [
            106.083847,
            -6.032953
          ],
          [
            106.082962,
            -6.034152
          ],
          [
            106.081626,
            -6.033387
          ],
          [
            106.080289,
            -6.032623
          ],
          [
            106.079026,
            -6.031683
          ],
          [
            106.077762,
            -6.030743
          ],
          [
            106.072342,
            -6.027209
          ],
          [
            106.066922,
            -6.023674
          ],
          [
            106.064022,
            -6.022251
          ],
          [
            106.061123,
            -6.020827
          ],
          [
            106.056438,
            -6.018808
          ],
          [
            106.051754,
            -6.016789
          ],
          [
            106.050271,
            -6.016001
          ],
          [
            106.048787,
            -6.015214
          ],
          [
            106.046452,
            -6.013647
          ],
          [
            106.044116,
            -6.012079
          ],
          [
            106.043044,
            -6.011188
          ],
          [
            106.041972,
            -6.010297
          ],
          [
            106.0413,
            -6.008942
          ],
          [
            106.040627,
            -6.007588
          ],
          [
            106.036017,
            -6.001115
          ],
          [
            106.031408,
            -5.994642
          ],
          [
            106.030219,
            -5.994061
          ],
          [
            106.02903,
            -5.99348
          ],
          [
            106.028137,
            -5.994473
          ],
          [
            106.027244,
            -5.995467
          ],
          [
            106.025915,
            -5.995702
          ],
          [
            106.024587,
            -5.995937
          ],
          [
            106.023599,
            -5.99672
          ],
          [
            106.022612,
            -5.997503
          ],
          [
            106.022582,
            -5.999339
          ],
          [
            106.022552,
            -6.001174
          ],
          [
            106.023665,
            -6.001934
          ],
          [
            106.024778,
            -6.002694
          ],
          [
            106.025294,
            -6.002762
          ],
          [
            106.02581,
            -6.00283
          ],
          [
            106.025299,
            -6.00286
          ],
          [
            106.024787,
            -6.00289
          ]
        ]
      }
    },
    {
      "type": "Feature",
      "properties": {
        "trip_id": 47,
        "nama": "Trip 47 (K-04)",
        "kendaraan": "Truk tangki 30KL",
        "kode_kendaraan": "K-04",
        "trayek": "Serang \u2013 Cilegon",
        "arah": "Terminal Cilegon ke Depo Serang",
        "hari": "Sabtu",
        "tanggal": "08-03-2025",
        "jam_mulai": "10:26",
        "jam_selesai": "11:24",
        "jam_berangkat": 10,
        "durasi_menit": 58.4,
        "kecepatan_rata": 29.6,
        "kecepatan_maks": 38.9,
        "jumlah_titik": 87,
        "jarak_km": 28.77,
        "liter_total": 10.17,
        "liter_jalan": 10.13,
        "liter_idle": 0.04,
        "menit_idle": 1.2,
        "liter_per_100km": 35.35,
        "km_per_liter": 2.84,
        "biaya_rp": 69156,
        "liter_boros": 1.18,
        "biaya_boros_rp": 8024,
        "jenis_bbm": "Biosolar",
        "harga_per_liter": 6800,
        "malam": false,
        "status_efisiensi": "Normal"
      },
      "geometry": {
        "type": "LineString",
        "coordinates": [
          [
            106.024787,
            -6.00289
          ],
          [
            106.025299,
            -6.00286
          ],
          [
            106.02581,
            -6.00283
          ],
          [
            106.025294,
            -6.002762
          ],
          [
            106.024778,
            -6.002694
          ],
          [
            106.023665,
            -6.001934
          ],
          [
            106.022552,
            -6.001174
          ],
          [
            106.022582,
            -5.999339
          ],
          [
            106.022612,
            -5.997503
          ],
          [
            106.023599,
            -5.99672
          ],
          [
            106.024587,
            -5.995937
          ],
          [
            106.025915,
            -5.995702
          ],
          [
            106.027244,
            -5.995467
          ],
          [
            106.028137,
            -5.994473
          ],
          [
            106.02903,
            -5.99348
          ],
          [
            106.030219,
            -5.994061
          ],
          [
            106.031408,
            -5.994642
          ],
          [
            106.036017,
            -6.001115
          ],
          [
            106.040627,
            -6.007588
          ],
          [
            106.0413,
            -6.008942
          ],
          [
            106.041972,
            -6.010297
          ],
          [
            106.043044,
            -6.011188
          ],
          [
            106.044116,
            -6.012079
          ],
          [
            106.046452,
            -6.013647
          ],
          [
            106.048787,
            -6.015214
          ],
          [
            106.050271,
            -6.016001
          ],
          [
            106.051754,
            -6.016789
          ],
          [
            106.056438,
            -6.018808
          ],
          [
            106.061123,
            -6.020827
          ],
          [
            106.064022,
            -6.022251
          ],
          [
            106.066922,
            -6.023674
          ],
          [
            106.072342,
            -6.027209
          ],
          [
            106.077762,
            -6.030743
          ],
          [
            106.079026,
            -6.031683
          ],
          [
            106.080289,
            -6.032623
          ],
          [
            106.081626,
            -6.033387
          ],
          [
            106.082962,
            -6.034152
          ],
          [
            106.083847,
            -6.032953
          ],
          [
            106.084733,
            -6.031754
          ],
          [
            106.085247,
            -6.028745
          ],
          [
            106.085761,
            -6.025735
          ],
          [
            106.086703,
            -6.02497
          ],
          [
            106.087646,
            -6.024204
          ],
          [
            106.089192,
            -6.02324
          ],
          [
            106.090738,
            -6.022276
          ],
          [
            106.092225,
            -6.022845
          ],
          [
            106.093712,
            -6.023414
          ],
          [
            106.095443,
            -6.025531
          ],
          [
            106.097174,
            -6.027647
          ],
          [
            106.099596,
            -6.031515
          ],
          [
            106.102019,
            -6.035384
          ],
          [
            106.10378,
            -6.037822
          ],
          [
            106.10554,
            -6.04026
          ],
          [
            106.106827,
            -6.041576
          ],
          [
            106.108113,
            -6.042891
          ],
          [
            106.111776,
            -6.046235
          ],
          [
            106.115439,
            -6.049578
          ],
          [
            106.116649,
            -6.050965
          ],
          [
            106.11786,
            -6.052352
          ],
          [
            106.120039,
            -6.055872
          ],
          [
            106.122219,
            -6.059393
          ],
          [
            106.128433,
            -6.071108
          ],
          [
            106.134648,
            -6.082823
          ],
          [
            106.135965,
            -6.084086
          ],
          [
            106.137283,
            -6.085348
          ],
          [
            106.138655,
            -6.086009
          ],
          [
            106.140026,
            -6.086671
          ],
          [
            106.150789,
            -6.090362
          ],
          [
            106.161552,
            -6.094054
          ],
          [
            106.164179,
            -6.095384
          ],
          [
            106.166806,
            -6.096714
          ],
          [
            106.167923,
            -6.097544
          ],
          [
            106.169039,
            -6.098373
          ],
          [
            106.170243,
            -6.099287
          ],
          [
            106.171446,
            -6.100201
          ],
          [
            106.172775,
            -6.101555
          ],
          [
            106.174104,
            -6.10291
          ],
          [
            106.178041,
            -6.107071
          ],
          [
            106.181977,
            -6.111233
          ],
          [
            106.182965,
            -6.112462
          ],
          [
            106.183954,
            -6.113691
          ],
          [
            106.183165,
            -6.11523
          ],
          [
            106.182376,
            -6.116769
          ],
          [
            106.181962,
            -6.11819
          ],
          [
            106.181548,
            -6.119611
          ],
          [
            106.18302,
            -6.120006
          ],
          [
            106.184492,
            -6.120401
          ]
        ]
      }
    },
    {
      "type": "Feature",
      "properties": {
        "trip_id": 48,
        "nama": "Trip 48 (K-04)",
        "kendaraan": "Truk tangki 30KL",
        "kode_kendaraan": "K-04",
        "trayek": "Serang \u2013 Cilegon",
        "arah": "Depo Serang ke Terminal Cilegon",
        "hari": "Sabtu",
        "tanggal": "08-03-2025",
        "jam_mulai": "16:31",
        "jam_selesai": "18:24",
        "jam_berangkat": 16,
        "durasi_menit": 113.6,
        "kecepatan_rata": 15.2,
        "kecepatan_maks": 20.6,
        "jumlah_titik": 87,
        "jarak_km": 28.76,
        "liter_total": 11.46,
        "liter_jalan": 11.28,
        "liter_idle": 0.18,
        "menit_idle": 4.6,
        "liter_per_100km": 39.85,
        "km_per_liter": 2.55,
        "biaya_rp": 77928,
        "liter_boros": 2.47,
        "biaya_boros_rp": 16796,
        "jenis_bbm": "Biosolar",
        "harga_per_liter": 6800,
        "malam": false,
        "status_efisiensi": "Boros"
      },
      "geometry": {
        "type": "LineString",
        "coordinates": [
          [
            106.184492,
            -6.120401
          ],
          [
            106.18302,
            -6.120006
          ],
          [
            106.181548,
            -6.119611
          ],
          [
            106.181962,
            -6.11819
          ],
          [
            106.182376,
            -6.116769
          ],
          [
            106.183165,
            -6.11523
          ],
          [
            106.183954,
            -6.113691
          ],
          [
            106.182965,
            -6.112462
          ],
          [
            106.181977,
            -6.111233
          ],
          [
            106.178041,
            -6.107071
          ],
          [
            106.174104,
            -6.10291
          ],
          [
            106.172775,
            -6.101555
          ],
          [
            106.171446,
            -6.100201
          ],
          [
            106.170243,
            -6.099287
          ],
          [
            106.169039,
            -6.098373
          ],
          [
            106.167923,
            -6.097544
          ],
          [
            106.166806,
            -6.096714
          ],
          [
            106.164179,
            -6.095384
          ],
          [
            106.161552,
            -6.094054
          ],
          [
            106.150789,
            -6.090362
          ],
          [
            106.140026,
            -6.086671
          ],
          [
            106.138655,
            -6.086009
          ],
          [
            106.137283,
            -6.085348
          ],
          [
            106.135965,
            -6.084086
          ],
          [
            106.134648,
            -6.082823
          ],
          [
            106.128433,
            -6.071108
          ],
          [
            106.122219,
            -6.059393
          ],
          [
            106.120039,
            -6.055872
          ],
          [
            106.11786,
            -6.052352
          ],
          [
            106.116649,
            -6.050965
          ],
          [
            106.115439,
            -6.049578
          ],
          [
            106.111776,
            -6.046235
          ],
          [
            106.108113,
            -6.042891
          ],
          [
            106.106827,
            -6.041576
          ],
          [
            106.10554,
            -6.04026
          ],
          [
            106.10378,
            -6.037822
          ],
          [
            106.102019,
            -6.035384
          ],
          [
            106.099596,
            -6.031515
          ],
          [
            106.097174,
            -6.027647
          ],
          [
            106.095443,
            -6.025531
          ],
          [
            106.093712,
            -6.023414
          ],
          [
            106.092225,
            -6.022845
          ],
          [
            106.090738,
            -6.022276
          ],
          [
            106.089192,
            -6.02324
          ],
          [
            106.087646,
            -6.024204
          ],
          [
            106.086703,
            -6.02497
          ],
          [
            106.085761,
            -6.025735
          ],
          [
            106.085247,
            -6.028745
          ],
          [
            106.084733,
            -6.031754
          ],
          [
            106.083847,
            -6.032953
          ],
          [
            106.082962,
            -6.034152
          ],
          [
            106.081626,
            -6.033387
          ],
          [
            106.080289,
            -6.032623
          ],
          [
            106.079026,
            -6.031683
          ],
          [
            106.077762,
            -6.030743
          ],
          [
            106.072342,
            -6.027209
          ],
          [
            106.066922,
            -6.023674
          ],
          [
            106.064022,
            -6.022251
          ],
          [
            106.061123,
            -6.020827
          ],
          [
            106.056438,
            -6.018808
          ],
          [
            106.051754,
            -6.016789
          ],
          [
            106.050271,
            -6.016001
          ],
          [
            106.048787,
            -6.015214
          ],
          [
            106.046452,
            -6.013647
          ],
          [
            106.044116,
            -6.012079
          ],
          [
            106.043044,
            -6.011188
          ],
          [
            106.041972,
            -6.010297
          ],
          [
            106.0413,
            -6.008942
          ],
          [
            106.040627,
            -6.007588
          ],
          [
            106.036017,
            -6.001115
          ],
          [
            106.031408,
            -5.994642
          ],
          [
            106.030219,
            -5.994061
          ],
          [
            106.02903,
            -5.99348
          ],
          [
            106.028137,
            -5.994473
          ],
          [
            106.027244,
            -5.995467
          ],
          [
            106.025915,
            -5.995702
          ],
          [
            106.024587,
            -5.995937
          ],
          [
            106.023599,
            -5.99672
          ],
          [
            106.022612,
            -5.997503
          ],
          [
            106.022582,
            -5.999339
          ],
          [
            106.022552,
            -6.001174
          ],
          [
            106.023665,
            -6.001934
          ],
          [
            106.024778,
            -6.002694
          ],
          [
            106.025294,
            -6.002762
          ],
          [
            106.02581,
            -6.00283
          ],
          [
            106.025299,
            -6.00286
          ],
          [
            106.024787,
            -6.00289
          ]
        ]
      }
    },
    {
      "type": "Feature",
      "properties": {
        "trip_id": 49,
        "nama": "Trip 49 (K-07)",
        "kendaraan": "Truk tangki 16KL",
        "kode_kendaraan": "K-07",
        "trayek": "Serang \u2013 Anyer",
        "arah": "Depo Serang ke SPBU / Kawasan Anyer",
        "hari": "Sabtu",
        "tanggal": "08-03-2025",
        "jam_mulai": "04:53",
        "jam_selesai": "05:54",
        "jam_berangkat": 4,
        "durasi_menit": 61.2,
        "kecepatan_rata": 38.0,
        "kecepatan_maks": 50.0,
        "jumlah_titik": 109,
        "jarak_km": 38.75,
        "liter_total": 12.11,
        "liter_jalan": 12.11,
        "liter_idle": 0.0,
        "menit_idle": 0.2,
        "liter_per_100km": 31.25,
        "km_per_liter": 3.2,
        "biaya_rp": 82348,
        "liter_boros": 0.0,
        "biaya_boros_rp": 0,
        "jenis_bbm": "Biosolar",
        "harga_per_liter": 6800,
        "malam": true,
        "status_efisiensi": "Efisien"
      },
      "geometry": {
        "type": "LineString",
        "coordinates": [
          [
            106.184492,
            -6.120401
          ],
          [
            106.182988,
            -6.120449
          ],
          [
            106.181485,
            -6.120497
          ],
          [
            106.181689,
            -6.119015
          ],
          [
            106.181893,
            -6.117534
          ],
          [
            106.18275,
            -6.116447
          ],
          [
            106.183607,
            -6.115361
          ],
          [
            106.183838,
            -6.114493
          ],
          [
            106.184069,
            -6.113625
          ],
          [
            106.180187,
            -6.109409
          ],
          [
            106.176306,
            -6.105193
          ],
          [
            106.170921,
            -6.100575
          ],
          [
            106.165536,
            -6.095958
          ],
          [
            106.158769,
            -6.093378
          ],
          [
            106.152001,
            -6.090798
          ],
          [
            106.145865,
            -6.088704
          ],
          [
            106.139728,
            -6.08661
          ],
          [
            106.135638,
            -6.081891
          ],
          [
            106.131547,
            -6.077171
          ],
          [
            106.126623,
            -6.067851
          ],
          [
            106.1217,
            -6.058531
          ],
          [
            106.119329,
            -6.054898
          ],
          [
            106.116959,
            -6.051265
          ],
          [
            106.112505,
            -6.047156
          ],
          [
            106.108051,
            -6.043048
          ],
          [
            106.105373,
            -6.039813
          ],
          [
            106.102696,
            -6.036578
          ],
          [
            106.098298,
            -6.030036
          ],
          [
            106.093901,
            -6.023493
          ],
          [
            106.093069,
            -6.022763
          ],
          [
            106.092237,
            -6.022034
          ],
          [
            106.091267,
            -6.022133
          ],
          [
            106.090297,
            -6.022233
          ],
          [
            106.088664,
            -6.023358
          ],
          [
            106.087031,
            -6.024483
          ],
          [
            106.086275,
            -6.025137
          ],
          [
            106.085519,
            -6.025791
          ],
          [
            106.085363,
            -6.028265
          ],
          [
            106.085206,
            -6.03074
          ],
          [
            106.08464,
            -6.031801
          ],
          [
            106.084073,
            -6.032862
          ],
          [
            106.083619,
            -6.033632
          ],
          [
            106.083165,
            -6.034402
          ],
          [
            106.081554,
            -6.033392
          ],
          [
            106.079943,
            -6.032382
          ],
          [
            106.077923,
            -6.030944
          ],
          [
            106.075904,
            -6.029506
          ],
          [
            106.073596,
            -6.027943
          ],
          [
            106.071289,
            -6.02638
          ],
          [
            106.068114,
            -6.024512
          ],
          [
            106.064939,
            -6.022644
          ],
          [
            106.060982,
            -6.020935
          ],
          [
            106.057025,
            -6.019226
          ],
          [
            106.053745,
            -6.017736
          ],
          [
            106.050465,
            -6.016247
          ],
          [
            106.048385,
            -6.014927
          ],
          [
            106.046306,
            -6.013608
          ],
          [
            106.045749,
            -6.013208
          ],
          [
            106.045191,
            -6.012807
          ],
          [
            106.043406,
            -6.012175
          ],
          [
            106.041621,
            -6.011543
          ],
          [
            106.037239,
            -6.01086
          ],
          [
            106.032856,
            -6.010176
          ],
          [
            106.028951,
            -6.009626
          ],
          [
            106.025045,
            -6.009075
          ],
          [
            106.021793,
            -6.009984
          ],
          [
            106.01854,
            -6.010892
          ],
          [
            106.0155,
            -6.011474
          ],
          [
            106.01246,
            -6.012056
          ],
          [
            106.009563,
            -6.012134
          ],
          [
            106.006667,
            -6.012211
          ],
          [
            106.003198,
            -6.01184
          ],
          [
            105.99973,
            -6.01147
          ],
          [
            105.996921,
            -6.010867
          ],
          [
            105.994113,
            -6.010265
          ],
          [
            105.988977,
            -6.011052
          ],
          [
            105.983841,
            -6.01184
          ],
          [
            105.980132,
            -6.013607
          ],
          [
            105.976423,
            -6.015375
          ],
          [
            105.973485,
            -6.016651
          ],
          [
            105.970547,
            -6.017927
          ],
          [
            105.969919,
            -6.018326
          ],
          [
            105.969291,
            -6.018725
          ],
          [
            105.967025,
            -6.02085
          ],
          [
            105.964758,
            -6.022975
          ],
          [
            105.963127,
            -6.023462
          ],
          [
            105.961495,
            -6.023949
          ],
          [
            105.958851,
            -6.023233
          ],
          [
            105.956207,
            -6.022516
          ],
          [
            105.953825,
            -6.02342
          ],
          [
            105.951444,
            -6.024323
          ],
          [
            105.950308,
            -6.025311
          ],
          [
            105.949172,
            -6.0263
          ],
          [
            105.945886,
            -6.028849
          ],
          [
            105.9426,
            -6.031397
          ],
          [
            105.939526,
            -6.033191
          ],
          [
            105.936452,
            -6.034985
          ],
          [
            105.933928,
            -6.036134
          ],
          [
            105.931403,
            -6.037284
          ],
          [
            105.929077,
            -6.038605
          ],
          [
            105.92675,
            -6.039927
          ],
          [
            105.926202,
            -6.040842
          ],
          [
            105.925654,
            -6.041757
          ],
          [
            105.925629,
            -6.043299
          ],
          [
            105.925605,
            -6.044842
          ],
          [
            105.925298,
            -6.04665
          ],
          [
            105.924992,
            -6.048458
          ],
          [
            105.923865,
            -6.050837
          ],
          [
            105.922737,
            -6.053216
          ]
        ]
      }
    },
    {
      "type": "Feature",
      "properties": {
        "trip_id": 50,
        "nama": "Trip 50 (K-07)",
        "kendaraan": "Truk tangki 16KL",
        "kode_kendaraan": "K-07",
        "trayek": "Serang \u2013 Anyer",
        "arah": "SPBU / Kawasan Anyer ke Depo Serang",
        "hari": "Sabtu",
        "tanggal": "08-03-2025",
        "jam_mulai": "10:22",
        "jam_selesai": "11:41",
        "jam_berangkat": 10,
        "durasi_menit": 79.3,
        "kecepatan_rata": 29.4,
        "kecepatan_maks": 36.1,
        "jumlah_titik": 109,
        "jarak_km": 38.84,
        "liter_total": 13.9,
        "liter_jalan": 13.87,
        "liter_idle": 0.03,
        "menit_idle": 1.1,
        "liter_per_100km": 35.79,
        "km_per_liter": 2.8,
        "biaya_rp": 94520,
        "liter_boros": 1.76,
        "biaya_boros_rp": 11968,
        "jenis_bbm": "Biosolar",
        "harga_per_liter": 6800,
        "malam": false,
        "status_efisiensi": "Normal"
      },
      "geometry": {
        "type": "LineString",
        "coordinates": [
          [
            105.922737,
            -6.053216
          ],
          [
            105.923865,
            -6.050837
          ],
          [
            105.924992,
            -6.048458
          ],
          [
            105.925298,
            -6.04665
          ],
          [
            105.925605,
            -6.044842
          ],
          [
            105.925629,
            -6.043299
          ],
          [
            105.925654,
            -6.041757
          ],
          [
            105.926202,
            -6.040842
          ],
          [
            105.92675,
            -6.039927
          ],
          [
            105.929077,
            -6.038605
          ],
          [
            105.931403,
            -6.037284
          ],
          [
            105.933928,
            -6.036134
          ],
          [
            105.936452,
            -6.034985
          ],
          [
            105.939526,
            -6.033191
          ],
          [
            105.9426,
            -6.031397
          ],
          [
            105.945886,
            -6.028849
          ],
          [
            105.949172,
            -6.0263
          ],
          [
            105.950308,
            -6.025311
          ],
          [
            105.951444,
            -6.024323
          ],
          [
            105.953825,
            -6.02342
          ],
          [
            105.956207,
            -6.022516
          ],
          [
            105.958851,
            -6.023233
          ],
          [
            105.961495,
            -6.023949
          ],
          [
            105.963127,
            -6.023462
          ],
          [
            105.964758,
            -6.022975
          ],
          [
            105.967025,
            -6.02085
          ],
          [
            105.969291,
            -6.018725
          ],
          [
            105.969919,
            -6.018326
          ],
          [
            105.970547,
            -6.017927
          ],
          [
            105.973485,
            -6.016651
          ],
          [
            105.976423,
            -6.015375
          ],
          [
            105.980132,
            -6.013607
          ],
          [
            105.983841,
            -6.01184
          ],
          [
            105.988977,
            -6.011052
          ],
          [
            105.994113,
            -6.010265
          ],
          [
            105.996921,
            -6.010867
          ],
          [
            105.99973,
            -6.01147
          ],
          [
            106.003198,
            -6.01184
          ],
          [
            106.006667,
            -6.012211
          ],
          [
            106.009563,
            -6.012134
          ],
          [
            106.01246,
            -6.012056
          ],
          [
            106.0155,
            -6.011474
          ],
          [
            106.01854,
            -6.010892
          ],
          [
            106.021793,
            -6.009984
          ],
          [
            106.025045,
            -6.009075
          ],
          [
            106.028951,
            -6.009626
          ],
          [
            106.032856,
            -6.010176
          ],
          [
            106.037239,
            -6.01086
          ],
          [
            106.041621,
            -6.011543
          ],
          [
            106.043406,
            -6.012175
          ],
          [
            106.045191,
            -6.012807
          ],
          [
            106.045749,
            -6.013208
          ],
          [
            106.046306,
            -6.013608
          ],
          [
            106.048385,
            -6.014927
          ],
          [
            106.050465,
            -6.016247
          ],
          [
            106.053745,
            -6.017736
          ],
          [
            106.057025,
            -6.019226
          ],
          [
            106.060982,
            -6.020935
          ],
          [
            106.064939,
            -6.022644
          ],
          [
            106.068114,
            -6.024512
          ],
          [
            106.071289,
            -6.02638
          ],
          [
            106.073596,
            -6.027943
          ],
          [
            106.075904,
            -6.029506
          ],
          [
            106.077923,
            -6.030944
          ],
          [
            106.079943,
            -6.032382
          ],
          [
            106.081554,
            -6.033392
          ],
          [
            106.083165,
            -6.034402
          ],
          [
            106.083619,
            -6.033632
          ],
          [
            106.084073,
            -6.032862
          ],
          [
            106.08464,
            -6.031801
          ],
          [
            106.085206,
            -6.03074
          ],
          [
            106.085363,
            -6.028265
          ],
          [
            106.085519,
            -6.025791
          ],
          [
            106.086275,
            -6.025137
          ],
          [
            106.087031,
            -6.024483
          ],
          [
            106.088664,
            -6.023358
          ],
          [
            106.090297,
            -6.022233
          ],
          [
            106.091267,
            -6.022133
          ],
          [
            106.092237,
            -6.022034
          ],
          [
            106.093069,
            -6.022763
          ],
          [
            106.093901,
            -6.023493
          ],
          [
            106.098298,
            -6.030036
          ],
          [
            106.102696,
            -6.036578
          ],
          [
            106.105373,
            -6.039813
          ],
          [
            106.108051,
            -6.043048
          ],
          [
            106.112505,
            -6.047156
          ],
          [
            106.116959,
            -6.051265
          ],
          [
            106.119329,
            -6.054898
          ],
          [
            106.1217,
            -6.058531
          ],
          [
            106.126623,
            -6.067851
          ],
          [
            106.131547,
            -6.077171
          ],
          [
            106.135638,
            -6.081891
          ],
          [
            106.139728,
            -6.08661
          ],
          [
            106.145865,
            -6.088704
          ],
          [
            106.152001,
            -6.090798
          ],
          [
            106.158769,
            -6.093378
          ],
          [
            106.165536,
            -6.095958
          ],
          [
            106.170921,
            -6.100575
          ],
          [
            106.176306,
            -6.105193
          ],
          [
            106.180187,
            -6.109409
          ],
          [
            106.184069,
            -6.113625
          ],
          [
            106.183838,
            -6.114493
          ],
          [
            106.183607,
            -6.115361
          ],
          [
            106.18275,
            -6.116447
          ],
          [
            106.181893,
            -6.117534
          ],
          [
            106.181689,
            -6.119015
          ],
          [
            106.181485,
            -6.120497
          ],
          [
            106.182988,
            -6.120449
          ],
          [
            106.184492,
            -6.120401
          ]
        ]
      }
    },
    {
      "type": "Feature",
      "properties": {
        "trip_id": 51,
        "nama": "Trip 51 (K-07)",
        "kendaraan": "Truk tangki 16KL",
        "kode_kendaraan": "K-07",
        "trayek": "Serang \u2013 Anyer",
        "arah": "Depo Serang ke SPBU / Kawasan Anyer",
        "hari": "Sabtu",
        "tanggal": "08-03-2025",
        "jam_mulai": "16:40",
        "jam_selesai": "19:05",
        "jam_berangkat": 16,
        "durasi_menit": 145.8,
        "kecepatan_rata": 16.0,
        "kecepatan_maks": 23.4,
        "jumlah_titik": 109,
        "jarak_km": 38.76,
        "liter_total": 16.57,
        "liter_jalan": 16.49,
        "liter_idle": 0.08,
        "menit_idle": 2.0,
        "liter_per_100km": 42.75,
        "km_per_liter": 2.35,
        "biaya_rp": 112676,
        "liter_boros": 4.46,
        "biaya_boros_rp": 30328,
        "jenis_bbm": "Biosolar",
        "harga_per_liter": 6800,
        "malam": false,
        "status_efisiensi": "Boros"
      },
      "geometry": {
        "type": "LineString",
        "coordinates": [
          [
            106.184492,
            -6.120401
          ],
          [
            106.182988,
            -6.120449
          ],
          [
            106.181485,
            -6.120497
          ],
          [
            106.181689,
            -6.119015
          ],
          [
            106.181893,
            -6.117534
          ],
          [
            106.18275,
            -6.116447
          ],
          [
            106.183607,
            -6.115361
          ],
          [
            106.183838,
            -6.114493
          ],
          [
            106.184069,
            -6.113625
          ],
          [
            106.180187,
            -6.109409
          ],
          [
            106.176306,
            -6.105193
          ],
          [
            106.170921,
            -6.100575
          ],
          [
            106.165536,
            -6.095958
          ],
          [
            106.158769,
            -6.093378
          ],
          [
            106.152001,
            -6.090798
          ],
          [
            106.145865,
            -6.088704
          ],
          [
            106.139728,
            -6.08661
          ],
          [
            106.135638,
            -6.081891
          ],
          [
            106.131547,
            -6.077171
          ],
          [
            106.126623,
            -6.067851
          ],
          [
            106.1217,
            -6.058531
          ],
          [
            106.119329,
            -6.054898
          ],
          [
            106.116959,
            -6.051265
          ],
          [
            106.112505,
            -6.047156
          ],
          [
            106.108051,
            -6.043048
          ],
          [
            106.105373,
            -6.039813
          ],
          [
            106.102696,
            -6.036578
          ],
          [
            106.098298,
            -6.030036
          ],
          [
            106.093901,
            -6.023493
          ],
          [
            106.093069,
            -6.022763
          ],
          [
            106.092237,
            -6.022034
          ],
          [
            106.091267,
            -6.022133
          ],
          [
            106.090297,
            -6.022233
          ],
          [
            106.088664,
            -6.023358
          ],
          [
            106.087031,
            -6.024483
          ],
          [
            106.086275,
            -6.025137
          ],
          [
            106.085519,
            -6.025791
          ],
          [
            106.085363,
            -6.028265
          ],
          [
            106.085206,
            -6.03074
          ],
          [
            106.08464,
            -6.031801
          ],
          [
            106.084073,
            -6.032862
          ],
          [
            106.083619,
            -6.033632
          ],
          [
            106.083165,
            -6.034402
          ],
          [
            106.081554,
            -6.033392
          ],
          [
            106.079943,
            -6.032382
          ],
          [
            106.077923,
            -6.030944
          ],
          [
            106.075904,
            -6.029506
          ],
          [
            106.073596,
            -6.027943
          ],
          [
            106.071289,
            -6.02638
          ],
          [
            106.068114,
            -6.024512
          ],
          [
            106.064939,
            -6.022644
          ],
          [
            106.060982,
            -6.020935
          ],
          [
            106.057025,
            -6.019226
          ],
          [
            106.053745,
            -6.017736
          ],
          [
            106.050465,
            -6.016247
          ],
          [
            106.048385,
            -6.014927
          ],
          [
            106.046306,
            -6.013608
          ],
          [
            106.045749,
            -6.013208
          ],
          [
            106.045191,
            -6.012807
          ],
          [
            106.043406,
            -6.012175
          ],
          [
            106.041621,
            -6.011543
          ],
          [
            106.037239,
            -6.01086
          ],
          [
            106.032856,
            -6.010176
          ],
          [
            106.028951,
            -6.009626
          ],
          [
            106.025045,
            -6.009075
          ],
          [
            106.021793,
            -6.009984
          ],
          [
            106.01854,
            -6.010892
          ],
          [
            106.0155,
            -6.011474
          ],
          [
            106.01246,
            -6.012056
          ],
          [
            106.009563,
            -6.012134
          ],
          [
            106.006667,
            -6.012211
          ],
          [
            106.003198,
            -6.01184
          ],
          [
            105.99973,
            -6.01147
          ],
          [
            105.996921,
            -6.010867
          ],
          [
            105.994113,
            -6.010265
          ],
          [
            105.988977,
            -6.011052
          ],
          [
            105.983841,
            -6.01184
          ],
          [
            105.980132,
            -6.013607
          ],
          [
            105.976423,
            -6.015375
          ],
          [
            105.973485,
            -6.016651
          ],
          [
            105.970547,
            -6.017927
          ],
          [
            105.969919,
            -6.018326
          ],
          [
            105.969291,
            -6.018725
          ],
          [
            105.967025,
            -6.02085
          ],
          [
            105.964758,
            -6.022975
          ],
          [
            105.963127,
            -6.023462
          ],
          [
            105.961495,
            -6.023949
          ],
          [
            105.958851,
            -6.023233
          ],
          [
            105.956207,
            -6.022516
          ],
          [
            105.953825,
            -6.02342
          ],
          [
            105.951444,
            -6.024323
          ],
          [
            105.950308,
            -6.025311
          ],
          [
            105.949172,
            -6.0263
          ],
          [
            105.945886,
            -6.028849
          ],
          [
            105.9426,
            -6.031397
          ],
          [
            105.939526,
            -6.033191
          ],
          [
            105.936452,
            -6.034985
          ],
          [
            105.933928,
            -6.036134
          ],
          [
            105.931403,
            -6.037284
          ],
          [
            105.929077,
            -6.038605
          ],
          [
            105.92675,
            -6.039927
          ],
          [
            105.926202,
            -6.040842
          ],
          [
            105.925654,
            -6.041757
          ],
          [
            105.925629,
            -6.043299
          ],
          [
            105.925605,
            -6.044842
          ],
          [
            105.925298,
            -6.04665
          ],
          [
            105.924992,
            -6.048458
          ],
          [
            105.923865,
            -6.050837
          ],
          [
            105.922737,
            -6.053216
          ]
        ]
      }
    },
    {
      "type": "Feature",
      "properties": {
        "trip_id": 52,
        "nama": "Trip 52 (K-12)",
        "kendaraan": "Truk tangki 24KL",
        "kode_kendaraan": "K-12",
        "trayek": "Cilegon \u2013 Merak",
        "arah": "Depo Cilegon ke Gerbang Pelabuhan Merak",
        "hari": "Sabtu",
        "tanggal": "08-03-2025",
        "jam_mulai": "04:45",
        "jam_selesai": "05:08",
        "jam_berangkat": 4,
        "durasi_menit": 23.0,
        "kecepatan_rata": 29.4,
        "kecepatan_maks": 39.5,
        "jumlah_titik": 89,
        "jarak_km": 11.27,
        "liter_total": 3.55,
        "liter_jalan": 3.54,
        "liter_idle": 0.01,
        "menit_idle": 0.5,
        "liter_per_100km": 31.5,
        "km_per_liter": 3.18,
        "biaya_rp": 24140,
        "liter_boros": 0.03,
        "biaya_boros_rp": 204,
        "jenis_bbm": "Biosolar",
        "harga_per_liter": 6800,
        "malam": true,
        "status_efisiensi": "Efisien"
      },
      "geometry": {
        "type": "LineString",
        "coordinates": [
          [
            106.024787,
            -6.00289
          ],
          [
            106.023636,
            -6.002619
          ],
          [
            106.022484,
            -6.002348
          ],
          [
            106.022499,
            -5.999045
          ],
          [
            106.022514,
            -5.995743
          ],
          [
            106.025236,
            -5.995042
          ],
          [
            106.027958,
            -5.994341
          ],
          [
            106.027873,
            -5.992765
          ],
          [
            106.027789,
            -5.991189
          ],
          [
            106.025858,
            -5.990295
          ],
          [
            106.023927,
            -5.9894
          ],
          [
            106.022945,
            -5.988786
          ],
          [
            106.021964,
            -5.988172
          ],
          [
            106.020783,
            -5.987707
          ],
          [
            106.019603,
            -5.987242
          ],
          [
            106.018991,
            -5.986827
          ],
          [
            106.018379,
            -5.986412
          ],
          [
            106.017923,
            -5.985682
          ],
          [
            106.017468,
            -5.984952
          ],
          [
            106.016956,
            -5.984452
          ],
          [
            106.016445,
            -5.983953
          ],
          [
            106.0156,
            -5.983546
          ],
          [
            106.014755,
            -5.983139
          ],
          [
            106.01394,
            -5.983088
          ],
          [
            106.013125,
            -5.983037
          ],
          [
            106.012154,
            -5.98294
          ],
          [
            106.011183,
            -5.982843
          ],
          [
            106.010437,
            -5.982596
          ],
          [
            106.009692,
            -5.98235
          ],
          [
            106.009352,
            -5.982049
          ],
          [
            106.009012,
            -5.981748
          ],
          [
            106.008845,
            -5.981001
          ],
          [
            106.008678,
            -5.980255
          ],
          [
            106.008464,
            -5.979058
          ],
          [
            106.008249,
            -5.977861
          ],
          [
            106.008246,
            -5.977447
          ],
          [
            106.008242,
            -5.977033
          ],
          [
            106.008462,
            -5.976517
          ],
          [
            106.008682,
            -5.976001
          ],
          [
            106.008176,
            -5.975195
          ],
          [
            106.007671,
            -5.974388
          ],
          [
            106.006949,
            -5.97308
          ],
          [
            106.006228,
            -5.971771
          ],
          [
            106.006035,
            -5.971376
          ],
          [
            106.005842,
            -5.97098
          ],
          [
            106.005387,
            -5.970118
          ],
          [
            106.004933,
            -5.969255
          ],
          [
            106.004582,
            -5.968457
          ],
          [
            106.004231,
            -5.967658
          ],
          [
            106.003848,
            -5.966814
          ],
          [
            106.003464,
            -5.965969
          ],
          [
            106.002783,
            -5.964886
          ],
          [
            106.002102,
            -5.963803
          ],
          [
            106.001184,
            -5.962492
          ],
          [
            106.000267,
            -5.961181
          ],
          [
            105.999981,
            -5.959478
          ],
          [
            105.999696,
            -5.957774
          ],
          [
            105.999547,
            -5.956166
          ],
          [
            105.999397,
            -5.954557
          ],
          [
            106.000428,
            -5.952616
          ],
          [
            106.001458,
            -5.950676
          ],
          [
            106.002139,
            -5.949248
          ],
          [
            106.002819,
            -5.94782
          ],
          [
            106.002724,
            -5.947029
          ],
          [
            106.00263,
            -5.946237
          ],
          [
            106.00257,
            -5.945759
          ],
          [
            106.002511,
            -5.94528
          ],
          [
            106.00276,
            -5.944396
          ],
          [
            106.003009,
            -5.943513
          ],
          [
            106.002673,
            -5.942709
          ],
          [
            106.002337,
            -5.941905
          ],
          [
            106.001881,
            -5.941111
          ],
          [
            106.001426,
            -5.940317
          ],
          [
            106.001327,
            -5.939709
          ],
          [
            106.001228,
            -5.9391
          ],
          [
            106.001695,
            -5.937857
          ],
          [
            106.002163,
            -5.936613
          ],
          [
            106.002003,
            -5.93584
          ],
          [
            106.001842,
            -5.935067
          ],
          [
            106.00157,
            -5.935282
          ],
          [
            106.001298,
            -5.935498
          ],
          [
            106.000902,
            -5.935544
          ],
          [
            106.000507,
            -5.93559
          ],
          [
            106.000125,
            -5.935287
          ],
          [
            105.999744,
            -5.934983
          ],
          [
            105.999501,
            -5.934755
          ],
          [
            105.999257,
            -5.934526
          ],
          [
            105.998408,
            -5.933298
          ],
          [
            105.99756,
            -5.932069
          ]
        ]
      }
    },
    {
      "type": "Feature",
      "properties": {
        "trip_id": 53,
        "nama": "Trip 53 (K-12)",
        "kendaraan": "Truk tangki 24KL",
        "kode_kendaraan": "K-12",
        "trayek": "Cilegon \u2013 Merak",
        "arah": "Gerbang Pelabuhan Merak ke Depo Cilegon",
        "hari": "Sabtu",
        "tanggal": "08-03-2025",
        "jam_mulai": "10:11",
        "jam_selesai": "10:40",
        "jam_berangkat": 10,
        "durasi_menit": 29.4,
        "kecepatan_rata": 23.1,
        "kecepatan_maks": 30.3,
        "jumlah_titik": 89,
        "jarak_km": 11.33,
        "liter_total": 4.03,
        "liter_jalan": 3.98,
        "liter_idle": 0.05,
        "menit_idle": 1.7,
        "liter_per_100km": 35.57,
        "km_per_liter": 2.85,
        "biaya_rp": 27404,
        "liter_boros": 0.49,
        "biaya_boros_rp": 3332,
        "jenis_bbm": "Biosolar",
        "harga_per_liter": 6800,
        "malam": false,
        "status_efisiensi": "Normal"
      },
      "geometry": {
        "type": "LineString",
        "coordinates": [
          [
            105.99756,
            -5.932069
          ],
          [
            105.998408,
            -5.933298
          ],
          [
            105.999257,
            -5.934526
          ],
          [
            105.999501,
            -5.934755
          ],
          [
            105.999744,
            -5.934983
          ],
          [
            106.000125,
            -5.935287
          ],
          [
            106.000507,
            -5.93559
          ],
          [
            106.000902,
            -5.935544
          ],
          [
            106.001298,
            -5.935498
          ],
          [
            106.00157,
            -5.935282
          ],
          [
            106.001842,
            -5.935067
          ],
          [
            106.002003,
            -5.93584
          ],
          [
            106.002163,
            -5.936613
          ],
          [
            106.001695,
            -5.937857
          ],
          [
            106.001228,
            -5.9391
          ],
          [
            106.001327,
            -5.939709
          ],
          [
            106.001426,
            -5.940317
          ],
          [
            106.001881,
            -5.941111
          ],
          [
            106.002337,
            -5.941905
          ],
          [
            106.002673,
            -5.942709
          ],
          [
            106.003009,
            -5.943513
          ],
          [
            106.00276,
            -5.944396
          ],
          [
            106.002511,
            -5.94528
          ],
          [
            106.00257,
            -5.945759
          ],
          [
            106.00263,
            -5.946237
          ],
          [
            106.002724,
            -5.947029
          ],
          [
            106.002819,
            -5.94782
          ],
          [
            106.002139,
            -5.949248
          ],
          [
            106.001458,
            -5.950676
          ],
          [
            106.000428,
            -5.952616
          ],
          [
            105.999397,
            -5.954557
          ],
          [
            105.999547,
            -5.956166
          ],
          [
            105.999696,
            -5.957774
          ],
          [
            105.999981,
            -5.959478
          ],
          [
            106.000267,
            -5.961181
          ],
          [
            106.001184,
            -5.962492
          ],
          [
            106.002102,
            -5.963803
          ],
          [
            106.002783,
            -5.964886
          ],
          [
            106.003464,
            -5.965969
          ],
          [
            106.003848,
            -5.966814
          ],
          [
            106.004231,
            -5.967658
          ],
          [
            106.004582,
            -5.968457
          ],
          [
            106.004933,
            -5.969255
          ],
          [
            106.005387,
            -5.970118
          ],
          [
            106.005842,
            -5.97098
          ],
          [
            106.006035,
            -5.971376
          ],
          [
            106.006228,
            -5.971771
          ],
          [
            106.006949,
            -5.97308
          ],
          [
            106.007671,
            -5.974388
          ],
          [
            106.008176,
            -5.975195
          ],
          [
            106.008682,
            -5.976001
          ],
          [
            106.008462,
            -5.976517
          ],
          [
            106.008242,
            -5.977033
          ],
          [
            106.008246,
            -5.977447
          ],
          [
            106.008249,
            -5.977861
          ],
          [
            106.008464,
            -5.979058
          ],
          [
            106.008678,
            -5.980255
          ],
          [
            106.008845,
            -5.981001
          ],
          [
            106.009012,
            -5.981748
          ],
          [
            106.009352,
            -5.982049
          ],
          [
            106.009692,
            -5.98235
          ],
          [
            106.010437,
            -5.982596
          ],
          [
            106.011183,
            -5.982843
          ],
          [
            106.012154,
            -5.98294
          ],
          [
            106.013125,
            -5.983037
          ],
          [
            106.01394,
            -5.983088
          ],
          [
            106.014755,
            -5.983139
          ],
          [
            106.0156,
            -5.983546
          ],
          [
            106.016445,
            -5.983953
          ],
          [
            106.016956,
            -5.984452
          ],
          [
            106.017468,
            -5.984952
          ],
          [
            106.017923,
            -5.985682
          ],
          [
            106.018379,
            -5.986412
          ],
          [
            106.018991,
            -5.986827
          ],
          [
            106.019603,
            -5.987242
          ],
          [
            106.020783,
            -5.987707
          ],
          [
            106.021964,
            -5.988172
          ],
          [
            106.022945,
            -5.988786
          ],
          [
            106.023927,
            -5.9894
          ],
          [
            106.025858,
            -5.990295
          ],
          [
            106.027789,
            -5.991189
          ],
          [
            106.027873,
            -5.992765
          ],
          [
            106.027958,
            -5.994341
          ],
          [
            106.025236,
            -5.995042
          ],
          [
            106.022514,
            -5.995743
          ],
          [
            106.022499,
            -5.999045
          ],
          [
            106.022484,
            -6.002348
          ],
          [
            106.023636,
            -6.002619
          ],
          [
            106.024787,
            -6.00289
          ]
        ]
      }
    },
    {
      "type": "Feature",
      "properties": {
        "trip_id": 54,
        "nama": "Trip 54 (K-12)",
        "kendaraan": "Truk tangki 24KL",
        "kode_kendaraan": "K-12",
        "trayek": "Cilegon \u2013 Merak",
        "arah": "Depo Cilegon ke Gerbang Pelabuhan Merak",
        "hari": "Sabtu",
        "tanggal": "08-03-2025",
        "jam_mulai": "16:43",
        "jam_selesai": "17:50",
        "jam_berangkat": 16,
        "durasi_menit": 67.5,
        "kecepatan_rata": 10.1,
        "kecepatan_maks": 16.8,
        "jumlah_titik": 89,
        "jarak_km": 11.37,
        "liter_total": 4.84,
        "liter_jalan": 4.6,
        "liter_idle": 0.24,
        "menit_idle": 5.9,
        "liter_per_100km": 42.57,
        "km_per_liter": 2.47,
        "biaya_rp": 32912,
        "liter_boros": 1.29,
        "biaya_boros_rp": 8772,
        "jenis_bbm": "Biosolar",
        "harga_per_liter": 6800,
        "malam": false,
        "status_efisiensi": "Boros"
      },
      "geometry": {
        "type": "LineString",
        "coordinates": [
          [
            106.024787,
            -6.00289
          ],
          [
            106.023636,
            -6.002619
          ],
          [
            106.022484,
            -6.002348
          ],
          [
            106.022499,
            -5.999045
          ],
          [
            106.022514,
            -5.995743
          ],
          [
            106.025236,
            -5.995042
          ],
          [
            106.027958,
            -5.994341
          ],
          [
            106.027873,
            -5.992765
          ],
          [
            106.027789,
            -5.991189
          ],
          [
            106.025858,
            -5.990295
          ],
          [
            106.023927,
            -5.9894
          ],
          [
            106.022945,
            -5.988786
          ],
          [
            106.021964,
            -5.988172
          ],
          [
            106.020783,
            -5.987707
          ],
          [
            106.019603,
            -5.987242
          ],
          [
            106.018991,
            -5.986827
          ],
          [
            106.018379,
            -5.986412
          ],
          [
            106.017923,
            -5.985682
          ],
          [
            106.017468,
            -5.984952
          ],
          [
            106.016956,
            -5.984452
          ],
          [
            106.016445,
            -5.983953
          ],
          [
            106.0156,
            -5.983546
          ],
          [
            106.014755,
            -5.983139
          ],
          [
            106.01394,
            -5.983088
          ],
          [
            106.013125,
            -5.983037
          ],
          [
            106.012154,
            -5.98294
          ],
          [
            106.011183,
            -5.982843
          ],
          [
            106.010437,
            -5.982596
          ],
          [
            106.009692,
            -5.98235
          ],
          [
            106.009352,
            -5.982049
          ],
          [
            106.009012,
            -5.981748
          ],
          [
            106.008845,
            -5.981001
          ],
          [
            106.008678,
            -5.980255
          ],
          [
            106.008464,
            -5.979058
          ],
          [
            106.008249,
            -5.977861
          ],
          [
            106.008246,
            -5.977447
          ],
          [
            106.008242,
            -5.977033
          ],
          [
            106.008462,
            -5.976517
          ],
          [
            106.008682,
            -5.976001
          ],
          [
            106.008176,
            -5.975195
          ],
          [
            106.007671,
            -5.974388
          ],
          [
            106.006949,
            -5.97308
          ],
          [
            106.006228,
            -5.971771
          ],
          [
            106.006035,
            -5.971376
          ],
          [
            106.005842,
            -5.97098
          ],
          [
            106.005387,
            -5.970118
          ],
          [
            106.004933,
            -5.969255
          ],
          [
            106.004582,
            -5.968457
          ],
          [
            106.004231,
            -5.967658
          ],
          [
            106.003848,
            -5.966814
          ],
          [
            106.003464,
            -5.965969
          ],
          [
            106.002783,
            -5.964886
          ],
          [
            106.002102,
            -5.963803
          ],
          [
            106.001184,
            -5.962492
          ],
          [
            106.000267,
            -5.961181
          ],
          [
            105.999981,
            -5.959478
          ],
          [
            105.999696,
            -5.957774
          ],
          [
            105.999547,
            -5.956166
          ],
          [
            105.999397,
            -5.954557
          ],
          [
            106.000428,
            -5.952616
          ],
          [
            106.001458,
            -5.950676
          ],
          [
            106.002139,
            -5.949248
          ],
          [
            106.002819,
            -5.94782
          ],
          [
            106.002724,
            -5.947029
          ],
          [
            106.00263,
            -5.946237
          ],
          [
            106.00257,
            -5.945759
          ],
          [
            106.002511,
            -5.94528
          ],
          [
            106.00276,
            -5.944396
          ],
          [
            106.003009,
            -5.943513
          ],
          [
            106.002673,
            -5.942709
          ],
          [
            106.002337,
            -5.941905
          ],
          [
            106.001881,
            -5.941111
          ],
          [
            106.001426,
            -5.940317
          ],
          [
            106.001327,
            -5.939709
          ],
          [
            106.001228,
            -5.9391
          ],
          [
            106.001695,
            -5.937857
          ],
          [
            106.002163,
            -5.936613
          ],
          [
            106.002003,
            -5.93584
          ],
          [
            106.001842,
            -5.935067
          ],
          [
            106.00157,
            -5.935282
          ],
          [
            106.001298,
            -5.935498
          ],
          [
            106.000902,
            -5.935544
          ],
          [
            106.000507,
            -5.93559
          ],
          [
            106.000125,
            -5.935287
          ],
          [
            105.999744,
            -5.934983
          ],
          [
            105.999501,
            -5.934755
          ],
          [
            105.999257,
            -5.934526
          ],
          [
            105.998408,
            -5.933298
          ],
          [
            105.99756,
            -5.932069
          ]
        ]
      }
    },
    {
      "type": "Feature",
      "properties": {
        "trip_id": 55,
        "nama": "Trip 55 (K-04)",
        "kendaraan": "Truk tangki 30KL",
        "kode_kendaraan": "K-04",
        "trayek": "Serang \u2013 Cilegon",
        "arah": "Depo Serang ke Terminal Cilegon",
        "hari": "Minggu",
        "tanggal": "09-03-2025",
        "jam_mulai": "04:55",
        "jam_selesai": "05:38",
        "jam_berangkat": 4,
        "durasi_menit": 43.0,
        "kecepatan_rata": 40.2,
        "kecepatan_maks": 48.4,
        "jumlah_titik": 87,
        "jarak_km": 28.78,
        "liter_total": 9.06,
        "liter_jalan": 9.05,
        "liter_idle": 0.01,
        "menit_idle": 0.5,
        "liter_per_100km": 31.48,
        "km_per_liter": 3.18,
        "biaya_rp": 61608,
        "liter_boros": 0.07,
        "biaya_boros_rp": 476,
        "jenis_bbm": "Biosolar",
        "harga_per_liter": 6800,
        "malam": true,
        "status_efisiensi": "Efisien"
      },
      "geometry": {
        "type": "LineString",
        "coordinates": [
          [
            106.184492,
            -6.120401
          ],
          [
            106.18302,
            -6.120006
          ],
          [
            106.181548,
            -6.119611
          ],
          [
            106.181962,
            -6.11819
          ],
          [
            106.182376,
            -6.116769
          ],
          [
            106.183165,
            -6.11523
          ],
          [
            106.183954,
            -6.113691
          ],
          [
            106.182965,
            -6.112462
          ],
          [
            106.181977,
            -6.111233
          ],
          [
            106.178041,
            -6.107071
          ],
          [
            106.174104,
            -6.10291
          ],
          [
            106.172775,
            -6.101555
          ],
          [
            106.171446,
            -6.100201
          ],
          [
            106.170243,
            -6.099287
          ],
          [
            106.169039,
            -6.098373
          ],
          [
            106.167923,
            -6.097544
          ],
          [
            106.166806,
            -6.096714
          ],
          [
            106.164179,
            -6.095384
          ],
          [
            106.161552,
            -6.094054
          ],
          [
            106.150789,
            -6.090362
          ],
          [
            106.140026,
            -6.086671
          ],
          [
            106.138655,
            -6.086009
          ],
          [
            106.137283,
            -6.085348
          ],
          [
            106.135965,
            -6.084086
          ],
          [
            106.134648,
            -6.082823
          ],
          [
            106.128433,
            -6.071108
          ],
          [
            106.122219,
            -6.059393
          ],
          [
            106.120039,
            -6.055872
          ],
          [
            106.11786,
            -6.052352
          ],
          [
            106.116649,
            -6.050965
          ],
          [
            106.115439,
            -6.049578
          ],
          [
            106.111776,
            -6.046235
          ],
          [
            106.108113,
            -6.042891
          ],
          [
            106.106827,
            -6.041576
          ],
          [
            106.10554,
            -6.04026
          ],
          [
            106.10378,
            -6.037822
          ],
          [
            106.102019,
            -6.035384
          ],
          [
            106.099596,
            -6.031515
          ],
          [
            106.097174,
            -6.027647
          ],
          [
            106.095443,
            -6.025531
          ],
          [
            106.093712,
            -6.023414
          ],
          [
            106.092225,
            -6.022845
          ],
          [
            106.090738,
            -6.022276
          ],
          [
            106.089192,
            -6.02324
          ],
          [
            106.087646,
            -6.024204
          ],
          [
            106.086703,
            -6.02497
          ],
          [
            106.085761,
            -6.025735
          ],
          [
            106.085247,
            -6.028745
          ],
          [
            106.084733,
            -6.031754
          ],
          [
            106.083847,
            -6.032953
          ],
          [
            106.082962,
            -6.034152
          ],
          [
            106.081626,
            -6.033387
          ],
          [
            106.080289,
            -6.032623
          ],
          [
            106.079026,
            -6.031683
          ],
          [
            106.077762,
            -6.030743
          ],
          [
            106.072342,
            -6.027209
          ],
          [
            106.066922,
            -6.023674
          ],
          [
            106.064022,
            -6.022251
          ],
          [
            106.061123,
            -6.020827
          ],
          [
            106.056438,
            -6.018808
          ],
          [
            106.051754,
            -6.016789
          ],
          [
            106.050271,
            -6.016001
          ],
          [
            106.048787,
            -6.015214
          ],
          [
            106.046452,
            -6.013647
          ],
          [
            106.044116,
            -6.012079
          ],
          [
            106.043044,
            -6.011188
          ],
          [
            106.041972,
            -6.010297
          ],
          [
            106.0413,
            -6.008942
          ],
          [
            106.040627,
            -6.007588
          ],
          [
            106.036017,
            -6.001115
          ],
          [
            106.031408,
            -5.994642
          ],
          [
            106.030219,
            -5.994061
          ],
          [
            106.02903,
            -5.99348
          ],
          [
            106.028137,
            -5.994473
          ],
          [
            106.027244,
            -5.995467
          ],
          [
            106.025915,
            -5.995702
          ],
          [
            106.024587,
            -5.995937
          ],
          [
            106.023599,
            -5.99672
          ],
          [
            106.022612,
            -5.997503
          ],
          [
            106.022582,
            -5.999339
          ],
          [
            106.022552,
            -6.001174
          ],
          [
            106.023665,
            -6.001934
          ],
          [
            106.024778,
            -6.002694
          ],
          [
            106.025294,
            -6.002762
          ],
          [
            106.02581,
            -6.00283
          ],
          [
            106.025299,
            -6.00286
          ],
          [
            106.024787,
            -6.00289
          ]
        ]
      }
    },
    {
      "type": "Feature",
      "properties": {
        "trip_id": 56,
        "nama": "Trip 56 (K-04)",
        "kendaraan": "Truk tangki 30KL",
        "kode_kendaraan": "K-04",
        "trayek": "Serang \u2013 Cilegon",
        "arah": "Terminal Cilegon ke Depo Serang",
        "hari": "Minggu",
        "tanggal": "09-03-2025",
        "jam_mulai": "10:18",
        "jam_selesai": "11:12",
        "jam_berangkat": 10,
        "durasi_menit": 54.6,
        "kecepatan_rata": 31.5,
        "kecepatan_maks": 37.9,
        "jumlah_titik": 87,
        "jarak_km": 28.67,
        "liter_total": 10.01,
        "liter_jalan": 9.99,
        "liter_idle": 0.02,
        "menit_idle": 0.7,
        "liter_per_100km": 34.91,
        "km_per_liter": 2.87,
        "biaya_rp": 68068,
        "liter_boros": 1.05,
        "biaya_boros_rp": 7140,
        "jenis_bbm": "Biosolar",
        "harga_per_liter": 6800,
        "malam": false,
        "status_efisiensi": "Normal"
      },
      "geometry": {
        "type": "LineString",
        "coordinates": [
          [
            106.024787,
            -6.00289
          ],
          [
            106.025299,
            -6.00286
          ],
          [
            106.02581,
            -6.00283
          ],
          [
            106.025294,
            -6.002762
          ],
          [
            106.024778,
            -6.002694
          ],
          [
            106.023665,
            -6.001934
          ],
          [
            106.022552,
            -6.001174
          ],
          [
            106.022582,
            -5.999339
          ],
          [
            106.022612,
            -5.997503
          ],
          [
            106.023599,
            -5.99672
          ],
          [
            106.024587,
            -5.995937
          ],
          [
            106.025915,
            -5.995702
          ],
          [
            106.027244,
            -5.995467
          ],
          [
            106.028137,
            -5.994473
          ],
          [
            106.02903,
            -5.99348
          ],
          [
            106.030219,
            -5.994061
          ],
          [
            106.031408,
            -5.994642
          ],
          [
            106.036017,
            -6.001115
          ],
          [
            106.040627,
            -6.007588
          ],
          [
            106.0413,
            -6.008942
          ],
          [
            106.041972,
            -6.010297
          ],
          [
            106.043044,
            -6.011188
          ],
          [
            106.044116,
            -6.012079
          ],
          [
            106.046452,
            -6.013647
          ],
          [
            106.048787,
            -6.015214
          ],
          [
            106.050271,
            -6.016001
          ],
          [
            106.051754,
            -6.016789
          ],
          [
            106.056438,
            -6.018808
          ],
          [
            106.061123,
            -6.020827
          ],
          [
            106.064022,
            -6.022251
          ],
          [
            106.066922,
            -6.023674
          ],
          [
            106.072342,
            -6.027209
          ],
          [
            106.077762,
            -6.030743
          ],
          [
            106.079026,
            -6.031683
          ],
          [
            106.080289,
            -6.032623
          ],
          [
            106.081626,
            -6.033387
          ],
          [
            106.082962,
            -6.034152
          ],
          [
            106.083847,
            -6.032953
          ],
          [
            106.084733,
            -6.031754
          ],
          [
            106.085247,
            -6.028745
          ],
          [
            106.085761,
            -6.025735
          ],
          [
            106.086703,
            -6.02497
          ],
          [
            106.087646,
            -6.024204
          ],
          [
            106.089192,
            -6.02324
          ],
          [
            106.090738,
            -6.022276
          ],
          [
            106.092225,
            -6.022845
          ],
          [
            106.093712,
            -6.023414
          ],
          [
            106.095443,
            -6.025531
          ],
          [
            106.097174,
            -6.027647
          ],
          [
            106.099596,
            -6.031515
          ],
          [
            106.102019,
            -6.035384
          ],
          [
            106.10378,
            -6.037822
          ],
          [
            106.10554,
            -6.04026
          ],
          [
            106.106827,
            -6.041576
          ],
          [
            106.108113,
            -6.042891
          ],
          [
            106.111776,
            -6.046235
          ],
          [
            106.115439,
            -6.049578
          ],
          [
            106.116649,
            -6.050965
          ],
          [
            106.11786,
            -6.052352
          ],
          [
            106.120039,
            -6.055872
          ],
          [
            106.122219,
            -6.059393
          ],
          [
            106.128433,
            -6.071108
          ],
          [
            106.134648,
            -6.082823
          ],
          [
            106.135965,
            -6.084086
          ],
          [
            106.137283,
            -6.085348
          ],
          [
            106.138655,
            -6.086009
          ],
          [
            106.140026,
            -6.086671
          ],
          [
            106.150789,
            -6.090362
          ],
          [
            106.161552,
            -6.094054
          ],
          [
            106.164179,
            -6.095384
          ],
          [
            106.166806,
            -6.096714
          ],
          [
            106.167923,
            -6.097544
          ],
          [
            106.169039,
            -6.098373
          ],
          [
            106.170243,
            -6.099287
          ],
          [
            106.171446,
            -6.100201
          ],
          [
            106.172775,
            -6.101555
          ],
          [
            106.174104,
            -6.10291
          ],
          [
            106.178041,
            -6.107071
          ],
          [
            106.181977,
            -6.111233
          ],
          [
            106.182965,
            -6.112462
          ],
          [
            106.183954,
            -6.113691
          ],
          [
            106.183165,
            -6.11523
          ],
          [
            106.182376,
            -6.116769
          ],
          [
            106.181962,
            -6.11819
          ],
          [
            106.181548,
            -6.119611
          ],
          [
            106.18302,
            -6.120006
          ],
          [
            106.184492,
            -6.120401
          ]
        ]
      }
    },
    {
      "type": "Feature",
      "properties": {
        "trip_id": 57,
        "nama": "Trip 57 (K-04)",
        "kendaraan": "Truk tangki 30KL",
        "kode_kendaraan": "K-04",
        "trayek": "Serang \u2013 Cilegon",
        "arah": "Terminal Cilegon ke Depo Serang",
        "hari": "Minggu",
        "tanggal": "09-03-2025",
        "jam_mulai": "16:36",
        "jam_selesai": "18:18",
        "jam_berangkat": 16,
        "durasi_menit": 102.0,
        "kecepatan_rata": 16.8,
        "kecepatan_maks": 23.6,
        "jumlah_titik": 87,
        "jarak_km": 28.61,
        "liter_total": 11.16,
        "liter_jalan": 10.96,
        "liter_idle": 0.2,
        "menit_idle": 5.1,
        "liter_per_100km": 39.01,
        "km_per_liter": 2.61,
        "biaya_rp": 75888,
        "liter_boros": 2.22,
        "biaya_boros_rp": 15096,
        "jenis_bbm": "Biosolar",
        "harga_per_liter": 6800,
        "malam": false,
        "status_efisiensi": "Boros"
      },
      "geometry": {
        "type": "LineString",
        "coordinates": [
          [
            106.024787,
            -6.00289
          ],
          [
            106.025299,
            -6.00286
          ],
          [
            106.02581,
            -6.00283
          ],
          [
            106.025294,
            -6.002762
          ],
          [
            106.024778,
            -6.002694
          ],
          [
            106.023665,
            -6.001934
          ],
          [
            106.022552,
            -6.001174
          ],
          [
            106.022582,
            -5.999339
          ],
          [
            106.022612,
            -5.997503
          ],
          [
            106.023599,
            -5.99672
          ],
          [
            106.024587,
            -5.995937
          ],
          [
            106.025915,
            -5.995702
          ],
          [
            106.027244,
            -5.995467
          ],
          [
            106.028137,
            -5.994473
          ],
          [
            106.02903,
            -5.99348
          ],
          [
            106.030219,
            -5.994061
          ],
          [
            106.031408,
            -5.994642
          ],
          [
            106.036017,
            -6.001115
          ],
          [
            106.040627,
            -6.007588
          ],
          [
            106.0413,
            -6.008942
          ],
          [
            106.041972,
            -6.010297
          ],
          [
            106.043044,
            -6.011188
          ],
          [
            106.044116,
            -6.012079
          ],
          [
            106.046452,
            -6.013647
          ],
          [
            106.048787,
            -6.015214
          ],
          [
            106.050271,
            -6.016001
          ],
          [
            106.051754,
            -6.016789
          ],
          [
            106.056438,
            -6.018808
          ],
          [
            106.061123,
            -6.020827
          ],
          [
            106.064022,
            -6.022251
          ],
          [
            106.066922,
            -6.023674
          ],
          [
            106.072342,
            -6.027209
          ],
          [
            106.077762,
            -6.030743
          ],
          [
            106.079026,
            -6.031683
          ],
          [
            106.080289,
            -6.032623
          ],
          [
            106.081626,
            -6.033387
          ],
          [
            106.082962,
            -6.034152
          ],
          [
            106.083847,
            -6.032953
          ],
          [
            106.084733,
            -6.031754
          ],
          [
            106.085247,
            -6.028745
          ],
          [
            106.085761,
            -6.025735
          ],
          [
            106.086703,
            -6.02497
          ],
          [
            106.087646,
            -6.024204
          ],
          [
            106.089192,
            -6.02324
          ],
          [
            106.090738,
            -6.022276
          ],
          [
            106.092225,
            -6.022845
          ],
          [
            106.093712,
            -6.023414
          ],
          [
            106.095443,
            -6.025531
          ],
          [
            106.097174,
            -6.027647
          ],
          [
            106.099596,
            -6.031515
          ],
          [
            106.102019,
            -6.035384
          ],
          [
            106.10378,
            -6.037822
          ],
          [
            106.10554,
            -6.04026
          ],
          [
            106.106827,
            -6.041576
          ],
          [
            106.108113,
            -6.042891
          ],
          [
            106.111776,
            -6.046235
          ],
          [
            106.115439,
            -6.049578
          ],
          [
            106.116649,
            -6.050965
          ],
          [
            106.11786,
            -6.052352
          ],
          [
            106.120039,
            -6.055872
          ],
          [
            106.122219,
            -6.059393
          ],
          [
            106.128433,
            -6.071108
          ],
          [
            106.134648,
            -6.082823
          ],
          [
            106.135965,
            -6.084086
          ],
          [
            106.137283,
            -6.085348
          ],
          [
            106.138655,
            -6.086009
          ],
          [
            106.140026,
            -6.086671
          ],
          [
            106.150789,
            -6.090362
          ],
          [
            106.161552,
            -6.094054
          ],
          [
            106.164179,
            -6.095384
          ],
          [
            106.166806,
            -6.096714
          ],
          [
            106.167923,
            -6.097544
          ],
          [
            106.169039,
            -6.098373
          ],
          [
            106.170243,
            -6.099287
          ],
          [
            106.171446,
            -6.100201
          ],
          [
            106.172775,
            -6.101555
          ],
          [
            106.174104,
            -6.10291
          ],
          [
            106.178041,
            -6.107071
          ],
          [
            106.181977,
            -6.111233
          ],
          [
            106.182965,
            -6.112462
          ],
          [
            106.183954,
            -6.113691
          ],
          [
            106.183165,
            -6.11523
          ],
          [
            106.182376,
            -6.116769
          ],
          [
            106.181962,
            -6.11819
          ],
          [
            106.181548,
            -6.119611
          ],
          [
            106.18302,
            -6.120006
          ],
          [
            106.184492,
            -6.120401
          ]
        ]
      }
    },
    {
      "type": "Feature",
      "properties": {
        "trip_id": 58,
        "nama": "Trip 58 (K-07)",
        "kendaraan": "Truk tangki 16KL",
        "kode_kendaraan": "K-07",
        "trayek": "Serang \u2013 Anyer",
        "arah": "Depo Serang ke SPBU / Kawasan Anyer",
        "hari": "Minggu",
        "tanggal": "09-03-2025",
        "jam_mulai": "04:45",
        "jam_selesai": "05:46",
        "jam_berangkat": 4,
        "durasi_menit": 61.1,
        "kecepatan_rata": 38.2,
        "kecepatan_maks": 47.9,
        "jumlah_titik": 109,
        "jarak_km": 38.87,
        "liter_total": 12.27,
        "liter_jalan": 12.26,
        "liter_idle": 0.01,
        "menit_idle": 0.3,
        "liter_per_100km": 31.57,
        "km_per_liter": 3.17,
        "biaya_rp": 83436,
        "liter_boros": 0.12,
        "biaya_boros_rp": 816,
        "jenis_bbm": "Biosolar",
        "harga_per_liter": 6800,
        "malam": true,
        "status_efisiensi": "Efisien"
      },
      "geometry": {
        "type": "LineString",
        "coordinates": [
          [
            106.184492,
            -6.120401
          ],
          [
            106.182988,
            -6.120449
          ],
          [
            106.181485,
            -6.120497
          ],
          [
            106.181689,
            -6.119015
          ],
          [
            106.181893,
            -6.117534
          ],
          [
            106.18275,
            -6.116447
          ],
          [
            106.183607,
            -6.115361
          ],
          [
            106.183838,
            -6.114493
          ],
          [
            106.184069,
            -6.113625
          ],
          [
            106.180187,
            -6.109409
          ],
          [
            106.176306,
            -6.105193
          ],
          [
            106.170921,
            -6.100575
          ],
          [
            106.165536,
            -6.095958
          ],
          [
            106.158769,
            -6.093378
          ],
          [
            106.152001,
            -6.090798
          ],
          [
            106.145865,
            -6.088704
          ],
          [
            106.139728,
            -6.08661
          ],
          [
            106.135638,
            -6.081891
          ],
          [
            106.131547,
            -6.077171
          ],
          [
            106.126623,
            -6.067851
          ],
          [
            106.1217,
            -6.058531
          ],
          [
            106.119329,
            -6.054898
          ],
          [
            106.116959,
            -6.051265
          ],
          [
            106.112505,
            -6.047156
          ],
          [
            106.108051,
            -6.043048
          ],
          [
            106.105373,
            -6.039813
          ],
          [
            106.102696,
            -6.036578
          ],
          [
            106.098298,
            -6.030036
          ],
          [
            106.093901,
            -6.023493
          ],
          [
            106.093069,
            -6.022763
          ],
          [
            106.092237,
            -6.022034
          ],
          [
            106.091267,
            -6.022133
          ],
          [
            106.090297,
            -6.022233
          ],
          [
            106.088664,
            -6.023358
          ],
          [
            106.087031,
            -6.024483
          ],
          [
            106.086275,
            -6.025137
          ],
          [
            106.085519,
            -6.025791
          ],
          [
            106.085363,
            -6.028265
          ],
          [
            106.085206,
            -6.03074
          ],
          [
            106.08464,
            -6.031801
          ],
          [
            106.084073,
            -6.032862
          ],
          [
            106.083619,
            -6.033632
          ],
          [
            106.083165,
            -6.034402
          ],
          [
            106.081554,
            -6.033392
          ],
          [
            106.079943,
            -6.032382
          ],
          [
            106.077923,
            -6.030944
          ],
          [
            106.075904,
            -6.029506
          ],
          [
            106.073596,
            -6.027943
          ],
          [
            106.071289,
            -6.02638
          ],
          [
            106.068114,
            -6.024512
          ],
          [
            106.064939,
            -6.022644
          ],
          [
            106.060982,
            -6.020935
          ],
          [
            106.057025,
            -6.019226
          ],
          [
            106.053745,
            -6.017736
          ],
          [
            106.050465,
            -6.016247
          ],
          [
            106.048385,
            -6.014927
          ],
          [
            106.046306,
            -6.013608
          ],
          [
            106.045749,
            -6.013208
          ],
          [
            106.045191,
            -6.012807
          ],
          [
            106.043406,
            -6.012175
          ],
          [
            106.041621,
            -6.011543
          ],
          [
            106.037239,
            -6.01086
          ],
          [
            106.032856,
            -6.010176
          ],
          [
            106.028951,
            -6.009626
          ],
          [
            106.025045,
            -6.009075
          ],
          [
            106.021793,
            -6.009984
          ],
          [
            106.01854,
            -6.010892
          ],
          [
            106.0155,
            -6.011474
          ],
          [
            106.01246,
            -6.012056
          ],
          [
            106.009563,
            -6.012134
          ],
          [
            106.006667,
            -6.012211
          ],
          [
            106.003198,
            -6.01184
          ],
          [
            105.99973,
            -6.01147
          ],
          [
            105.996921,
            -6.010867
          ],
          [
            105.994113,
            -6.010265
          ],
          [
            105.988977,
            -6.011052
          ],
          [
            105.983841,
            -6.01184
          ],
          [
            105.980132,
            -6.013607
          ],
          [
            105.976423,
            -6.015375
          ],
          [
            105.973485,
            -6.016651
          ],
          [
            105.970547,
            -6.017927
          ],
          [
            105.969919,
            -6.018326
          ],
          [
            105.969291,
            -6.018725
          ],
          [
            105.967025,
            -6.02085
          ],
          [
            105.964758,
            -6.022975
          ],
          [
            105.963127,
            -6.023462
          ],
          [
            105.961495,
            -6.023949
          ],
          [
            105.958851,
            -6.023233
          ],
          [
            105.956207,
            -6.022516
          ],
          [
            105.953825,
            -6.02342
          ],
          [
            105.951444,
            -6.024323
          ],
          [
            105.950308,
            -6.025311
          ],
          [
            105.949172,
            -6.0263
          ],
          [
            105.945886,
            -6.028849
          ],
          [
            105.9426,
            -6.031397
          ],
          [
            105.939526,
            -6.033191
          ],
          [
            105.936452,
            -6.034985
          ],
          [
            105.933928,
            -6.036134
          ],
          [
            105.931403,
            -6.037284
          ],
          [
            105.929077,
            -6.038605
          ],
          [
            105.92675,
            -6.039927
          ],
          [
            105.926202,
            -6.040842
          ],
          [
            105.925654,
            -6.041757
          ],
          [
            105.925629,
            -6.043299
          ],
          [
            105.925605,
            -6.044842
          ],
          [
            105.925298,
            -6.04665
          ],
          [
            105.924992,
            -6.048458
          ],
          [
            105.923865,
            -6.050837
          ],
          [
            105.922737,
            -6.053216
          ]
        ]
      }
    },
    {
      "type": "Feature",
      "properties": {
        "trip_id": 59,
        "nama": "Trip 59 (K-07)",
        "kendaraan": "Truk tangki 16KL",
        "kode_kendaraan": "K-07",
        "trayek": "Serang \u2013 Anyer",
        "arah": "SPBU / Kawasan Anyer ke Depo Serang",
        "hari": "Minggu",
        "tanggal": "09-03-2025",
        "jam_mulai": "10:05",
        "jam_selesai": "11:25",
        "jam_berangkat": 10,
        "durasi_menit": 80.3,
        "kecepatan_rata": 28.9,
        "kecepatan_maks": 37.8,
        "jumlah_titik": 109,
        "jarak_km": 38.67,
        "liter_total": 14.2,
        "liter_jalan": 14.16,
        "liter_idle": 0.04,
        "menit_idle": 1.3,
        "liter_per_100km": 36.72,
        "km_per_liter": 2.73,
        "biaya_rp": 96560,
        "liter_boros": 2.12,
        "biaya_boros_rp": 14416,
        "jenis_bbm": "Biosolar",
        "harga_per_liter": 6800,
        "malam": false,
        "status_efisiensi": "Normal"
      },
      "geometry": {
        "type": "LineString",
        "coordinates": [
          [
            105.922737,
            -6.053216
          ],
          [
            105.923865,
            -6.050837
          ],
          [
            105.924992,
            -6.048458
          ],
          [
            105.925298,
            -6.04665
          ],
          [
            105.925605,
            -6.044842
          ],
          [
            105.925629,
            -6.043299
          ],
          [
            105.925654,
            -6.041757
          ],
          [
            105.926202,
            -6.040842
          ],
          [
            105.92675,
            -6.039927
          ],
          [
            105.929077,
            -6.038605
          ],
          [
            105.931403,
            -6.037284
          ],
          [
            105.933928,
            -6.036134
          ],
          [
            105.936452,
            -6.034985
          ],
          [
            105.939526,
            -6.033191
          ],
          [
            105.9426,
            -6.031397
          ],
          [
            105.945886,
            -6.028849
          ],
          [
            105.949172,
            -6.0263
          ],
          [
            105.950308,
            -6.025311
          ],
          [
            105.951444,
            -6.024323
          ],
          [
            105.953825,
            -6.02342
          ],
          [
            105.956207,
            -6.022516
          ],
          [
            105.958851,
            -6.023233
          ],
          [
            105.961495,
            -6.023949
          ],
          [
            105.963127,
            -6.023462
          ],
          [
            105.964758,
            -6.022975
          ],
          [
            105.967025,
            -6.02085
          ],
          [
            105.969291,
            -6.018725
          ],
          [
            105.969919,
            -6.018326
          ],
          [
            105.970547,
            -6.017927
          ],
          [
            105.973485,
            -6.016651
          ],
          [
            105.976423,
            -6.015375
          ],
          [
            105.980132,
            -6.013607
          ],
          [
            105.983841,
            -6.01184
          ],
          [
            105.988977,
            -6.011052
          ],
          [
            105.994113,
            -6.010265
          ],
          [
            105.996921,
            -6.010867
          ],
          [
            105.99973,
            -6.01147
          ],
          [
            106.003198,
            -6.01184
          ],
          [
            106.006667,
            -6.012211
          ],
          [
            106.009563,
            -6.012134
          ],
          [
            106.01246,
            -6.012056
          ],
          [
            106.0155,
            -6.011474
          ],
          [
            106.01854,
            -6.010892
          ],
          [
            106.021793,
            -6.009984
          ],
          [
            106.025045,
            -6.009075
          ],
          [
            106.028951,
            -6.009626
          ],
          [
            106.032856,
            -6.010176
          ],
          [
            106.037239,
            -6.01086
          ],
          [
            106.041621,
            -6.011543
          ],
          [
            106.043406,
            -6.012175
          ],
          [
            106.045191,
            -6.012807
          ],
          [
            106.045749,
            -6.013208
          ],
          [
            106.046306,
            -6.013608
          ],
          [
            106.048385,
            -6.014927
          ],
          [
            106.050465,
            -6.016247
          ],
          [
            106.053745,
            -6.017736
          ],
          [
            106.057025,
            -6.019226
          ],
          [
            106.060982,
            -6.020935
          ],
          [
            106.064939,
            -6.022644
          ],
          [
            106.068114,
            -6.024512
          ],
          [
            106.071289,
            -6.02638
          ],
          [
            106.073596,
            -6.027943
          ],
          [
            106.075904,
            -6.029506
          ],
          [
            106.077923,
            -6.030944
          ],
          [
            106.079943,
            -6.032382
          ],
          [
            106.081554,
            -6.033392
          ],
          [
            106.083165,
            -6.034402
          ],
          [
            106.083619,
            -6.033632
          ],
          [
            106.084073,
            -6.032862
          ],
          [
            106.08464,
            -6.031801
          ],
          [
            106.085206,
            -6.03074
          ],
          [
            106.085363,
            -6.028265
          ],
          [
            106.085519,
            -6.025791
          ],
          [
            106.086275,
            -6.025137
          ],
          [
            106.087031,
            -6.024483
          ],
          [
            106.088664,
            -6.023358
          ],
          [
            106.090297,
            -6.022233
          ],
          [
            106.091267,
            -6.022133
          ],
          [
            106.092237,
            -6.022034
          ],
          [
            106.093069,
            -6.022763
          ],
          [
            106.093901,
            -6.023493
          ],
          [
            106.098298,
            -6.030036
          ],
          [
            106.102696,
            -6.036578
          ],
          [
            106.105373,
            -6.039813
          ],
          [
            106.108051,
            -6.043048
          ],
          [
            106.112505,
            -6.047156
          ],
          [
            106.116959,
            -6.051265
          ],
          [
            106.119329,
            -6.054898
          ],
          [
            106.1217,
            -6.058531
          ],
          [
            106.126623,
            -6.067851
          ],
          [
            106.131547,
            -6.077171
          ],
          [
            106.135638,
            -6.081891
          ],
          [
            106.139728,
            -6.08661
          ],
          [
            106.145865,
            -6.088704
          ],
          [
            106.152001,
            -6.090798
          ],
          [
            106.158769,
            -6.093378
          ],
          [
            106.165536,
            -6.095958
          ],
          [
            106.170921,
            -6.100575
          ],
          [
            106.176306,
            -6.105193
          ],
          [
            106.180187,
            -6.109409
          ],
          [
            106.184069,
            -6.113625
          ],
          [
            106.183838,
            -6.114493
          ],
          [
            106.183607,
            -6.115361
          ],
          [
            106.18275,
            -6.116447
          ],
          [
            106.181893,
            -6.117534
          ],
          [
            106.181689,
            -6.119015
          ],
          [
            106.181485,
            -6.120497
          ],
          [
            106.182988,
            -6.120449
          ],
          [
            106.184492,
            -6.120401
          ]
        ]
      }
    },
    {
      "type": "Feature",
      "properties": {
        "trip_id": 60,
        "nama": "Trip 60 (K-07)",
        "kendaraan": "Truk tangki 16KL",
        "kode_kendaraan": "K-07",
        "trayek": "Serang \u2013 Anyer",
        "arah": "SPBU / Kawasan Anyer ke Depo Serang",
        "hari": "Minggu",
        "tanggal": "09-03-2025",
        "jam_mulai": "16:30",
        "jam_selesai": "18:57",
        "jam_berangkat": 16,
        "durasi_menit": 147.2,
        "kecepatan_rata": 15.8,
        "kecepatan_maks": 22.1,
        "jumlah_titik": 109,
        "jarak_km": 38.82,
        "liter_total": 16.15,
        "liter_jalan": 15.98,
        "liter_idle": 0.17,
        "menit_idle": 4.3,
        "liter_per_100km": 41.6,
        "km_per_liter": 2.43,
        "biaya_rp": 109820,
        "liter_boros": 4.02,
        "biaya_boros_rp": 27336,
        "jenis_bbm": "Biosolar",
        "harga_per_liter": 6800,
        "malam": false,
        "status_efisiensi": "Boros"
      },
      "geometry": {
        "type": "LineString",
        "coordinates": [
          [
            105.922737,
            -6.053216
          ],
          [
            105.923865,
            -6.050837
          ],
          [
            105.924992,
            -6.048458
          ],
          [
            105.925298,
            -6.04665
          ],
          [
            105.925605,
            -6.044842
          ],
          [
            105.925629,
            -6.043299
          ],
          [
            105.925654,
            -6.041757
          ],
          [
            105.926202,
            -6.040842
          ],
          [
            105.92675,
            -6.039927
          ],
          [
            105.929077,
            -6.038605
          ],
          [
            105.931403,
            -6.037284
          ],
          [
            105.933928,
            -6.036134
          ],
          [
            105.936452,
            -6.034985
          ],
          [
            105.939526,
            -6.033191
          ],
          [
            105.9426,
            -6.031397
          ],
          [
            105.945886,
            -6.028849
          ],
          [
            105.949172,
            -6.0263
          ],
          [
            105.950308,
            -6.025311
          ],
          [
            105.951444,
            -6.024323
          ],
          [
            105.953825,
            -6.02342
          ],
          [
            105.956207,
            -6.022516
          ],
          [
            105.958851,
            -6.023233
          ],
          [
            105.961495,
            -6.023949
          ],
          [
            105.963127,
            -6.023462
          ],
          [
            105.964758,
            -6.022975
          ],
          [
            105.967025,
            -6.02085
          ],
          [
            105.969291,
            -6.018725
          ],
          [
            105.969919,
            -6.018326
          ],
          [
            105.970547,
            -6.017927
          ],
          [
            105.973485,
            -6.016651
          ],
          [
            105.976423,
            -6.015375
          ],
          [
            105.980132,
            -6.013607
          ],
          [
            105.983841,
            -6.01184
          ],
          [
            105.988977,
            -6.011052
          ],
          [
            105.994113,
            -6.010265
          ],
          [
            105.996921,
            -6.010867
          ],
          [
            105.99973,
            -6.01147
          ],
          [
            106.003198,
            -6.01184
          ],
          [
            106.006667,
            -6.012211
          ],
          [
            106.009563,
            -6.012134
          ],
          [
            106.01246,
            -6.012056
          ],
          [
            106.0155,
            -6.011474
          ],
          [
            106.01854,
            -6.010892
          ],
          [
            106.021793,
            -6.009984
          ],
          [
            106.025045,
            -6.009075
          ],
          [
            106.028951,
            -6.009626
          ],
          [
            106.032856,
            -6.010176
          ],
          [
            106.037239,
            -6.01086
          ],
          [
            106.041621,
            -6.011543
          ],
          [
            106.043406,
            -6.012175
          ],
          [
            106.045191,
            -6.012807
          ],
          [
            106.045749,
            -6.013208
          ],
          [
            106.046306,
            -6.013608
          ],
          [
            106.048385,
            -6.014927
          ],
          [
            106.050465,
            -6.016247
          ],
          [
            106.053745,
            -6.017736
          ],
          [
            106.057025,
            -6.019226
          ],
          [
            106.060982,
            -6.020935
          ],
          [
            106.064939,
            -6.022644
          ],
          [
            106.068114,
            -6.024512
          ],
          [
            106.071289,
            -6.02638
          ],
          [
            106.073596,
            -6.027943
          ],
          [
            106.075904,
            -6.029506
          ],
          [
            106.077923,
            -6.030944
          ],
          [
            106.079943,
            -6.032382
          ],
          [
            106.081554,
            -6.033392
          ],
          [
            106.083165,
            -6.034402
          ],
          [
            106.083619,
            -6.033632
          ],
          [
            106.084073,
            -6.032862
          ],
          [
            106.08464,
            -6.031801
          ],
          [
            106.085206,
            -6.03074
          ],
          [
            106.085363,
            -6.028265
          ],
          [
            106.085519,
            -6.025791
          ],
          [
            106.086275,
            -6.025137
          ],
          [
            106.087031,
            -6.024483
          ],
          [
            106.088664,
            -6.023358
          ],
          [
            106.090297,
            -6.022233
          ],
          [
            106.091267,
            -6.022133
          ],
          [
            106.092237,
            -6.022034
          ],
          [
            106.093069,
            -6.022763
          ],
          [
            106.093901,
            -6.023493
          ],
          [
            106.098298,
            -6.030036
          ],
          [
            106.102696,
            -6.036578
          ],
          [
            106.105373,
            -6.039813
          ],
          [
            106.108051,
            -6.043048
          ],
          [
            106.112505,
            -6.047156
          ],
          [
            106.116959,
            -6.051265
          ],
          [
            106.119329,
            -6.054898
          ],
          [
            106.1217,
            -6.058531
          ],
          [
            106.126623,
            -6.067851
          ],
          [
            106.131547,
            -6.077171
          ],
          [
            106.135638,
            -6.081891
          ],
          [
            106.139728,
            -6.08661
          ],
          [
            106.145865,
            -6.088704
          ],
          [
            106.152001,
            -6.090798
          ],
          [
            106.158769,
            -6.093378
          ],
          [
            106.165536,
            -6.095958
          ],
          [
            106.170921,
            -6.100575
          ],
          [
            106.176306,
            -6.105193
          ],
          [
            106.180187,
            -6.109409
          ],
          [
            106.184069,
            -6.113625
          ],
          [
            106.183838,
            -6.114493
          ],
          [
            106.183607,
            -6.115361
          ],
          [
            106.18275,
            -6.116447
          ],
          [
            106.181893,
            -6.117534
          ],
          [
            106.181689,
            -6.119015
          ],
          [
            106.181485,
            -6.120497
          ],
          [
            106.182988,
            -6.120449
          ],
          [
            106.184492,
            -6.120401
          ]
        ]
      }
    },
    {
      "type": "Feature",
      "properties": {
        "trip_id": 61,
        "nama": "Trip 61 (K-12)",
        "kendaraan": "Truk tangki 24KL",
        "kode_kendaraan": "K-12",
        "trayek": "Cilegon \u2013 Merak",
        "arah": "Depo Cilegon ke Gerbang Pelabuhan Merak",
        "hari": "Minggu",
        "tanggal": "09-03-2025",
        "jam_mulai": "04:47",
        "jam_selesai": "05:08",
        "jam_berangkat": 4,
        "durasi_menit": 21.6,
        "kecepatan_rata": 30.9,
        "kecepatan_maks": 40.9,
        "jumlah_titik": 89,
        "jarak_km": 11.12,
        "liter_total": 3.48,
        "liter_jalan": 3.47,
        "liter_idle": 0.01,
        "menit_idle": 0.5,
        "liter_per_100km": 31.29,
        "km_per_liter": 3.2,
        "biaya_rp": 23664,
        "liter_boros": 0.01,
        "biaya_boros_rp": 68,
        "jenis_bbm": "Biosolar",
        "harga_per_liter": 6800,
        "malam": true,
        "status_efisiensi": "Efisien"
      },
      "geometry": {
        "type": "LineString",
        "coordinates": [
          [
            106.024787,
            -6.00289
          ],
          [
            106.023636,
            -6.002619
          ],
          [
            106.022484,
            -6.002348
          ],
          [
            106.022499,
            -5.999045
          ],
          [
            106.022514,
            -5.995743
          ],
          [
            106.025236,
            -5.995042
          ],
          [
            106.027958,
            -5.994341
          ],
          [
            106.027873,
            -5.992765
          ],
          [
            106.027789,
            -5.991189
          ],
          [
            106.025858,
            -5.990295
          ],
          [
            106.023927,
            -5.9894
          ],
          [
            106.022945,
            -5.988786
          ],
          [
            106.021964,
            -5.988172
          ],
          [
            106.020783,
            -5.987707
          ],
          [
            106.019603,
            -5.987242
          ],
          [
            106.018991,
            -5.986827
          ],
          [
            106.018379,
            -5.986412
          ],
          [
            106.017923,
            -5.985682
          ],
          [
            106.017468,
            -5.984952
          ],
          [
            106.016956,
            -5.984452
          ],
          [
            106.016445,
            -5.983953
          ],
          [
            106.0156,
            -5.983546
          ],
          [
            106.014755,
            -5.983139
          ],
          [
            106.01394,
            -5.983088
          ],
          [
            106.013125,
            -5.983037
          ],
          [
            106.012154,
            -5.98294
          ],
          [
            106.011183,
            -5.982843
          ],
          [
            106.010437,
            -5.982596
          ],
          [
            106.009692,
            -5.98235
          ],
          [
            106.009352,
            -5.982049
          ],
          [
            106.009012,
            -5.981748
          ],
          [
            106.008845,
            -5.981001
          ],
          [
            106.008678,
            -5.980255
          ],
          [
            106.008464,
            -5.979058
          ],
          [
            106.008249,
            -5.977861
          ],
          [
            106.008246,
            -5.977447
          ],
          [
            106.008242,
            -5.977033
          ],
          [
            106.008462,
            -5.976517
          ],
          [
            106.008682,
            -5.976001
          ],
          [
            106.008176,
            -5.975195
          ],
          [
            106.007671,
            -5.974388
          ],
          [
            106.006949,
            -5.97308
          ],
          [
            106.006228,
            -5.971771
          ],
          [
            106.006035,
            -5.971376
          ],
          [
            106.005842,
            -5.97098
          ],
          [
            106.005387,
            -5.970118
          ],
          [
            106.004933,
            -5.969255
          ],
          [
            106.004582,
            -5.968457
          ],
          [
            106.004231,
            -5.967658
          ],
          [
            106.003848,
            -5.966814
          ],
          [
            106.003464,
            -5.965969
          ],
          [
            106.002783,
            -5.964886
          ],
          [
            106.002102,
            -5.963803
          ],
          [
            106.001184,
            -5.962492
          ],
          [
            106.000267,
            -5.961181
          ],
          [
            105.999981,
            -5.959478
          ],
          [
            105.999696,
            -5.957774
          ],
          [
            105.999547,
            -5.956166
          ],
          [
            105.999397,
            -5.954557
          ],
          [
            106.000428,
            -5.952616
          ],
          [
            106.001458,
            -5.950676
          ],
          [
            106.002139,
            -5.949248
          ],
          [
            106.002819,
            -5.94782
          ],
          [
            106.002724,
            -5.947029
          ],
          [
            106.00263,
            -5.946237
          ],
          [
            106.00257,
            -5.945759
          ],
          [
            106.002511,
            -5.94528
          ],
          [
            106.00276,
            -5.944396
          ],
          [
            106.003009,
            -5.943513
          ],
          [
            106.002673,
            -5.942709
          ],
          [
            106.002337,
            -5.941905
          ],
          [
            106.001881,
            -5.941111
          ],
          [
            106.001426,
            -5.940317
          ],
          [
            106.001327,
            -5.939709
          ],
          [
            106.001228,
            -5.9391
          ],
          [
            106.001695,
            -5.937857
          ],
          [
            106.002163,
            -5.936613
          ],
          [
            106.002003,
            -5.93584
          ],
          [
            106.001842,
            -5.935067
          ],
          [
            106.00157,
            -5.935282
          ],
          [
            106.001298,
            -5.935498
          ],
          [
            106.000902,
            -5.935544
          ],
          [
            106.000507,
            -5.93559
          ],
          [
            106.000125,
            -5.935287
          ],
          [
            105.999744,
            -5.934983
          ],
          [
            105.999501,
            -5.934755
          ],
          [
            105.999257,
            -5.934526
          ],
          [
            105.998408,
            -5.933298
          ],
          [
            105.99756,
            -5.932069
          ]
        ]
      }
    },
    {
      "type": "Feature",
      "properties": {
        "trip_id": 62,
        "nama": "Trip 62 (K-12)",
        "kendaraan": "Truk tangki 24KL",
        "kode_kendaraan": "K-12",
        "trayek": "Cilegon \u2013 Merak",
        "arah": "Gerbang Pelabuhan Merak ke Depo Cilegon",
        "hari": "Minggu",
        "tanggal": "09-03-2025",
        "jam_mulai": "10:09",
        "jam_selesai": "10:38",
        "jam_berangkat": 10,
        "durasi_menit": 29.7,
        "kecepatan_rata": 22.9,
        "kecepatan_maks": 32.1,
        "jumlah_titik": 89,
        "jarak_km": 11.34,
        "liter_total": 4.01,
        "liter_jalan": 3.98,
        "liter_idle": 0.03,
        "menit_idle": 1.1,
        "liter_per_100km": 35.36,
        "km_per_liter": 2.85,
        "biaya_rp": 27268,
        "liter_boros": 0.47,
        "biaya_boros_rp": 3196,
        "jenis_bbm": "Biosolar",
        "harga_per_liter": 6800,
        "malam": false,
        "status_efisiensi": "Normal"
      },
      "geometry": {
        "type": "LineString",
        "coordinates": [
          [
            105.99756,
            -5.932069
          ],
          [
            105.998408,
            -5.933298
          ],
          [
            105.999257,
            -5.934526
          ],
          [
            105.999501,
            -5.934755
          ],
          [
            105.999744,
            -5.934983
          ],
          [
            106.000125,
            -5.935287
          ],
          [
            106.000507,
            -5.93559
          ],
          [
            106.000902,
            -5.935544
          ],
          [
            106.001298,
            -5.935498
          ],
          [
            106.00157,
            -5.935282
          ],
          [
            106.001842,
            -5.935067
          ],
          [
            106.002003,
            -5.93584
          ],
          [
            106.002163,
            -5.936613
          ],
          [
            106.001695,
            -5.937857
          ],
          [
            106.001228,
            -5.9391
          ],
          [
            106.001327,
            -5.939709
          ],
          [
            106.001426,
            -5.940317
          ],
          [
            106.001881,
            -5.941111
          ],
          [
            106.002337,
            -5.941905
          ],
          [
            106.002673,
            -5.942709
          ],
          [
            106.003009,
            -5.943513
          ],
          [
            106.00276,
            -5.944396
          ],
          [
            106.002511,
            -5.94528
          ],
          [
            106.00257,
            -5.945759
          ],
          [
            106.00263,
            -5.946237
          ],
          [
            106.002724,
            -5.947029
          ],
          [
            106.002819,
            -5.94782
          ],
          [
            106.002139,
            -5.949248
          ],
          [
            106.001458,
            -5.950676
          ],
          [
            106.000428,
            -5.952616
          ],
          [
            105.999397,
            -5.954557
          ],
          [
            105.999547,
            -5.956166
          ],
          [
            105.999696,
            -5.957774
          ],
          [
            105.999981,
            -5.959478
          ],
          [
            106.000267,
            -5.961181
          ],
          [
            106.001184,
            -5.962492
          ],
          [
            106.002102,
            -5.963803
          ],
          [
            106.002783,
            -5.964886
          ],
          [
            106.003464,
            -5.965969
          ],
          [
            106.003848,
            -5.966814
          ],
          [
            106.004231,
            -5.967658
          ],
          [
            106.004582,
            -5.968457
          ],
          [
            106.004933,
            -5.969255
          ],
          [
            106.005387,
            -5.970118
          ],
          [
            106.005842,
            -5.97098
          ],
          [
            106.006035,
            -5.971376
          ],
          [
            106.006228,
            -5.971771
          ],
          [
            106.006949,
            -5.97308
          ],
          [
            106.007671,
            -5.974388
          ],
          [
            106.008176,
            -5.975195
          ],
          [
            106.008682,
            -5.976001
          ],
          [
            106.008462,
            -5.976517
          ],
          [
            106.008242,
            -5.977033
          ],
          [
            106.008246,
            -5.977447
          ],
          [
            106.008249,
            -5.977861
          ],
          [
            106.008464,
            -5.979058
          ],
          [
            106.008678,
            -5.980255
          ],
          [
            106.008845,
            -5.981001
          ],
          [
            106.009012,
            -5.981748
          ],
          [
            106.009352,
            -5.982049
          ],
          [
            106.009692,
            -5.98235
          ],
          [
            106.010437,
            -5.982596
          ],
          [
            106.011183,
            -5.982843
          ],
          [
            106.012154,
            -5.98294
          ],
          [
            106.013125,
            -5.983037
          ],
          [
            106.01394,
            -5.983088
          ],
          [
            106.014755,
            -5.983139
          ],
          [
            106.0156,
            -5.983546
          ],
          [
            106.016445,
            -5.983953
          ],
          [
            106.016956,
            -5.984452
          ],
          [
            106.017468,
            -5.984952
          ],
          [
            106.017923,
            -5.985682
          ],
          [
            106.018379,
            -5.986412
          ],
          [
            106.018991,
            -5.986827
          ],
          [
            106.019603,
            -5.987242
          ],
          [
            106.020783,
            -5.987707
          ],
          [
            106.021964,
            -5.988172
          ],
          [
            106.022945,
            -5.988786
          ],
          [
            106.023927,
            -5.9894
          ],
          [
            106.025858,
            -5.990295
          ],
          [
            106.027789,
            -5.991189
          ],
          [
            106.027873,
            -5.992765
          ],
          [
            106.027958,
            -5.994341
          ],
          [
            106.025236,
            -5.995042
          ],
          [
            106.022514,
            -5.995743
          ],
          [
            106.022499,
            -5.999045
          ],
          [
            106.022484,
            -6.002348
          ],
          [
            106.023636,
            -6.002619
          ],
          [
            106.024787,
            -6.00289
          ]
        ]
      }
    },
    {
      "type": "Feature",
      "properties": {
        "trip_id": 63,
        "nama": "Trip 63 (K-12)",
        "kendaraan": "Truk tangki 24KL",
        "kode_kendaraan": "K-12",
        "trayek": "Cilegon \u2013 Merak",
        "arah": "Gerbang Pelabuhan Merak ke Depo Cilegon",
        "hari": "Minggu",
        "tanggal": "09-03-2025",
        "jam_mulai": "16:31",
        "jam_selesai": "17:36",
        "jam_berangkat": 16,
        "durasi_menit": 65.6,
        "kecepatan_rata": 10.3,
        "kecepatan_maks": 16.2,
        "jumlah_titik": 89,
        "jarak_km": 11.29,
        "liter_total": 4.57,
        "liter_jalan": 4.43,
        "liter_idle": 0.14,
        "menit_idle": 3.6,
        "liter_per_100km": 40.48,
        "km_per_liter": 2.55,
        "biaya_rp": 31076,
        "liter_boros": 1.04,
        "biaya_boros_rp": 7072,
        "jenis_bbm": "Biosolar",
        "harga_per_liter": 6800,
        "malam": false,
        "status_efisiensi": "Boros"
      },
      "geometry": {
        "type": "LineString",
        "coordinates": [
          [
            105.99756,
            -5.932069
          ],
          [
            105.998408,
            -5.933298
          ],
          [
            105.999257,
            -5.934526
          ],
          [
            105.999501,
            -5.934755
          ],
          [
            105.999744,
            -5.934983
          ],
          [
            106.000125,
            -5.935287
          ],
          [
            106.000507,
            -5.93559
          ],
          [
            106.000902,
            -5.935544
          ],
          [
            106.001298,
            -5.935498
          ],
          [
            106.00157,
            -5.935282
          ],
          [
            106.001842,
            -5.935067
          ],
          [
            106.002003,
            -5.93584
          ],
          [
            106.002163,
            -5.936613
          ],
          [
            106.001695,
            -5.937857
          ],
          [
            106.001228,
            -5.9391
          ],
          [
            106.001327,
            -5.939709
          ],
          [
            106.001426,
            -5.940317
          ],
          [
            106.001881,
            -5.941111
          ],
          [
            106.002337,
            -5.941905
          ],
          [
            106.002673,
            -5.942709
          ],
          [
            106.003009,
            -5.943513
          ],
          [
            106.00276,
            -5.944396
          ],
          [
            106.002511,
            -5.94528
          ],
          [
            106.00257,
            -5.945759
          ],
          [
            106.00263,
            -5.946237
          ],
          [
            106.002724,
            -5.947029
          ],
          [
            106.002819,
            -5.94782
          ],
          [
            106.002139,
            -5.949248
          ],
          [
            106.001458,
            -5.950676
          ],
          [
            106.000428,
            -5.952616
          ],
          [
            105.999397,
            -5.954557
          ],
          [
            105.999547,
            -5.956166
          ],
          [
            105.999696,
            -5.957774
          ],
          [
            105.999981,
            -5.959478
          ],
          [
            106.000267,
            -5.961181
          ],
          [
            106.001184,
            -5.962492
          ],
          [
            106.002102,
            -5.963803
          ],
          [
            106.002783,
            -5.964886
          ],
          [
            106.003464,
            -5.965969
          ],
          [
            106.003848,
            -5.966814
          ],
          [
            106.004231,
            -5.967658
          ],
          [
            106.004582,
            -5.968457
          ],
          [
            106.004933,
            -5.969255
          ],
          [
            106.005387,
            -5.970118
          ],
          [
            106.005842,
            -5.97098
          ],
          [
            106.006035,
            -5.971376
          ],
          [
            106.006228,
            -5.971771
          ],
          [
            106.006949,
            -5.97308
          ],
          [
            106.007671,
            -5.974388
          ],
          [
            106.008176,
            -5.975195
          ],
          [
            106.008682,
            -5.976001
          ],
          [
            106.008462,
            -5.976517
          ],
          [
            106.008242,
            -5.977033
          ],
          [
            106.008246,
            -5.977447
          ],
          [
            106.008249,
            -5.977861
          ],
          [
            106.008464,
            -5.979058
          ],
          [
            106.008678,
            -5.980255
          ],
          [
            106.008845,
            -5.981001
          ],
          [
            106.009012,
            -5.981748
          ],
          [
            106.009352,
            -5.982049
          ],
          [
            106.009692,
            -5.98235
          ],
          [
            106.010437,
            -5.982596
          ],
          [
            106.011183,
            -5.982843
          ],
          [
            106.012154,
            -5.98294
          ],
          [
            106.013125,
            -5.983037
          ],
          [
            106.01394,
            -5.983088
          ],
          [
            106.014755,
            -5.983139
          ],
          [
            106.0156,
            -5.983546
          ],
          [
            106.016445,
            -5.983953
          ],
          [
            106.016956,
            -5.984452
          ],
          [
            106.017468,
            -5.984952
          ],
          [
            106.017923,
            -5.985682
          ],
          [
            106.018379,
            -5.986412
          ],
          [
            106.018991,
            -5.986827
          ],
          [
            106.019603,
            -5.987242
          ],
          [
            106.020783,
            -5.987707
          ],
          [
            106.021964,
            -5.988172
          ],
          [
            106.022945,
            -5.988786
          ],
          [
            106.023927,
            -5.9894
          ],
          [
            106.025858,
            -5.990295
          ],
          [
            106.027789,
            -5.991189
          ],
          [
            106.027873,
            -5.992765
          ],
          [
            106.027958,
            -5.994341
          ],
          [
            106.025236,
            -5.995042
          ],
          [
            106.022514,
            -5.995743
          ],
          [
            106.022499,
            -5.999045
          ],
          [
            106.022484,
            -6.002348
          ],
          [
            106.023636,
            -6.002619
          ],
          [
            106.024787,
            -6.00289
          ]
        ]
      }
    }
  ]
}